{"content":[],"settings":{"template":"default","system_colors":[{"_id":"primary","title":"Primary"},{"_id":"secondary","title":"Secondary"},{"_id":"text","title":"Text"},{"_id":"accent","title":"Accent"}],"custom_colors":[],"system_typography":[{"_id":"primary","title":"Primary","typography_font_family":"Antic Didone","typography_font_weight":"600","typography_font_size":{"unit":"px","size":96,"sizes":[]},"typography_line_height":{"unit":"em","size":1,"sizes":[]}},{"_id":"secondary","title":"Secondary","typography_font_family":"Inter","typography_font_weight":"400","typography_font_size":{"unit":"px","size":24,"sizes":[]},"typography_line_height":{"unit":"em","size":1,"sizes":[]}},{"_id":"text","title":"Text","typography_font_family":"Inter","typography_font_weight":"400","typography_font_size":{"unit":"px","size":16,"sizes":[]},"typography_line_height":{"unit":"em","size":1.6,"sizes":[]}},{"_id":"accent","title":"Accent","typography_font_family":"Inter","typography_font_weight":"400","typography_font_size":{"unit":"px","size":16,"sizes":[]}}],"custom_typography":[],"default_generic_fonts":"Sans-serif","page_title_selector":"h1.entry-title","active_breakpoints":["viewport_mobile","viewport_tablet","viewport_laptop","viewport_widescreen"],"hello_footer_copyright_text":"All rights reserved","viewport_md":768,"viewport_lg":1025,"colors_enable_styleguide_preview":"yes","activeItemIndex":1,"typography_enable_styleguide_preview":"yes","body_color":"#191919","body_typography_font_family":"Inter","body_typography_font_size":{"unit":"px","size":16,"sizes":[]},"body_typography_font_weight":"400","body_typography_line_height":{"unit":"em","size":1.6,"sizes":[]},"link_normal_color":"#191919","link_normal_typography_font_family":"Inter","link_normal_typography_font_size":{"unit":"px","size":16,"sizes":[]},"link_normal_typography_font_weight":"400","h1_color":"#191919","h1_typography_font_family":"Antic Didone","h1_typography_font_size":{"unit":"px","size":96,"sizes":[]},"h1_typography_font_weight":"600","h1_typography_line_height":{"unit":"em","size":1,"sizes":[]},"h2_color":"#191919","h2_typography_font_family":"Inter","h2_typography_font_size":{"unit":"px","size":56,"sizes":[]},"h2_typography_font_weight":"400","h2_typography_line_height":{"unit":"em","size":1,"sizes":[]},"h3_typography_font_size":{"unit":"px","size":28,"sizes":[]},"h3_typography_font_weight":"500","h3_typography_line_height":{"unit":"em","size":1,"sizes":[]},"h4_typography_font_family":"Inter","h4_typography_font_size":{"unit":"px","size":26,"sizes":[]},"h4_typography_font_weight":"500","h4_typography_line_height":{"unit":"em","size":1,"sizes":[]},"h5_typography_font_family":"Inter","h5_typography_font_size":{"unit":"px","size":24,"sizes":[]},"h5_typography_font_weight":"500","h5_typography_line_height":{"unit":"em","size":1,"sizes":[]},"h6_typography_font_size":{"unit":"px","size":22,"sizes":[]},"h6_typography_font_weight":"500","h6_typography_line_height":{"unit":"em","size":1,"sizes":[]},"button_border_border":"none","__globals__":{"body_typography_typography":"","body_color":"globals\/colors?id=text","link_normal_color":"globals\/colors?id=accent","link_normal_typography_typography":"","h1_color":"globals\/colors?id=primary","h1_typography_typography":"","h2_color":"globals\/colors?id=primary","h3_color":"globals\/colors?id=primary","h4_color":"globals\/colors?id=primary","h5_color":"globals\/colors?id=primary","h6_color":"globals\/colors?id=primary","button_typography_typography":"globals\/typography?id=accent","button_background_color":"globals\/colors?id=primary"}},"metadata":[],"theme":{"name":"Hello Elementor","theme_uri":"https:\/\/elementor.com\/hello-theme\/?utm_source=wp-themes&utm_campaign=theme-uri&utm_medium=wp-dash","version":"3.4.4","slug":"hello-elementor"},"experiments":{"e_font_icon_svg":{"name":"e_font_icon_svg","title":"Inline Font Icons","state":"default","default":"active","release_status":"stable"},"additional_custom_breakpoints":{"name":"additional_custom_breakpoints","title":"Additional Custom Breakpoints","state":"default","default":"active","release_status":"stable"},"container":{"name":"container","title":"Container","state":"default","default":"active","release_status":"stable"},"e_optimized_markup":{"name":"e_optimized_markup","title":"Optimized Markup","state":"default","default":"inactive","release_status":"stable"},"theme_builder_v2":{"name":"theme_builder_v2","title":"Default to New Theme Builder","state":"default","default":"active","release_status":"stable"},"hello-theme-header-footer":{"name":"hello-theme-header-footer","title":"Header &amp; Footer","state":"default","default":"active","release_status":"stable"},"e_pro_free_trial_popup":{"name":"e_pro_free_trial_popup","title":"Pro Free Trial Popup","state":"default","default":"inactive","release_status":"alpha"},"nested-elements":{"name":"nested-elements","title":"Nested Elements","state":"default","default":"active","release_status":"stable"},"pages_panel":{"name":"pages_panel","title":"Pages Panel","state":"default","default":"inactive","release_status":"alpha"},"home_screen":{"name":"home_screen","title":"Elementor Home Screen","state":"default","default":"active","release_status":"stable"},"e_atomic_elements":{"name":"e_atomic_elements","title":"Atomic Widgets","state":"default","default":"inactive","release_status":"alpha"},"e_classes":{"name":"e_classes","title":"Global Classes","state":"default","default":"inactive","release_status":"alpha"},"global_classes_should_enforce_capabilities":{"name":"global_classes_should_enforce_capabilities","title":"Enforce global classes capabilities","state":"default","default":"active","release_status":"dev"},"e_variables":{"name":"e_variables","title":"Variables","state":"default","default":"active","release_status":"alpha"},"cloud-library":{"name":"cloud-library","title":"Cloud Library","state":"default","default":"active","release_status":"stable"},"e_opt_in_v4_page":{"name":"e_opt_in_v4_page","title":"Editor v4 (Opt In Page)","state":"default","default":"active","release_status":"alpha"},"e_opt_in_v4":{"name":"e_opt_in_v4","title":"Editor V4","state":"default","default":"inactive","release_status":"alpha"},"e_components":{"name":"e_components","title":"Components","state":"default","default":"inactive","release_status":"dev"},"import-export-customization":{"name":"import-export-customization","title":"Import\/Export Customization","state":"default","default":"active","release_status":"beta"},"mega-menu":{"name":"mega-menu","title":"Menu","state":"default","default":"inactive","release_status":"beta"},"editor_events":{"name":"editor_events","title":"Elementor Editor Events","state":"default","default":"inactive","release_status":"alpha"}}}