{"content":[],"settings":{"template":"default","system_colors":[{"_id":"primary","title":"Primary","color":"#6EC1E4"},{"_id":"secondary","title":"Secondary","color":"#54595F"},{"_id":"text","title":"Text","color":"#7A7A7A"},{"_id":"accent","title":"Accent","color":"#61CE70"}],"custom_colors":[],"system_typography":[{"_id":"primary","title":"Primary","typography_typography":"custom","typography_font_family":"Roboto","typography_font_weight":"600"},{"_id":"secondary","title":"Secondary","typography_typography":"custom","typography_font_family":"Roboto Slab","typography_font_weight":"400"},{"_id":"text","title":"Text","typography_typography":"custom","typography_font_family":"Roboto","typography_font_weight":"400"},{"_id":"accent","title":"Accent","typography_typography":"custom","typography_font_family":"Roboto","typography_font_weight":"500"}],"custom_typography":[],"default_generic_fonts":"Sans-serif","space_between_widgets":{"column":"5","row":"5","isLinked":true,"unit":"px","size":5},"page_title_selector":"h1.entry-title","hello_footer_copyright_text":"All rights reserved","viewport_md":768,"viewport_lg":1025},"metadata":[]}