{"content":[{"id":"14a6b318","settings":{"flex_direction":"row","content_width":"full","flex_justify_content":"space-between","flex_align_items":"center","margin":{"unit":"px","top":"0","right":"0","bottom":"0","left":"0","isLinked":false},"padding":{"unit":"%","top":"2","right":"10","bottom":"2","left":"10","isLinked":false},"padding_widescreen":{"unit":"%","top":"","right":"","bottom":"","left":"","isLinked":true},"padding_laptop":{"unit":"%","top":"2","right":"6","bottom":"2","left":"6","isLinked":false},"padding_tablet":{"unit":"%","top":"0","right":"3","bottom":"0","left":"3","isLinked":false},"padding_mobile":{"unit":"%","top":"0","right":"4","bottom":"0","left":"4","isLinked":false},"hide_tablet":"hidden-tablet","hide_mobile":"hidden-mobile","_title":"Desktop Header","z_index":100,"background_color":"#000000","flex_gap":{"column":"0","row":"0","isLinked":false,"unit":"px","size":0}},"elements":[{"id":"5c7424f5","settings":{"content_width":"full","width":{"unit":"%","size":12,"sizes":[]},"margin":{"unit":"px","top":"0","right":"0","bottom":"0","left":"0","isLinked":false},"padding":{"unit":"px","top":"0","right":"0","bottom":"0","left":"0","isLinked":false}},"elements":[{"id":"18a78267","settings":{"image":{"url":"https:\/\/yellow-magpie-125839.hostingersite.com\/wp-content\/uploads\/2025\/06\/3-e1751379944925.png","id":1716,"size":"","alt":"","source":"library"},"image_size":"full","align":"left","width":{"unit":"%","size":87,"sizes":[]},"_element_custom_width":{"unit":"%","size":19,"sizes":[]},"_margin":{"unit":"px","top":"-8","right":"0","bottom":"0","left":"0","isLinked":false},"link_to":"custom","__dynamic__":{"link":"[elementor-tag id=\"e3d0e6a\" name=\"site-url\" settings=\"%7B%7D\"]"}},"elements":[],"isInner":false,"widgetType":"image","elType":"widget"}],"isInner":true,"elType":"container"},{"id":"50070592","settings":{"content_width":"full","width":{"unit":"%","size":70,"sizes":[]},"flex_direction":"row","flex_justify_content":"flex-start","flex_align_items":"center","flex_gap":{"column":"5","row":"5","isLinked":true,"unit":"px","size":5},"margin":{"unit":"px","top":"0","right":"0","bottom":"0","left":"0","isLinked":false},"padding":{"unit":"px","top":"0","right":"0","bottom":"0","left":"0","isLinked":false}},"elements":[{"id":"232c4fdd","settings":{"title":"","header_size":"p","typography_typography":"custom","typography_font_family":"Plus Jakarta Sans","typography_font_size":{"unit":"px","size":20,"sizes":[]},"typography_font_weight":"500","title_color":"#FFFFFF","__dynamic__":{"link":"[elementor-tag id=\"fae8ae2\" name=\"site-url\" settings=\"%7B%7D\"]"}},"elements":[],"isInner":false,"widgetType":"heading","elType":"widget"},{"id":"8737a66","settings":{"menu_name":"Menu","menu":"main-menu","pointer":"none","menu_typography_typography":"custom","menu_typography_font_family":"DM Sans","menu_typography_font_size":{"unit":"px","size":16,"sizes":[]},"menu_typography_font_weight":"400","color_menu_item":"#FFFFFF","color_menu_item_hover":"#000000","color_menu_item_active":"#000000","padding_horizontal_menu_item":{"unit":"px","size":15,"sizes":[]},"padding_vertical_menu_item":{"unit":"px","size":18,"sizes":[]},"menu_space_between":{"unit":"px","size":7,"sizes":[]},"menu_typography_line_height":{"unit":"px","size":5,"sizes":[]},"menu_typography_letter_spacing":{"unit":"px","size":0.9,"sizes":[]},"_margin":{"unit":"px","top":"0","right":"0","bottom":"0","left":"0","isLinked":false},"_padding":{"unit":"px","top":"10","right":"10","bottom":"10","left":"5","isLinked":false},"_element_custom_width":{"unit":"%","size":60,"sizes":[]},"_background_color":"#191919","_border_radius":{"unit":"px","top":"200","right":"200","bottom":"200","left":"200","isLinked":true},"menu_id":6},"elements":[],"isInner":false,"widgetType":"nav-menu","elType":"widget"}],"isInner":true,"elType":"container"},{"id":"79d17cd","settings":{"content_width":"full","width":{"unit":"%","size":30,"sizes":[]},"margin":{"unit":"px","top":"0","right":"0","bottom":"0","left":"0","isLinked":false},"padding":{"unit":"px","top":"0","right":"0","bottom":"0","left":"0","isLinked":false}},"elements":[{"id":"214a5050","settings":{"text":"Let\u2019s Talk Green","icon_align":"row-reverse","icon_indent":{"unit":"px","size":10,"sizes":[]},"typography_typography":"custom","typography_font_family":"Plus Jakarta Sans","typography_font_size":{"unit":"px","size":16,"sizes":[]},"typography_font_weight":"500","button_text_color":"#000000","background_color":"#FFFFFF","hover_color":"#FFFFFF","button_background_hover_color":"#00000000","border_border":"solid","border_width":{"unit":"px","top":"1","right":"1","bottom":"1","left":"1","isLinked":true},"border_color":"#FFFFFF","border_radius":{"unit":"px","top":"100","right":"100","bottom":"100","left":"100","isLinked":true},"text_padding":{"unit":"px","top":"16","right":"24","bottom":"16","left":"24","isLinked":false},"_animation":"none","_animation_delay":150,"_element_custom_width_tablet":{"unit":"%","size":27,"sizes":[]},"_element_custom_width_mobile":{"unit":"%","size":"","sizes":[]},"link":{"url":"https:\/\/yellow-magpie-125839.hostingersite.com\/contact\/","is_external":"","nofollow":"","custom_attributes":""},"align":"right","__dynamic__":[]},"elements":[],"isInner":false,"widgetType":"button","elType":"widget"}],"isInner":true,"elType":"container"}],"isInner":false,"elType":"container"},{"id":"49eb773","settings":{"flex_direction":"row","content_width":"full","flex_justify_content":"space-between","flex_align_items":"center","margin":{"unit":"px","top":"0","right":"0","bottom":"0","left":"0","isLinked":false},"padding":{"unit":"%","top":"2","right":"10","bottom":"2","left":"10","isLinked":false},"padding_widescreen":{"unit":"%","top":"","right":"","bottom":"","left":"","isLinked":true},"padding_laptop":{"unit":"%","top":"2","right":"6","bottom":"2","left":"6","isLinked":false},"padding_tablet":{"unit":"%","top":"2","right":"3","bottom":"2","left":"3","isLinked":false},"padding_mobile":{"unit":"%","top":"4","right":"4","bottom":"2","left":"4","isLinked":false},"_title":"Mobile Header","z_index":100,"hide_widescreen":"hidden-widescreen","hide_desktop":"hidden-desktop","hide_laptop":"hidden-laptop","width_mobile":{"unit":"%","size":100,"sizes":[]},"flex_direction_mobile":"row","flex_justify_content_mobile":"flex-start","background_color":"#000000"},"elements":[{"id":"4e74af5a","settings":{"content_width":"full","width":{"unit":"%","size":100,"sizes":[]},"flex_direction":"row","flex_justify_content":"space-between","flex_align_items":"center","flex_gap":{"column":"30","row":"30","isLinked":true,"unit":"px","size":30},"margin":{"unit":"px","top":"0","right":"0","bottom":"0","left":"0","isLinked":false},"padding":{"unit":"px","top":"0","right":"0","bottom":"0","left":"0","isLinked":false},"width_mobile":{"unit":"%","size":44,"sizes":[]}},"elements":[{"id":"425d949f","settings":{"image":{"url":"https:\/\/yellow-magpie-125839.hostingersite.com\/wp-content\/uploads\/2025\/06\/3-e1751379944925.png","id":1716,"size":"","alt":"","source":"library"},"image_size":"full","align":"left","width":{"unit":"%","size":87,"sizes":[]},"_element_custom_width":{"unit":"%","size":19,"sizes":[]},"_margin":{"unit":"px","top":"-8","right":"0","bottom":"0","left":"0","isLinked":false},"link_to":"custom","__dynamic__":{"link":"[elementor-tag id=\"e3d0e6a\" name=\"site-url\" settings=\"%7B%7D\"]"},"width_tablet":{"unit":"%","size":32,"sizes":[]},"width_mobile":{"unit":"%","size":75,"sizes":[]}},"elements":[],"isInner":false,"widgetType":"image","elType":"widget"}],"isInner":true,"elType":"container"},{"id":"30c0bbae","settings":{"content_width":"full","width":{"unit":"%","size":100,"sizes":[]},"flex_direction":"row","flex_justify_content":"space-between","flex_align_items":"center","flex_gap":{"column":"30","row":"30","isLinked":true,"unit":"px","size":30},"margin":{"unit":"px","top":"0","right":"0","bottom":"0","left":"0","isLinked":false},"padding":{"unit":"px","top":"0","right":"0","bottom":"0","left":"0","isLinked":false},"width_mobile":{"unit":"%","size":49,"sizes":[]},"flex_justify_content_tablet":"flex-end","flex_justify_content_mobile":"flex-end","flex_align_items_tablet":"center","flex_align_items_mobile":"flex-end"},"elements":[{"id":"73620ab9","settings":{"selected_icon":{"value":" icon_menu-square_alt2","library":"skb_cife-elegant-icon"},"primary_color":"#FFFFFF","size":{"unit":"px","size":30,"sizes":[]},"__dynamic__":{"link":"[elementor-tag id=\"e35a999\" name=\"popup\" settings=\"%7B%22popup%22%3A%221468%22%7D\"]"},"size_tablet":{"unit":"px","size":35,"sizes":[]}},"elements":[],"isInner":false,"widgetType":"icon","elType":"widget"}],"isInner":true,"elType":"container"}],"isInner":false,"elType":"container"},{"id":"7a393896","settings":{"margin":{"unit":"px","top":"0","right":"0","bottom":"0","left":"0","isLinked":false},"padding":{"unit":"px","top":"0","right":"0","bottom":"0","left":"0","isLinked":false},"z_index":140,"_title":"Container","hide_tablet":"hidden-tablet","hide_mobile":"hidden-mobile"},"elements":[{"id":"2fb31b27","settings":{"html":"<style>\n\n\/*main menu area css start*\/\nnav.elementor-nav-menu--main ul li a:hover, nav.elementor-nav-menu--main ul li a.elementor-item.elementor-item-active {\n    background: #FFFFFF;\n    border-radius: 100px;\n\n}\n.elementor-menu-toggle {\n    padding: 8px;\n}\n\/*main menu area css end*\/\n\n<\/style>"},"elements":[],"isInner":false,"widgetType":"html","elType":"widget"}],"isInner":false,"elType":"container"}],"settings":[],"metadata":[]}