{"content":[{"id":"1909c8a3","settings":{"flex_direction":"row","content_width":"full","flex_justify_content":"space-between","flex_align_items":"center","background_background":"classic","margin":{"unit":"px","top":"0","right":"0","bottom":"0","left":"0","isLinked":false},"padding":{"unit":"%","top":"2","right":"10","bottom":"2","left":"10","isLinked":false},"padding_widescreen":{"unit":"%","top":"","right":"","bottom":"","left":"","isLinked":true},"padding_laptop":{"unit":"%","top":"2","right":"6","bottom":"2","left":"6","isLinked":false},"padding_tablet":{"unit":"%","top":"2","right":"3","bottom":"2","left":"3","isLinked":false},"padding_mobile":{"unit":"%","top":"4","right":"4","bottom":"2","left":"4","isLinked":false},"_title":"Mobile Header"},"elements":[{"id":"231429a1","settings":{"content_width":"full","width":{"unit":"%","size":100,"sizes":[]},"flex_direction":"row","flex_justify_content":"space-between","flex_align_items":"center","flex_gap":{"column":"30","row":"30","isLinked":true,"unit":"px","size":30},"margin":{"unit":"px","top":"0","right":"0","bottom":"0","left":"0","isLinked":false},"padding":{"unit":"px","top":"0","right":"0","bottom":"0","left":"0","isLinked":false}},"elements":[{"id":"30b70e","settings":{"image":{"url":"https:\/\/yellow-magpie-125839.hostingersite.com\/wp-content\/uploads\/2025\/06\/3-e1751379944925.png","id":1716,"size":"","alt":"","source":"library"},"image_size":"full","align":"left","width":{"unit":"%","size":10,"sizes":[]},"_element_custom_width":{"unit":"%","size":19,"sizes":[]},"_margin":{"unit":"px","top":"-8","right":"0","bottom":"0","left":"0","isLinked":false},"__dynamic__":[],"width_tablet":{"unit":"%","size":19,"sizes":[]},"width_mobile":{"unit":"%","size":37,"sizes":[]},"_element_width_mobile":"initial","_element_custom_width_mobile":{"unit":"px","size":274,"sizes":[]}},"elements":[],"isInner":false,"widgetType":"image","elType":"widget"},{"id":"1af1adb5","settings":{"selected_icon":{"value":"fas fa-plus","library":"fa-solid"},"primary_color":"#FFFFFF","size":{"unit":"px","size":27,"sizes":[]},"rotate":{"unit":"deg","size":45,"sizes":[]},"_animation":"fadeIn","__dynamic__":{"link":"[elementor-tag id=\"5896793\" name=\"popup\" settings=\"%7B%22action%22%3A%22close%22%7D\"]"}},"elements":[],"isInner":false,"widgetType":"icon","elType":"widget"}],"isInner":true,"elType":"container"}],"isInner":false,"elType":"container"},{"id":"fc759cd","settings":{"flex_direction":"row","content_width":"full","flex_justify_content":"space-between","flex_align_items":"center","background_background":"classic","margin":{"unit":"px","top":"25","right":"0","bottom":"0","left":"0","isLinked":false},"margin_tablet":{"unit":"px","top":"35","right":"0","bottom":"0","left":"0","isLinked":false},"margin_mobile":{"unit":"px","top":"40","right":"0","bottom":"0","left":"0","isLinked":false},"padding":{"unit":"%","top":"2","right":"5","bottom":"2","left":"5","isLinked":false},"padding_widescreen":{"unit":"%","top":"","right":"","bottom":"","left":"","isLinked":true},"padding_laptop":{"unit":"%","top":"2","right":"2","bottom":"2","left":"2","isLinked":false},"padding_tablet":{"unit":"%","top":"2","right":"3","bottom":"2","left":"3","isLinked":false},"padding_mobile":{"unit":"%","top":"2","right":"4","bottom":"2","left":"5","isLinked":false},"_title":"Mobile Header","background_color":"#000000","border_border":"solid","border_width_mobile":{"unit":"px","top":"1","right":"1","bottom":"1","left":"1","isLinked":true},"border_color":"#000000"},"elements":[{"id":"1a12519a","settings":{"content_width":"full","width":{"unit":"%","size":100,"sizes":[]},"flex_direction":"column","flex_justify_content":"space-between","flex_align_items":"flex-start","flex_gap":{"column":"30","row":"30","isLinked":true,"unit":"px","size":30},"margin":{"unit":"px","top":"0","right":"0","bottom":"0","left":"0","isLinked":false},"padding":{"unit":"px","top":"0","right":"0","bottom":"0","left":"0","isLinked":false},"border_border":"solid","border_width_mobile":{"unit":"px","top":"1","right":"1","bottom":"1","left":"1","isLinked":true},"border_color":"#000000"},"elements":[{"id":"3a069bad","settings":{"icon_list":[{"text":"Home","selected_icon":{"value":"","library":""},"_id":"09b563c","link":{"url":"https:\/\/yellow-magpie-125839.hostingersite.com\/","is_external":"","nofollow":"","custom_attributes":""},"__dynamic__":{"link":"[elementor-tag id=\"8a53f84\" name=\"internal-url\" settings=\"%7B%22type%22%3A%22post%22%2C%22post_id%22%3A%2212%22%7D\"]"}},{"text":"What We Do","selected_icon":{"value":"","library":""},"link":{"url":"https:\/\/yellow-magpie-125839.hostingersite.com\/what-we-do\/","is_external":"","nofollow":"","custom_attributes":""},"_id":"de6e863"},{"text":"About us","selected_icon":{"value":"","library":""},"link":{"url":"https:\/\/yellow-magpie-125839.hostingersite.com\/about-us\/","is_external":"","nofollow":"","custom_attributes":""},"_id":"4b3d0f5"},{"text":"Contact us","selected_icon":{"value":"","library":""},"link":{"url":"https:\/\/yellow-magpie-125839.hostingersite.com\/contact\/","is_external":"","nofollow":"","custom_attributes":""},"_id":"fa3cb9a"}],"space_between_tablet":{"unit":"px","size":8,"sizes":[]},"icon_typography_typography":"custom","icon_typography_font_family":"Bai Jamjuree","icon_typography_font_size_laptop":{"unit":"px","size":30,"sizes":[]},"icon_typography_font_size_tablet":{"unit":"px","size":33,"sizes":[]},"icon_typography_font_weight":"500","text_color":"#FFFFFF","__globals__":{"text_color_hover":"globals\/colors?id=secondary"},"_border_border":"solid","_border_width_mobile":{"unit":"px","top":"1","right":"1","bottom":"1","left":"1","isLinked":true},"_border_color":"#000000"},"elements":[],"isInner":false,"widgetType":"icon-list","elType":"widget"},{"id":"743b8e27","settings":{"icon_list":[{"text":"Call us","selected_icon":{"value":"fas fa-phone-square-alt","library":"fa-solid"},"_id":"b9fe921"},{"text":"hi@greenbird.com","selected_icon":{"value":"fas fa-envelope","library":"fa-solid"},"_id":"577ea14"}],"icon_typography_typography":"custom","icon_typography_font_family":"Bai Jamjuree","icon_typography_font_size":{"unit":"px","size":26,"sizes":[]},"icon_typography_font_weight":"500","icon_typography_line_height":{"unit":"px","size":27,"sizes":[]},"space_between":{"unit":"px","size":10,"sizes":[]},"icon_typography_font_size_mobile":{"unit":"px","size":15,"sizes":[]},"text_color":"#FFFFFF","icon_color":"#FFFFFF","icon_color_hover":"#FFFFFF","icon_size":{"unit":"px","size":22,"sizes":[]}},"elements":[],"isInner":false,"widgetType":"icon-list","elType":"widget"}],"isInner":true,"elType":"container"}],"isInner":false,"elType":"container"}],"settings":{"width":{"unit":"vw","size":100,"sizes":[]},"height_type":"fit_to_screen","overlay":"","close_button":"","width_widescreen":{"unit":"vw","size":"","sizes":[]},"width_laptop":{"unit":"vw","size":"","sizes":[]},"width_tablet":{"unit":"vw","size":"","sizes":[]},"width_mobile":{"unit":"vw","size":"","sizes":[]},"entrance_animation":"fadeInDown","exit_animation":"fadeInDown","entrance_animation_duration":{"unit":"px","size":0.3,"sizes":[]},"background_background":"classic","background_color":"#000000","prevent_scroll":"yes","a11y_navigation":""},"metadata":[],"display_settings":{"triggers":[],"timing":[]}}