{"content":[{"id":"56c114f3","settings":{"flex_direction":"row","content_width":"full","flex_justify_content":"space-between","flex_align_items":"center","background_background":"classic","margin":{"unit":"px","top":"0","right":"0","bottom":"0","left":"0","isLinked":false},"padding":{"unit":"%","top":"2","right":"10","bottom":"2","left":"10","isLinked":false},"padding_widescreen":{"unit":"%","top":"","right":"","bottom":"","left":"","isLinked":true},"padding_laptop":{"unit":"%","top":"2","right":"6","bottom":"2","left":"6","isLinked":false},"padding_tablet":{"unit":"%","top":"0","right":"3","bottom":"0","left":"3","isLinked":false},"padding_mobile":{"unit":"%","top":"0","right":"4","bottom":"0","left":"4","isLinked":false},"hide_tablet":"hidden-tablet","hide_mobile":"hidden-mobile","_title":"Desktop Header"},"elements":[{"id":"5e9ad738","settings":{"content_width":"full","width":{"unit":"%","size":70,"sizes":[]},"flex_direction":"row","flex_justify_content":"flex-start","flex_align_items":"center","flex_gap":{"column":"30","row":"30","isLinked":true,"unit":"px","size":30},"margin":{"unit":"px","top":"0","right":"0","bottom":"0","left":"0","isLinked":false},"padding":{"unit":"px","top":"0","right":"0","bottom":"0","left":"0","isLinked":false}},"elements":[{"id":"23d604be","settings":{"title":"Flowspace","header_size":"p","typography_typography":"custom","typography_font_family":"Plus Jakarta Sans","typography_font_size":{"unit":"px","size":20,"sizes":[]},"typography_font_weight":"500","title_color":"#000000","__dynamic__":{"link":"[elementor-tag id=\"fae8ae2\" name=\"site-url\" settings=\"%7B%7D\"]"}},"elements":[],"isInner":false,"widgetType":"heading","elType":"widget"},{"id":"768d6547","settings":{"menu_name":"Menu","menu":"main-menu","pointer":"none","menu_typography_typography":"custom","menu_typography_font_family":"Plus Jakarta Sans","menu_typography_font_size":{"unit":"px","size":16,"sizes":[]},"menu_typography_font_weight":"400","color_menu_item":"#000000","color_menu_item_hover":"#525252CC","color_menu_item_active":"#000000","padding_horizontal_menu_item":{"unit":"px","size":0,"sizes":[]},"padding_vertical_menu_item":{"unit":"px","size":0,"sizes":[]},"menu_space_between":{"unit":"px","size":20,"sizes":[]},"menu_id":6},"elements":[],"isInner":false,"widgetType":"nav-menu","elType":"widget"}],"isInner":true,"elType":"container"},{"id":"50f45018","settings":{"content_width":"full","width":{"unit":"%","size":30,"sizes":[]},"margin":{"unit":"px","top":"0","right":"0","bottom":"0","left":"0","isLinked":false},"padding":{"unit":"px","top":"0","right":"0","bottom":"0","left":"0","isLinked":false}},"elements":[{"id":"8386064","settings":{"text":"Find your desk","icon_align":"row-reverse","icon_indent":{"unit":"px","size":10,"sizes":[]},"typography_typography":"custom","typography_font_family":"Plus Jakarta Sans","typography_font_size":{"unit":"px","size":16,"sizes":[]},"typography_font_weight":"500","button_text_color":"#FFFFFF","background_color":"#000000","hover_color":"#000000","button_background_hover_color":"#00000000","border_border":"solid","border_width":{"unit":"px","top":"1","right":"1","bottom":"1","left":"1","isLinked":true},"border_color":"#000000","border_radius":{"unit":"px","top":"100","right":"100","bottom":"100","left":"100","isLinked":true},"text_padding":{"unit":"px","top":"16","right":"24","bottom":"16","left":"24","isLinked":false},"_animation":"none","_animation_delay":150,"_element_custom_width_tablet":{"unit":"%","size":27,"sizes":[]},"_element_custom_width_mobile":{"unit":"%","size":"","sizes":[]},"link":{"url":"","is_external":"","nofollow":"","custom_attributes":""},"align":"right","__dynamic__":{"link":"[elementor-tag id=\"b201168\" name=\"internal-url\" settings=\"%7B%22type%22%3A%22post%22%2C%22post_id%22%3A%22999%22%7D\"]"}},"elements":[],"isInner":false,"widgetType":"button","elType":"widget"}],"isInner":true,"elType":"container"}],"isInner":false,"elType":"container"},{"id":"3a93b14a","settings":{"flex_direction":"row","content_width":"full","flex_justify_content":"space-between","flex_align_items":"center","background_background":"classic","margin":{"unit":"px","top":"0","right":"0","bottom":"0","left":"0","isLinked":false},"padding":{"unit":"%","top":"2","right":"10","bottom":"2","left":"10","isLinked":false},"padding_widescreen":{"unit":"%","top":"","right":"","bottom":"","left":"","isLinked":true},"padding_laptop":{"unit":"%","top":"2","right":"6","bottom":"2","left":"6","isLinked":false},"padding_tablet":{"unit":"%","top":"2","right":"3","bottom":"2","left":"3","isLinked":false},"padding_mobile":{"unit":"%","top":"2","right":"4","bottom":"2","left":"4","isLinked":false},"_title":"Mobile Header","hide_widescreen":"hidden-widescreen","hide_desktop":"hidden-desktop","hide_laptop":"hidden-laptop"},"elements":[{"id":"4812db65","settings":{"content_width":"full","width":{"unit":"%","size":100,"sizes":[]},"flex_direction":"row","flex_justify_content":"space-between","flex_align_items":"center","flex_gap":{"column":"30","row":"30","isLinked":true,"unit":"px","size":30},"margin":{"unit":"px","top":"0","right":"0","bottom":"0","left":"0","isLinked":false},"padding":{"unit":"px","top":"0","right":"0","bottom":"0","left":"0","isLinked":false}},"elements":[{"id":"2088155a","settings":{"title":"Flowspace","header_size":"p","typography_typography":"custom","typography_font_family":"Plus Jakarta Sans","typography_font_size":{"unit":"px","size":20,"sizes":[]},"typography_font_weight":"500","title_color":"#000000","__dynamic__":{"link":"[elementor-tag id=\"8e28e09\" name=\"site-url\" settings=\"%7B%7D\"]"}},"elements":[],"isInner":false,"widgetType":"heading","elType":"widget"},{"id":"1e262552","settings":{"selected_icon":{"value":"fas fa-bars","library":"fa-solid"},"primary_color":"#000000","size":{"unit":"px","size":30,"sizes":[]},"__dynamic__":{"link":"[elementor-tag id=\"6be62a0\" name=\"popup\" settings=\"%7B%22popup%22%3A%221468%22%7D\"]"}},"elements":[],"isInner":false,"widgetType":"icon","elType":"widget"}],"isInner":true,"elType":"container"}],"isInner":false,"elType":"container"}],"settings":[],"metadata":[]}