{"content":[{"id":"6a4dc3e","settings":{"flex_direction":"column","content_width":"full","padding":{"unit":"%","top":"8","right":"10","bottom":"8","left":"10","isLinked":false},"padding_laptop":{"unit":"px","top":"60","right":"20","bottom":"60","left":"20","isLinked":false},"background_background":"classic","background_color":"#000000","padding_widescreen":{"unit":"%","top":"","right":"","bottom":"","left":"","isLinked":true},"container_link":{"url":"","is_external":false,"nofollow":false,"custom_attributes":""},"min_height":{"unit":"vh","size":100,"sizes":[]},"min_height_widescreen":{"unit":"vh","size":"","sizes":[]},"min_height_laptop":{"unit":"vh","size":"","sizes":[]},"min_height_tablet":{"unit":"vh","size":"","sizes":[]},"min_height_mobile":{"unit":"vh","size":"","sizes":[]},"padding_mobile":{"unit":"px","top":"0","right":"0","bottom":"0","left":"0","isLinked":false},"padding_tablet":{"unit":"px","top":"0","right":"0","bottom":"0","left":"0","isLinked":false}},"elements":[{"id":"6f5354fa","settings":{"content_width":"full","flex_direction":"row","flex_direction_tablet":"column","flex_gap":{"column":"10","row":"10","isLinked":false,"unit":"px","size":10},"background_background":"classic","background_color":"#1C1C1C","border_radius":{"unit":"px","top":"10","right":"010","bottom":"0","left":"0","isLinked":false},"padding":{"unit":"px","top":"20","right":"20","bottom":"20","left":"20","isLinked":true},"container_link":{"url":"","is_external":false,"nofollow":false,"custom_attributes":""}},"elements":[{"id":"3f0e7bc3","settings":{"content_width":"full","width":{"unit":"%","size":68},"width_widescreen":{"unit":"%","size":"","sizes":[]},"width_laptop":{"unit":"%","size":60,"sizes":[]},"width_tablet":{"unit":"%","size":100,"sizes":[]},"width_mobile":{"unit":"%","size":"","sizes":[]},"background_background":"classic","background_image":{"id":1804,"url":"https:\/\/yellow-magpie-125839.hostingersite.com\/wp-content\/uploads\/2025\/07\/Modern-Collaborative-Workspace-1.jpeg","alt":"","source":"library","size":""},"background_position":"center center","background_repeat":"no-repeat","background_size":"cover","background_overlay_background":"gradient","background_overlay_color":"#FFFFFF00","background_overlay_opacity":{"unit":"px","size":1,"sizes":[]},"_flex_size":"none","_element_width":"initial","__globals__":{"background_overlay_color_b":"","background_overlay_color":""},"flex_justify_content":"flex-end","background_overlay_color_b":"#000000D1","border_radius":{"unit":"px","top":"10","right":"10","bottom":"10","left":"10","isLinked":true},"padding":{"unit":"px","top":"20","right":"20","bottom":"20","left":"20","isLinked":true},"custom_css":"\/*selector:before {*\/\n        background: linear-gradient(180deg, var(--token-9f0badbf-8d74-41b8-a73a-e1a6bdec487b, rgb(213, 233, 147)) \/* {\"name\":\"Accent 1\"} *\/ 0%, var(--token-6486a9ac-e9e8-4ced-becb-afb4c654ba35, rgb(22, 66, 54)) \/* {\"name\":\"Brand Color Dark\"} *\/ 67.56756756756756%);\n\/*}*\/","background_overlay_gradient_angle":{"unit":"deg","size":228,"sizes":[]},"container_link":{"url":"","is_external":false,"nofollow":false,"custom_attributes":""}},"elements":[{"id":"506655d3","settings":{"title":"Fill out the form, and  we'll<br> get back to you soon.\n","typography_typography":"custom","typography_font_family":"Bai Jamjuree","typography_font_size":{"unit":"px","size":48,"sizes":[]},"typography_font_weight":"500","title_color":"#FFFFFF","_padding":{"unit":"px","top":"0","right":"0","bottom":"0","left":"0","isLinked":false},"custom_css":".color-head {\r\n  color: #d7f09c;\r\n}\r\n","typography_font_size_laptop":{"unit":"px","size":40,"sizes":[]},"typography_font_size_mobile":{"unit":"px","size":23,"sizes":[]},"typography_line_height":{"unit":"px","size":55,"sizes":[]},"typography_letter_spacing":{"unit":"px","size":-3.8,"sizes":[]},"typography_letter_spacing_laptop":{"unit":"px","size":0,"sizes":[]},"typography_line_height_mobile":{"unit":"em","size":1.2,"sizes":[]}},"elements":[],"isInner":false,"widgetType":"heading","elType":"widget"},{"id":"20dbde0","settings":{"space":{"unit":"px","size":168,"sizes":[]},"space_mobile":{"unit":"px","size":0,"sizes":[]}},"elements":[],"isInner":false,"widgetType":"spacer","elType":"widget"},{"id":"3ab598","settings":{"title":"Or reach us directly:\n\n","typography_typography":"custom","typography_font_family":"DM Sans","typography_font_weight":"500","typography_font_size":{"unit":"px","size":16,"sizes":[]},"__globals__":{"title_color":""},"title_color":"#FFFFFF"},"elements":[],"isInner":false,"widgetType":"heading","elType":"widget"},{"id":"4ea36612","settings":{"icon_list":[{"text":"+443 45 654 98","selected_icon":{"value":"fas fa-phone-square-alt","library":"fa-solid"},"_id":"b9fe921","link":{"url":"tel:+443 45 654 98","is_external":"","nofollow":"","custom_attributes":""}},{"text":"hi@greenbird.com","selected_icon":{"value":"fas fa-envelope","library":"fa-solid"},"_id":"577ea14"}],"icon_typography_typography":"custom","icon_typography_font_family":"Bai Jamjuree","icon_typography_font_size":{"unit":"px","size":26,"sizes":[]},"icon_typography_font_weight":"500","icon_typography_line_height":{"unit":"px","size":27,"sizes":[]},"space_between":{"unit":"px","size":10,"sizes":[]},"icon_typography_font_size_mobile":{"unit":"px","size":15,"sizes":[]},"text_color":"#FFFFFF","icon_color":"#FFFFFF","icon_color_hover":"#FFFFFF","icon_size":{"unit":"px","size":22,"sizes":[]}},"elements":[],"isInner":false,"widgetType":"icon-list","elType":"widget"},{"id":"1ef7413b","settings":{"image":{"url":"https:\/\/yellow-magpie-125839.hostingersite.com\/wp-content\/uploads\/2025\/06\/3-e1751379944925.png","id":1716,"size":"","alt":"","source":"library"},"align":"right","width":{"unit":"%","size":13,"sizes":[]},"_padding":{"unit":"px","top":"4","right":"0","bottom":"10","left":"10","isLinked":false},"_element_custom_width":{"unit":"%","size":10,"sizes":[]}},"elements":[],"isInner":false,"widgetType":"image","elType":"widget"}],"isInner":true,"elType":"container"},{"id":"1579c7af","settings":{"content_width":"full","width":{"unit":"%","size":32,"sizes":[]},"width_laptop":{"unit":"%","size":40,"sizes":[]},"width_tablet":{"unit":"%","size":100,"sizes":[]},"width_mobile":{"unit":"%","size":"","sizes":[]},"background_color":"#000000","border_border":"none","border_radius":{"unit":"px","top":"10","right":"10","bottom":"10","left":"10","isLinked":true},"padding":{"unit":"px","top":"30","right":"30","bottom":"30","left":"30","isLinked":true},"padding_mobile":{"unit":"px","top":"20","right":"0","bottom":"20","left":"0","isLinked":false},"container_link":{"url":"","is_external":false,"nofollow":false,"custom_attributes":""},"padding_tablet":{"unit":"px","top":"20","right":"0","bottom":"20","left":"0","isLinked":false}},"elements":[{"id":"4377d5f4","settings":{"form_name":"Contact form","form_fields":[{"custom_id":"name","field_label":"Name","placeholder":"Jane Smith","width":"50","dynamic":{"active":true},"_id":"036e22d"},{"custom_id":"email","field_type":"tel","required":"true","field_label":"Phone","placeholder":"Phone","width":"50","_id":"3bb6cac"},{"_id":"a299940","field_type":"email","field_label":"Email","placeholder":"Email","custom_id":"field_a299940"},{"_id":"9e7a1c5","field_type":"select","field_label":"Location","field_options":"Select\nNew York\nSan Francisco\nChicago","custom_id":"field_9e7a1c5","width":"50"},{"field_type":"number","field_label":"Number of employees","placeholder":"1","field_options":"Hot Desk\nCoworking Space\nPrivate Office\nVirtual Office\nMeeting Space\nEvent Space","width":"50","custom_id":"field_42e2050","_id":"42e2050"},{"custom_id":"message","field_type":"textarea","field_label":"Message","placeholder":"Message","_id":"1602cb3"}],"step_next_label":"Next","step_previous_label":"Previous","button_text":"Lets walk the walk","email_content":"[all-fields]","email_content_2":"[all-fields]","success_message":"Your submission was successful.","error_message":"Your submission failed because of an error.","server_message":"Your submission failed because of a server error.","invalid_message":"Your submission failed because the form is invalid.","required_field_message":"This field is required.","column_gap":{"unit":"px","size":15,"sizes":[]},"label_spacing":{"unit":"px","size":10,"sizes":[]},"field_border_width":{"unit":"px","top":"1","right":"1","bottom":"1","left":"1","isLinked":true},"field_border_radius":{"unit":"px","top":"10","right":"10","bottom":"10","left":"10","isLinked":true},"button_background_color":"#FFFFFF","button_text_padding":{"unit":"px","top":"16","right":"16","bottom":"16","left":"16","isLinked":true},"__globals__":{"button_text_color":"","button_hover_color":"","button_background_hover_color":""},"button_text_color":"#000000","button_background_hover_color":"#02010100","button_hover_color":"#F7F7F7","row_gap":{"unit":"px","size":25,"sizes":[]},"label_color":"#FFFFFF","label_typography_typography":"custom","label_typography_font_family":"DM Sans","label_typography_font_size":{"unit":"px","size":12,"sizes":[]},"label_typography_font_weight":"400","html_typography_typography":"custom","html_typography_font_family":"DM Sans","html_typography_font_size":{"unit":"px","size":14,"sizes":[]},"html_typography_font_weight":"400","field_text_color":"#FFFFFF","field_typography_typography":"custom","field_typography_font_family":"DM Sans","field_typography_font_size":{"unit":"px","size":13,"sizes":[]},"field_typography_font_weight":"400","field_typography_line_height":{"unit":"em","size":1.3,"sizes":[]},"field_typography_line_height_widescreen":{"unit":"em","size":"","sizes":[]},"field_typography_line_height_laptop":{"unit":"em","size":"","sizes":[]},"field_background_color":"#000000","field_border_color":"#8888881A","button_typography_typography":"custom","button_typography_font_family":"DM Sans","button_typography_font_size":{"unit":"px","size":16,"sizes":[]},"button_typography_font_weight":"500","button_border_border":"solid","button_border_width":{"unit":"px","top":"1","right":"1","bottom":"1","left":"1","isLinked":true},"button_border_color":"#FFFFFF","previous_button_background_color":"#FFFFFF","previous_button_text_color":"#000000","previous_button_background_color_hover":"#02010100","button_border_radius":{"unit":"px","top":"8","right":"8","bottom":"8","left":"8","isLinked":true},"message_typography_typography":"custom","message_typography_font_family":"DM Sans","message_typography_font_size":{"unit":"px","size":14,"sizes":[]},"message_typography_font_weight":"400","message_typography_line_height":{"unit":"em","size":1.5,"sizes":[]},"message_typography_line_height_widescreen":{"unit":"em","size":"","sizes":[]},"message_typography_line_height_laptop":{"unit":"em","size":"","sizes":[]},"success_message_color":"#FFFFFF","error_message_color":"#E11818","inline_message_color":"#FFFFFFCC","_css_classes":"flowspace-form"},"elements":[],"isInner":false,"widgetType":"form","elType":"widget"}],"isInner":true,"elType":"container"}],"isInner":true,"elType":"container"},{"id":"1841de20","settings":{"content_width":"full","background_background":"classic","background_color":"#1C1C1C","border_radius_laptop":{"unit":"px","top":"0","right":"0","bottom":"10","left":"10","isLinked":false},"margin":{"unit":"px","top":"-20","right":"0","bottom":"2","left":"0","isLinked":false},"padding":{"unit":"px","top":"0","right":"0","bottom":"0","left":"0","isLinked":false},"border_radius":{"unit":"px","top":"0","right":"0","bottom":"10","left":"10","isLinked":false},"flex_direction":"row","flex_justify_content":"space-between","flex_align_items":"center","container_link":{"url":"","is_external":false,"nofollow":false,"custom_attributes":""},"flex_justify_content_tablet":"space-between","margin_tablet":{"unit":"px","top":"0","right":"0","bottom":"0","left":"0","isLinked":false},"hide_tablet":"hidden-tablet"},"elements":[{"id":"3300f47c","settings":{"view":"inline","icon_list":[{"text":"Homepage","selected_icon":{"value":"","library":""},"_id":"c86dd05","link":{"url":"https:\/\/yellow-magpie-125839.hostingersite.com\/","is_external":"","nofollow":"","custom_attributes":""}},{"text":"Services","selected_icon":{"value":"","library":""},"_id":"8e64524","link":{"url":"https:\/\/yellow-magpie-125839.hostingersite.com\/what-we-do\/","is_external":"","nofollow":"","custom_attributes":""}},{"text":"About us","selected_icon":{"value":"","library":""},"link":{"url":"https:\/\/yellow-magpie-125839.hostingersite.com\/about-us\/","is_external":"","nofollow":"","custom_attributes":""},"_id":"8130572"},{"text":"Contact","selected_icon":{"value":"","library":""},"link":{"url":"https:\/\/yellow-magpie-125839.hostingersite.com\/contact\/","is_external":"","nofollow":"","custom_attributes":""},"_id":"2dfba5e"}],"icon_typography_typography":"custom","icon_typography_font_family":"DM Sans","icon_typography_font_weight":"400","text_color":"#FFFFFF","_margin":{"unit":"px","top":"0","right":"0","bottom":"12","left":"20","isLinked":false},"text_color_hover":"#54595F","__globals__":{"text_color_hover":""},"icon_align_mobile":"center","_margin_mobile":{"unit":"px","top":"0","right":"0","bottom":"50","left":"0","isLinked":false},"_element_width_mobile":"inherit","_margin_tablet":{"unit":"px","top":"0","right":"0","bottom":"0","left":"0","isLinked":false}},"elements":[],"isInner":false,"widgetType":"icon-list","elType":"widget"},{"id":"627e37f","settings":{"view":"inline","icon_list":[{"text":"Privacy Made ","selected_icon":{"value":"","library":""},"_id":"c86dd05"},{"text":"Terms","selected_icon":{"value":"","library":""},"_id":"8e64524"}],"icon_typography_typography":"custom","icon_typography_font_family":"DM Sans","icon_typography_font_weight":"400","text_color":"#FFFFFF","_margin":{"unit":"px","top":"0","right":"20","bottom":"0","left":"0","isLinked":false},"icon_color":"#FFFFFF","text_color_hover":"#B3B3B3","hide_mobile":"hidden-mobile"},"elements":[],"isInner":false,"widgetType":"icon-list","elType":"widget"}],"isInner":true,"elType":"container"}],"isInner":false,"elType":"container"}],"settings":[],"metadata":[]}