{"content":[{"id":"513c72f7","settings":{"flex_direction":"row","flex_gap":{"column":"34","row":"34","isLinked":true,"unit":"px","size":34},"content_width":"full","min_height":{"unit":"vh","size":100,"sizes":[]},"min_height_widescreen":{"unit":"vh","size":"","sizes":[]},"min_height_laptop":{"unit":"vh","size":"","sizes":[]},"min_height_tablet":{"unit":"vh","size":"","sizes":[]},"min_height_mobile":{"unit":"vh","size":"","sizes":[]},"flex_direction_tablet":"column","flex_justify_content":"center","flex_align_items":"center","background_background":"classic","background_color":"#000000","margin":{"unit":"%","top":"-8","right":"0","bottom":"0","left":"0","isLinked":false},"padding":{"unit":"%","top":"15","right":"10","bottom":"10","left":"10","isLinked":false},"padding_widescreen":{"unit":"%","top":"10","right":"10","bottom":"6","left":"10","isLinked":false},"padding_laptop":{"unit":"%","top":"30","right":"6","bottom":"10","left":"6","isLinked":false},"padding_tablet":{"unit":"%","top":"14","right":"3","bottom":"6","left":"3","isLinked":false},"padding_mobile":{"unit":"%","top":"30","right":"4","bottom":"10","left":"4","isLinked":false},"animation":"none","background_image":{"url":"","id":"","size":"","alt":"","source":"library"},"background_position":"center center","background_attachment":"fixed","background_repeat":"no-repeat","background_size":"cover","background_motion_fx_translateY_affectedRange":{"unit":"%","size":"","sizes":{"start":29,"end":67}},"background_overlay_background":"classic","_offset_y":{"unit":"px","size":164,"sizes":[]},"margin_widescreen":{"unit":"%","top":"","right":"","bottom":"","left":"","isLinked":true},"margin_laptop":{"unit":"%","top":"-18","right":"0","bottom":"0","left":"0","isLinked":false},"margin_tablet":{"unit":"%","top":"-9","right":"0","bottom":"0","left":"0","isLinked":false},"margin_mobile":{"unit":"%","top":"-15","right":"0","bottom":"0","left":"0","isLinked":false},"_title":"Contact Hero Section"},"elements":[{"id":"1f7cf5bb","settings":{"flex_direction":"column","content_width":"full","width":{"unit":"%","size":"50"},"flex_gap":{"column":"0","row":"0","isLinked":true,"unit":"px","size":0},"margin":{"unit":"px","top":"0","right":"0","bottom":"0","left":"0","isLinked":false},"padding":{"unit":"px","top":"0","right":"0","bottom":"0","left":"0","isLinked":false},"width_tablet":{"unit":"%","size":100,"sizes":[]},"width_mobile":{"unit":"%","size":"","sizes":[]}},"elements":[{"id":"61e2f9a4","settings":{"title":"Talk today","typography_typography":"custom","typography_font_family":"Bai Jamjuree","typography_font_size":{"unit":"px","size":64,"sizes":[]},"typography_font_size_laptop":{"unit":"px","size":56,"sizes":[]},"typography_font_size_mobile":{"unit":"px","size":48,"sizes":[]},"typography_font_weight":"500","typography_line_height":{"unit":"em","size":1,"sizes":[]},"typography_line_height_mobile":{"unit":"em","size":1.2,"sizes":[]},"title_color":"#FFFFFF","_margin":{"unit":"px","top":"-7","right":"0","bottom":"0","left":"0","isLinked":false},"_padding":{"unit":"px","top":"0","right":"0","bottom":"0","left":"0","isLinked":false},"_animation":"fadeInUp"},"elements":[],"isInner":false,"widgetType":"heading","elType":"widget"},{"id":"11f3a03a","settings":{"editor":"<p>Building something meaningful? Whether you\u2019ve got a question, a wild idea or just want to say hi \u2014 we\u2019d love to hear from you.<\/p>","typography_typography":"custom","typography_font_family":"Plus Jakarta Sans","typography_font_size":{"unit":"px","size":16,"sizes":[]},"typography_font_weight":"400","typography_line_height":{"unit":"em","size":1.5,"sizes":[]},"text_color":"#FFFFFF","_element_custom_width":{"unit":"%","size":65,"sizes":[]},"_margin":{"unit":"px","top":"16","right":"0","bottom":"70","left":"0","isLinked":false},"_padding":{"unit":"px","top":"0","right":"0","bottom":"0","left":"0","isLinked":false},"_element_width":"initial","_element_custom_width_widescreen":{"unit":"%","size":42,"sizes":[]},"_element_custom_width_laptop":{"unit":"%","size":90,"sizes":[]},"_element_custom_width_tablet":{"unit":"%","size":100,"sizes":[]},"_element_custom_width_mobile":{"unit":"%","size":100,"sizes":[]},"_animation":"fadeInUp","_animation_delay":100,"_margin_tablet":{"unit":"px","top":"16","right":"0","bottom":"-5","left":"0","isLinked":false}},"elements":[],"isInner":false,"widgetType":"text-editor","elType":"widget"},{"id":"60ad8efb","settings":{"icon_list":[{"text":"hi@greenbird.com","selected_icon":{"value":"far fa-envelope","library":"fa-regular"},"_id":"209c755","link":{"url":"#","is_external":"","nofollow":"","custom_attributes":""}},{"text":"+443 45 654 98","selected_icon":{"value":"fas fa-phone-alt","library":"fa-solid"},"_id":"c3f3e81","link":{"url":"#","is_external":"","nofollow":"","custom_attributes":""}},{"text":"Mon\u2013Fri, 8am to 5pm","selected_icon":{"value":"far fa-clock","library":"fa-regular"},"_id":"35957ba"}],"space_between":{"unit":"px","size":10,"sizes":[]},"icon_color":"#FFFFFF","text_indent":{"unit":"px","size":0,"sizes":[]},"icon_typography_typography":"custom","icon_typography_font_family":"Plus Jakarta Sans","icon_typography_font_size":{"unit":"px","size":16,"sizes":[]},"icon_typography_font_weight":"400","text_color":"#FFFFFF","icon_size":{"unit":"px","size":17,"sizes":[]},"text_color_hover":"#B3B3B3","hide_tablet":"hidden-tablet","hide_mobile":"hidden-mobile"},"elements":[],"isInner":false,"widgetType":"icon-list","elType":"widget"}],"isInner":true,"elType":"container"},{"id":"5a25a5b1","settings":{"flex_direction":"column","content_width":"full","width":{"unit":"%","size":"50"},"margin":{"unit":"px","top":"0","right":"0","bottom":"0","left":"0","isLinked":false},"padding":{"unit":"px","top":"0","right":"0","bottom":"0","left":"0","isLinked":false},"width_tablet":{"unit":"%","size":100,"sizes":[]},"width_mobile":{"unit":"%","size":"","sizes":[]}},"elements":[{"id":"1bcb859c","settings":{"form_name":"Contact form","form_fields":[{"custom_id":"name","field_label":"Name","placeholder":"Jane Smith","width":"50","dynamic":{"active":true},"_id":"036e22d"},{"custom_id":"email","field_type":"tel","required":"true","field_label":"Phone","placeholder":"Phone","width":"50","_id":"3bb6cac"},{"_id":"a299940","field_type":"email","field_label":"Email","placeholder":"Email","custom_id":"field_a299940"},{"_id":"9e7a1c5","field_type":"select","field_label":"Location","field_options":"Select\nNew York\nSan Francisco\nChicago","custom_id":"field_9e7a1c5","width":"50"},{"field_type":"number","field_label":"Number of employees","placeholder":"1","field_options":"Hot Desk\nCoworking Space\nPrivate Office\nVirtual Office\nMeeting Space\nEvent Space","width":"50","custom_id":"field_42e2050","_id":"42e2050"},{"custom_id":"message","field_type":"textarea","field_label":"Message","placeholder":"Message","_id":"1602cb3"}],"step_next_label":"Next","step_previous_label":"Previous","button_text":"Lets walk the walk","email_content":"[all-fields]","email_content_2":"[all-fields]","success_message":"Your submission was successful.","error_message":"Your submission failed because of an error.","server_message":"Your submission failed because of a server error.","invalid_message":"Your submission failed because the form is invalid.","required_field_message":"This field is required.","column_gap":{"unit":"px","size":15,"sizes":[]},"label_spacing":{"unit":"px","size":10,"sizes":[]},"field_border_width":{"unit":"px","top":"1","right":"1","bottom":"1","left":"1","isLinked":true},"field_border_radius":{"unit":"px","top":"10","right":"10","bottom":"10","left":"10","isLinked":true},"button_background_color":"#FFFFFF","button_text_padding":{"unit":"px","top":"16","right":"16","bottom":"16","left":"16","isLinked":true},"__globals__":{"button_text_color":"","button_hover_color":"","button_background_hover_color":""},"button_text_color":"#000000","button_background_hover_color":"#02010100","button_hover_color":"#F7F7F7","row_gap":{"unit":"px","size":25,"sizes":[]},"label_color":"#FFFFFF","label_typography_typography":"custom","label_typography_font_family":"DM Sans","label_typography_font_size":{"unit":"px","size":12,"sizes":[]},"label_typography_font_weight":"400","html_typography_typography":"custom","html_typography_font_family":"DM Sans","html_typography_font_size":{"unit":"px","size":14,"sizes":[]},"html_typography_font_weight":"400","field_text_color":"#FFFFFF","field_typography_typography":"custom","field_typography_font_family":"DM Sans","field_typography_font_size":{"unit":"px","size":13,"sizes":[]},"field_typography_font_weight":"400","field_typography_line_height":{"unit":"em","size":1.3,"sizes":[]},"field_typography_line_height_widescreen":{"unit":"em","size":"","sizes":[]},"field_typography_line_height_laptop":{"unit":"em","size":"","sizes":[]},"field_background_color":"#1C1C1C","field_border_color":"#8888881A","button_typography_typography":"custom","button_typography_font_family":"DM Sans","button_typography_font_size":{"unit":"px","size":16,"sizes":[]},"button_typography_font_weight":"500","button_border_border":"solid","button_border_width":{"unit":"px","top":"1","right":"1","bottom":"1","left":"1","isLinked":true},"button_border_color":"#FFFFFF","previous_button_background_color":"#FFFFFF","previous_button_text_color":"#000000","previous_button_background_color_hover":"#02010100","button_border_radius":{"unit":"px","top":"8","right":"8","bottom":"8","left":"8","isLinked":true},"message_typography_typography":"custom","message_typography_font_family":"DM Sans","message_typography_font_size":{"unit":"px","size":14,"sizes":[]},"message_typography_font_weight":"400","message_typography_line_height":{"unit":"em","size":1.5,"sizes":[]},"message_typography_line_height_widescreen":{"unit":"em","size":"","sizes":[]},"message_typography_line_height_laptop":{"unit":"em","size":"","sizes":[]},"success_message_color":"#FFFFFF","error_message_color":"#E11818","inline_message_color":"#FFFFFFCC","_css_classes":"flowspace-form"},"elements":[],"isInner":false,"widgetType":"form","elType":"widget"}],"isInner":true,"elType":"container"}],"isInner":false,"elType":"container"}],"settings":{"background_background":"classic","background_color":"#FFFFFF"},"metadata":[]}