{"content":[{"id":"113ee180","settings":{"boxed_width":{"unit":"px","size":1400,"sizes":[]},"jet_parallax_layout_list":[],"margin":{"unit":"px","top":"0","right":"0","bottom":"0","left":"0","isLinked":false},"padding":{"unit":"px","top":"10","right":"50","bottom":"0","left":"50","isLinked":false},"__globals__":{"background_color":""},"scroll_distance":{"unit":"px","size":1,"sizes":[]},"background":"#E04545","z_index":99,"padding_mobile":{"unit":"px","top":"0","right":"0","bottom":"0","left":"0","isLinked":false},"flex_direction":"row","flex_align_items":"stretch","flex_gap":{"size":10,"column":"10","row":"10","unit":"px","isLinked":true},"content_width":"full","background_background":"classic","background_color":"#F8F9FA","hide_tablet":"hidden-tablet","hide_mobile":"hidden-mobile"},"elements":[{"id":"3057f2e8","settings":{"_column_size":100,"width":{"size":null,"unit":"%"},"padding":{"unit":"px","top":"0","right":"0","bottom":"0","left":"0","isLinked":false},"content_width":"full","margin":{"unit":"px","top":"0","right":"0","bottom":"0","left":"0","isLinked":false},"width_mobile":{"unit":"%","size":100,"sizes":[]}},"elements":[{"id":"6494bd6b","settings":{"content_width":"full","jet_parallax_layout_list":[],"structure":"30","background_color":"#401B4D","border_radius":{"unit":"px","top":"20","right":"20","bottom":"20","left":"20","isLinked":true},"padding":{"unit":"px","top":"0","right":"0","bottom":"0","left":"0","isLinked":true},"transparent":"yes","scroll_distance":{"unit":"px","size":20,"sizes":[]},"background_show":"yes","background":"#401B4D","__globals__":{"background_color":"","background":""},"margin":{"unit":"px","top":"0","right":"0","bottom":"0","left":"0","isLinked":false},"shrink_header":"yes","flex_direction":"row","flex_align_items":"stretch","flex_gap":{"size":10,"column":"10","row":"10","unit":"px","isLinked":true}},"elements":[{"id":"68a8fe75","settings":{"_column_size":33,"width":{"size":26,"unit":"%"},"flex_justify_content":"center","width_mobile":{"size":67,"unit":"%"},"width_tablet":{"size":51,"unit":"%"},"content_width":"full","padding":{"unit":"px","top":"0","right":"0","bottom":"0","left":"0","isLinked":false},"padding_mobile":{"unit":"px","top":"10","right":"10","bottom":"10","left":"17","isLinked":false}},"elements":[{"id":"36a91b7f","settings":{"image":{"id":"160","url":"http:\/\/elementor-template.lifeonablock.com\/wp-content\/uploads\/2024\/09\/Northb-und-1.png"},"link_to":"custom","width":{"unit":"%","size":78,"sizes":[]},"__dynamic__":{"link":"[elementor-tag id=\"f73cf7a\" name=\"site-url\" settings=\"%7B%7D\"]"},"_margin":{"unit":"px","top":"0","right":"0","bottom":"0","left":"0","isLinked":false},"_element_width":"inherit","align":"left","_element_custom_width":{"unit":"%","size":103.243},"width_mobile":{"unit":"%","size":100,"sizes":[]},"align_tablet":"left","width_tablet":{"unit":"%","size":37,"sizes":[]},"content_width":"full"},"elements":[],"isInner":false,"widgetType":"image","elType":"widget"}],"isInner":true,"elType":"container"},{"id":"1ee1e32c","settings":{"_column_size":33,"width":{"size":77,"unit":"%"},"flex_justify_content":"flex-end","width_mobile":{"size":16,"unit":"%"},"hide_tablet":"hidden-tablet","content_width":"full","flex_direction":"row","flex_align_items":"center"},"elements":[{"id":"278b54bb","settings":{"align_items":"end","menu_typography_typography":"custom","menu_typography_font_family":"Montserrat","menu_typography_font_size":{"unit":"px","size":16,"sizes":[]},"menu_typography_font_weight":"600","menu_space_between":{"unit":"px","size":13,"sizes":[]},"_margin":{"unit":"px","top":"0","right":"5","bottom":"0","left":"0","isLinked":false},"__globals__":{"color_menu_item":"","pointer_color_menu_item_hover":"globals\/colors?id=7dbe488","pointer_color_menu_item_active":"","toggle_background_color":"","background_color_dropdown_item_hover":"","background_color_dropdown_item_active":""},"pointer":"background","color_menu_item_hover":"#FFB4FF","padding_horizontal_menu_item":{"unit":"px","size":18,"sizes":[]},"padding_vertical_menu_item":{"unit":"px","size":15,"sizes":[]},"border_radius_menu_item":{"unit":"px","size":30,"sizes":[]},"color_menu_item_active":"#FFFFFF","menu_name":"Menu","menu_typography_line_height":{"unit":"px","size":16,"sizes":[]},"menu_typography_letter_spacing":{"unit":"px","size":0.1,"sizes":[]},"color_menu_item":"#000000","color_menu_item_hover_pointer_bg":"#FFFFFF","pointer_color_menu_item_hover":"#0071E3","pointer_color_menu_item_active":"#0071E3","color_dropdown_item":"#000000","color_dropdown_item_hover":"#FFFFFF","background_color_dropdown_item_hover":"#0071E3","color_dropdown_item_active":"#FFFFFF","background_color_dropdown_item_active":"#0071E3","dropdown_typography_typography":"custom","dropdown_typography_font_family":"Montserrat","dropdown_typography_font_size":{"unit":"px","size":16,"sizes":[]},"dropdown_typography_font_weight":"500","dropdown_typography_letter_spacing":{"unit":"px","size":0,"sizes":[]},"dropdown_border_radius":{"unit":"px","top":"10","right":"10","bottom":"10","left":"10","isLinked":true},"dropdown_top_distance":{"unit":"px","size":15,"sizes":[]},"toggle_color":"#FFFFFF","toggle_background_color":"#0071E3","content_width":"full","toggle_size_mobile":{"unit":"px","size":26,"sizes":[]},"_margin_mobile":{"unit":"px","top":"0","right":"0","bottom":"0","left":"0","isLinked":false},"_padding_mobile":{"unit":"px","top":"14","right":"0","bottom":"1","left":"0","isLinked":false},"full_width":"stretch","toggle_size_tablet":{"unit":"px","size":24,"sizes":[]},"_element_width_tablet":"auto"},"elements":[],"isInner":false,"widgetType":"nav-menu","elType":"widget"},{"id":"28bd4414","settings":{"content_width":"full","text":"Contact us","selected_icon":{"value":"fas fa-arrow-right","library":"fa-solid"},"icon_align":"row-reverse","icon_indent":{"unit":"px","size":21,"sizes":[]},"typography_typography":"custom","typography_font_family":"Montserrat","typography_font_weight":"600","button_text_color":"#FFFFFF","background_color":"#0071E3","border_radius":{"unit":"px","top":"41","right":"41","bottom":"41","left":"41","isLinked":true},"text_padding":{"unit":"px","top":"15","right":"15","bottom":"15","left":"15","isLinked":true},"__globals__":{"button_text_color":""},"_margin":{"unit":"px","top":"0","right":"0","bottom":"0","left":"0","isLinked":false},"background_background":"gradient","background_color_b":"#25409E","background_gradient_angle":{"unit":"deg","size":140,"sizes":[]},"background_color_stop":{"unit":"%","size":42,"sizes":[]},"_element_width":"auto","_element_custom_width":{"unit":"%","size":26,"sizes":[]},"__dynamic__":{"link":"[elementor-tag id=\"7f9b703\" name=\"internal-url\" settings=\"%7B%22type%22%3A%22post%22%2C%22post_id%22%3A978%2C%22taxonomy_id%22%3A%22%22%2C%22attachment_id%22%3A%22%22%2C%22author_id%22%3A%22%22%7D\"]"},"typography_font_size":{"unit":"px","size":15,"sizes":[]},"hover_color":"#000000","button_background_hover_color":"#000000","hide_mobile":"hidden-mobile","align_tablet":"right","typography_font_size_tablet":{"unit":"px","size":14,"sizes":[]},"text_padding_tablet":{"unit":"px","top":"5","right":"5","bottom":"5","left":"5","isLinked":true},"_element_width_tablet":"auto","_element_custom_width_tablet":{"unit":"px","size":25,"sizes":[]}},"elements":[],"isInner":false,"widgetType":"button","elType":"widget"}],"isInner":true,"elType":"container"}],"isInner":true,"elType":"container"}],"isInner":true,"elType":"container"}],"isInner":false,"elType":"container"},{"id":"5a985f13","settings":{"flex_direction":"row","padding":{"unit":"px","top":"20","right":"50","bottom":"20","left":"50","isLinked":false},"padding_tablet":{"unit":"px","top":"150","right":"30","bottom":"0","left":"30","isLinked":false},"padding_mobile":{"unit":"px","top":"275","right":"0","bottom":"0","left":"020","isLinked":false},"flex_wrap":"wrap","_title":"Hero","overflow":"hidden","margin_mobile":{"unit":"px","top":"0","right":"0","bottom":"0","left":"0","isLinked":false},"background_background":"classic","margin":{"unit":"px","top":"0","right":"0","bottom":"0","left":"0","isLinked":false},"__globals__":{"background_color":""},"jet_parallax_layout_list":[],"background_color":"#F8F9FA","boxed_width":{"unit":"px","size":1400,"sizes":[]},"jkit_glass_blur_level":{"unit":"px","size":"","sizes":[]},"jkit_glass_blur_level_tablet":{"unit":"px","size":"","sizes":[]},"jkit_glass_blur_level_mobile":{"unit":"px","size":"","sizes":[]},"jkit_sticky_section":"","jkit_sticky_device":"desktop","jkit_sticky_trigger":"down","jkit_sticky_position":"sticky","jkit_sticky_top_position":{"unit":"px","size":0,"sizes":[]},"jkit_sticky_bottom_position":{"unit":"px","size":0,"sizes":[]},"jkit_sticky_background_color":"","jkit_sticky_hide_on_scroll":"","jkit_sticky_hide_threshold":"","jkit_sticky_x_axis_animation":{"unit":"px","size":"","sizes":[]},"jkit_sticky_y_axis_animation":{"unit":"px","size":"","sizes":[]},"jkit_sticky_transition":{"unit":"px","size":0.1,"sizes":[]},"jkit_sticky_zindex":100,"jkit_sticky_shadow_box_shadow_type":"","jkit_sticky_shadow_box_shadow":{"horizontal":0,"vertical":0,"blur":10,"spread":0,"color":"rgba(0,0,0,0.5)"},"jkit_sticky_shadow_box_shadow_position":" ","ekit_has_onepagescroll":"","transparent":"","transparent_on":["desktop","tablet","mobile"],"scroll_distance":{"unit":"px","size":60,"sizes":[]},"scroll_distance_tablet":{"unit":"px","size":"","sizes":[]},"scroll_distance_mobile":{"unit":"px","size":"","sizes":[]},"transparent_header_show":"","background_show":"","background":"","bottom_border":"","custom_bottom_border_color":"","custom_bottom_border_width":{"unit":"px","size":0,"sizes":[]},"custom_bottom_border_width_tablet":{"unit":"px","size":"","sizes":[]},"custom_bottom_border_width_mobile":{"unit":"px","size":"","sizes":[]},"shrink_header":"","custom_height_header":{"unit":"px","size":70,"sizes":[]},"custom_height_header_tablet":{"unit":"px","size":"","sizes":[]},"custom_height_header_mobile":{"unit":"px","size":"","sizes":[]},"shrink_header_logo":"","custom_height_header_logo":{"unit":"px","size":100,"sizes":[]},"custom_height_header_logo_tablet":{"unit":"px","size":"","sizes":[]},"custom_height_header_logo_mobile":{"unit":"px","size":"","sizes":[]},"change_logo_color":"","logo_color_white_before":"","logo_color_black_before":"","logo_color_white_after":"","logo_color_black_after":"","logo_color_full_after":"","blur_bg":"","hide_header":"","scroll_distance_hide_header":{"unit":"px","size":500,"sizes":[]},"scroll_distance_hide_header_tablet":{"unit":"px","size":"","sizes":[]},"scroll_distance_hide_header_mobile":{"unit":"px","size":"","sizes":[]},"content_width":"full","hide_desktop":"hidden-desktop"},"elements":[{"id":"5e2b58d1","settings":{"flex_direction":"row","boxed_width":{"unit":"px","size":1400,"sizes":[]},"flex_justify_content":"space-between","flex_gap":{"column":"20","row":"20","isLinked":true,"unit":"px","size":20},"flex_direction_tablet":"row","flex_justify_content_tablet":"center","flex_wrap_tablet":"wrap","jet_parallax_layout_list":[],"jkit_glass_blur_level":{"unit":"px","size":"","sizes":[]},"jkit_glass_blur_level_tablet":{"unit":"px","size":"","sizes":[]},"jkit_glass_blur_level_mobile":{"unit":"px","size":"","sizes":[]},"jkit_sticky_section":"","jkit_sticky_device":"desktop","jkit_sticky_trigger":"down","jkit_sticky_position":"sticky","jkit_sticky_top_position":{"unit":"px","size":0,"sizes":[]},"jkit_sticky_bottom_position":{"unit":"px","size":0,"sizes":[]},"jkit_sticky_background_color":"","jkit_sticky_hide_on_scroll":"","jkit_sticky_hide_threshold":"","jkit_sticky_x_axis_animation":{"unit":"px","size":"","sizes":[]},"jkit_sticky_y_axis_animation":{"unit":"px","size":"","sizes":[]},"jkit_sticky_transition":{"unit":"px","size":0.1,"sizes":[]},"jkit_sticky_zindex":100,"jkit_sticky_shadow_box_shadow_type":"","jkit_sticky_shadow_box_shadow":{"horizontal":0,"vertical":0,"blur":10,"spread":0,"color":"rgba(0,0,0,0.5)"},"jkit_sticky_shadow_box_shadow_position":" ","ekit_has_onepagescroll":"","transparent":"","transparent_on":["desktop","tablet","mobile"],"scroll_distance":{"unit":"px","size":60,"sizes":[]},"scroll_distance_tablet":{"unit":"px","size":"","sizes":[]},"scroll_distance_mobile":{"unit":"px","size":"","sizes":[]},"transparent_header_show":"","background_show":"","background":"","bottom_border":"","custom_bottom_border_color":"","custom_bottom_border_width":{"unit":"px","size":0,"sizes":[]},"custom_bottom_border_width_tablet":{"unit":"px","size":"","sizes":[]},"custom_bottom_border_width_mobile":{"unit":"px","size":"","sizes":[]},"shrink_header":"","custom_height_header":{"unit":"px","size":70,"sizes":[]},"custom_height_header_tablet":{"unit":"px","size":"","sizes":[]},"custom_height_header_mobile":{"unit":"px","size":"","sizes":[]},"shrink_header_logo":"","custom_height_header_logo":{"unit":"px","size":100,"sizes":[]},"custom_height_header_logo_tablet":{"unit":"px","size":"","sizes":[]},"custom_height_header_logo_mobile":{"unit":"px","size":"","sizes":[]},"change_logo_color":"","logo_color_white_before":"","logo_color_black_before":"","logo_color_white_after":"","logo_color_black_after":"","logo_color_full_after":"","blur_bg":"","hide_header":"","scroll_distance_hide_header":{"unit":"px","size":500,"sizes":[]},"scroll_distance_hide_header_tablet":{"unit":"px","size":"","sizes":[]},"scroll_distance_hide_header_mobile":{"unit":"px","size":"","sizes":[]},"content_width":"full","padding":{"unit":"px","top":"0","right":"0","bottom":"0","left":"0","isLinked":false}},"elements":[{"id":"39b66439","settings":{"content_width":"full","width":{"unit":"%","size":60,"sizes":[]},"flex_direction":"row","flex_justify_content":"flex-start","flex_align_items":"flex-start","flex_wrap":"wrap","padding":{"unit":"px","top":"0","right":"0","bottom":"0","left":"0","isLinked":false},"_flex_align_self":"flex-start","margin":{"unit":"px","top":"0","right":"0","bottom":"0","left":"0","isLinked":false},"width_tablet":{"unit":"%","size":100,"sizes":[]},"width_mobile":{"unit":"%","size":"","sizes":[]},"margin_tablet":{"unit":"px","top":"0","right":"15","bottom":"0","left":"0","isLinked":false},"jet_parallax_layout_list":[],"jkit_glass_blur_level":{"unit":"px","size":"","sizes":[]},"jkit_glass_blur_level_tablet":{"unit":"px","size":"","sizes":[]},"jkit_glass_blur_level_mobile":{"unit":"px","size":"","sizes":[]},"jkit_sticky_section":"","jkit_sticky_device":"desktop","jkit_sticky_trigger":"down","jkit_sticky_position":"sticky","jkit_sticky_top_position":{"unit":"px","size":0,"sizes":[]},"jkit_sticky_bottom_position":{"unit":"px","size":0,"sizes":[]},"jkit_sticky_background_color":"","jkit_sticky_hide_on_scroll":"","jkit_sticky_hide_threshold":"","jkit_sticky_x_axis_animation":{"unit":"px","size":"","sizes":[]},"jkit_sticky_y_axis_animation":{"unit":"px","size":"","sizes":[]},"jkit_sticky_transition":{"unit":"px","size":0.1,"sizes":[]},"jkit_sticky_zindex":100,"jkit_sticky_shadow_box_shadow_type":"","jkit_sticky_shadow_box_shadow":{"horizontal":0,"vertical":0,"blur":10,"spread":0,"color":"rgba(0,0,0,0.5)"},"jkit_sticky_shadow_box_shadow_position":" ","ekit_has_onepagescroll":"","transparent":"","transparent_on":["desktop","tablet","mobile"],"scroll_distance":{"unit":"px","size":60,"sizes":[]},"scroll_distance_tablet":{"unit":"px","size":"","sizes":[]},"scroll_distance_mobile":{"unit":"px","size":"","sizes":[]},"transparent_header_show":"","background_show":"","background":"","bottom_border":"","custom_bottom_border_color":"","custom_bottom_border_width":{"unit":"px","size":0,"sizes":[]},"custom_bottom_border_width_tablet":{"unit":"px","size":"","sizes":[]},"custom_bottom_border_width_mobile":{"unit":"px","size":"","sizes":[]},"shrink_header":"","custom_height_header":{"unit":"px","size":70,"sizes":[]},"custom_height_header_tablet":{"unit":"px","size":"","sizes":[]},"custom_height_header_mobile":{"unit":"px","size":"","sizes":[]},"shrink_header_logo":"","custom_height_header_logo":{"unit":"px","size":100,"sizes":[]},"custom_height_header_logo_tablet":{"unit":"px","size":"","sizes":[]},"custom_height_header_logo_mobile":{"unit":"px","size":"","sizes":[]},"change_logo_color":"","logo_color_white_before":"","logo_color_black_before":"","logo_color_white_after":"","logo_color_black_after":"","logo_color_full_after":"","blur_bg":"","hide_header":"","scroll_distance_hide_header":{"unit":"px","size":500,"sizes":[]},"scroll_distance_hide_header_tablet":{"unit":"px","size":"","sizes":[]},"scroll_distance_hide_header_mobile":{"unit":"px","size":"","sizes":[]}},"elements":[{"id":"6b7577c4","settings":{"content_width":"full","width":{"unit":"%","size":100,"sizes":[]},"flex_direction":"row","flex_justify_content":"flex-start","flex_wrap":"wrap","padding":{"unit":"px","top":"0","right":"0","bottom":"0","left":"0","isLinked":false},"_flex_align_self":"flex-end","margin":{"unit":"px","top":"0","right":"0","bottom":"0","left":"0","isLinked":false},"width_tablet":{"unit":"%","size":100,"sizes":[]},"width_mobile":{"unit":"%","size":"","sizes":[]},"margin_tablet":{"unit":"px","top":"0","right":"15","bottom":"0","left":"0","isLinked":false},"jet_parallax_layout_list":[],"jkit_glass_blur_level":{"unit":"px","size":"","sizes":[]},"jkit_glass_blur_level_tablet":{"unit":"px","size":"","sizes":[]},"jkit_glass_blur_level_mobile":{"unit":"px","size":"","sizes":[]},"jkit_sticky_section":"","jkit_sticky_device":"desktop","jkit_sticky_trigger":"down","jkit_sticky_position":"sticky","jkit_sticky_top_position":{"unit":"px","size":0,"sizes":[]},"jkit_sticky_bottom_position":{"unit":"px","size":0,"sizes":[]},"jkit_sticky_background_color":"","jkit_sticky_hide_on_scroll":"","jkit_sticky_hide_threshold":"","jkit_sticky_x_axis_animation":{"unit":"px","size":"","sizes":[]},"jkit_sticky_y_axis_animation":{"unit":"px","size":"","sizes":[]},"jkit_sticky_transition":{"unit":"px","size":0.1,"sizes":[]},"jkit_sticky_zindex":100,"jkit_sticky_shadow_box_shadow_type":"","jkit_sticky_shadow_box_shadow":{"horizontal":0,"vertical":0,"blur":10,"spread":0,"color":"rgba(0,0,0,0.5)"},"jkit_sticky_shadow_box_shadow_position":" ","ekit_has_onepagescroll":"","transparent":"","transparent_on":["desktop","tablet","mobile"],"scroll_distance":{"unit":"px","size":60,"sizes":[]},"scroll_distance_tablet":{"unit":"px","size":"","sizes":[]},"scroll_distance_mobile":{"unit":"px","size":"","sizes":[]},"transparent_header_show":"","background_show":"","background":"","bottom_border":"","custom_bottom_border_color":"","custom_bottom_border_width":{"unit":"px","size":0,"sizes":[]},"custom_bottom_border_width_tablet":{"unit":"px","size":"","sizes":[]},"custom_bottom_border_width_mobile":{"unit":"px","size":"","sizes":[]},"shrink_header":"","custom_height_header":{"unit":"px","size":70,"sizes":[]},"custom_height_header_tablet":{"unit":"px","size":"","sizes":[]},"custom_height_header_mobile":{"unit":"px","size":"","sizes":[]},"shrink_header_logo":"","custom_height_header_logo":{"unit":"px","size":100,"sizes":[]},"custom_height_header_logo_tablet":{"unit":"px","size":"","sizes":[]},"custom_height_header_logo_mobile":{"unit":"px","size":"","sizes":[]},"change_logo_color":"","logo_color_white_before":"","logo_color_black_before":"","logo_color_white_after":"","logo_color_black_after":"","logo_color_full_after":"","blur_bg":"","hide_header":"","scroll_distance_hide_header":{"unit":"px","size":500,"sizes":[]},"scroll_distance_hide_header_tablet":{"unit":"px","size":"","sizes":[]},"scroll_distance_hide_header_mobile":{"unit":"px","size":"","sizes":[]},"margin_mobile":{"unit":"px","top":"0","right":"0","bottom":"0","left":"0","isLinked":false}},"elements":[{"id":"39f1ccf7","settings":{"content_width":"full","view":"inline","icon_list":[{"text":"Our work","selected_icon":{"value":{"id":"17","url":"http:\/\/elementor-template.lifeonablock.com\/wp-content\/uploads\/2024\/09\/YouTube-Thumbnail-16.svg"},"library":"svg"},"_id":"626e627"}],"space_between":{"unit":"px","size":9,"sizes":[]},"icon_size":{"unit":"px","size":24,"sizes":[]},"icon_typography_typography":"custom","icon_typography_font_family":"Montserrat","icon_typography_font_size":{"unit":"px","size":15,"sizes":[]},"icon_typography_font_weight":"600","text_color":"#000000","icon_typography_font_size_tablet":{"unit":"px","size":16,"sizes":[]}},"elements":[],"isInner":false,"widgetType":"icon-list","elType":"widget"},{"id":"41ef2d52","settings":{"title":"Explore some of<br> our \n<span class=\"tofarver\"> projects\n<\/span>","typography_typography":"custom","typography_font_family":"Kameron","typography_font_size":{"unit":"px","size":50,"sizes":[]},"typography_font_weight":"600","typography_line_height":{"unit":"px","size":60,"sizes":[]},"_margin":{"unit":"px","top":"-9","right":"0","bottom":"-21","left":"0","isLinked":false},"_element_width":"inherit","__globals__":{"title_color":""},"title_color":"#000000","jkit_transform_rotate":{"unit":"px","size":"","sizes":[]},"jkit_transform_rotate_tablet":{"unit":"px","size":"","sizes":[]},"jkit_transform_rotate_mobile":{"unit":"px","size":"","sizes":[]},"jkit_glass_blur_level":{"unit":"px","size":"","sizes":[]},"jkit_glass_blur_level_tablet":{"unit":"px","size":"","sizes":[]},"jkit_glass_blur_level_mobile":{"unit":"px","size":"","sizes":[]},"jet_family_widget_is_order_orientaion":"false","jet_family_widget_order_orientaion":"","jet_family_widget_order_orientaion_tablet":"","jet_family_widget_order_orientaion_mobile":"","jet_family_widget_is_flex_basis":"false","jet_family_widget_flex_basis":{"unit":"px","size":0,"sizes":[]},"jet_family_widget_flex_basis_tablet":{"unit":"px","size":"","sizes":[]},"jet_family_widget_flex_basis_mobile":{"unit":"px","size":"","sizes":[]},"content_width":"full","typography_font_size_mobile":{"unit":"px","size":40,"sizes":[]},"typography_line_height_mobile":{"unit":"em","size":1.1,"sizes":[]},"_margin_mobile":{"unit":"px","top":"0","right":"0","bottom":"0","left":"0","isLinked":false},"hide_mobile":"hidden-mobile","link":{"url":"#wave","is_external":"","nofollow":"","custom_attributes":""}},"elements":[],"isInner":false,"widgetType":"heading","elType":"widget"},{"id":"656f263","settings":{"title":"Explore some of our \n<span class=\"tofarver\"> projects\n<\/span>","typography_typography":"custom","typography_font_family":"Kameron","typography_font_size":{"unit":"px","size":50,"sizes":[]},"typography_font_weight":"600","typography_line_height":{"unit":"px","size":60,"sizes":[]},"_margin":{"unit":"px","top":"-9","right":"0","bottom":"-21","left":"0","isLinked":false},"_element_width":"inherit","__globals__":{"title_color":""},"title_color":"#000000","jkit_transform_rotate":{"unit":"px","size":"","sizes":[]},"jkit_transform_rotate_tablet":{"unit":"px","size":"","sizes":[]},"jkit_transform_rotate_mobile":{"unit":"px","size":"","sizes":[]},"jkit_glass_blur_level":{"unit":"px","size":"","sizes":[]},"jkit_glass_blur_level_tablet":{"unit":"px","size":"","sizes":[]},"jkit_glass_blur_level_mobile":{"unit":"px","size":"","sizes":[]},"jet_family_widget_is_order_orientaion":"false","jet_family_widget_order_orientaion":"","jet_family_widget_order_orientaion_tablet":"","jet_family_widget_order_orientaion_mobile":"","jet_family_widget_is_flex_basis":"false","jet_family_widget_flex_basis":{"unit":"px","size":0,"sizes":[]},"jet_family_widget_flex_basis_tablet":{"unit":"px","size":"","sizes":[]},"jet_family_widget_flex_basis_mobile":{"unit":"px","size":"","sizes":[]},"content_width":"full","typography_font_size_mobile":{"unit":"px","size":40,"sizes":[]},"typography_line_height_mobile":{"unit":"em","size":1.1,"sizes":[]},"_margin_mobile":{"unit":"px","top":"0","right":"0","bottom":"-20","left":"0","isLinked":false},"hide_desktop":"hidden-desktop","hide_tablet":"hidden-tablet"},"elements":[],"isInner":false,"widgetType":"heading","elType":"widget"}],"isInner":true,"elType":"container"}],"isInner":true,"elType":"container"},{"id":"29055d21","settings":{"content_width":"full","width":{"unit":"%","size":30,"sizes":[]},"_flex_align_self":"flex-end","flex_direction":"row","flex_gap":{"column":"0","row":"0","isLinked":true,"unit":"px","size":0},"flex_wrap":"wrap","margin":{"unit":"px","top":"0","right":"0","bottom":"0","left":"0","isLinked":false},"width_tablet":{"unit":"%","size":100,"sizes":[]},"width_mobile":{"unit":"%","size":"","sizes":[]},"margin_tablet":{"unit":"px","top":"20","right":"0","bottom":"0","left":"0","isLinked":false},"padding":{"unit":"px","top":"0","right":"0","bottom":"0","left":"0","isLinked":false},"flex_align_items_tablet":"flex-start","_flex_align_self_tablet":"flex-start","jet_parallax_layout_list":[],"jkit_glass_blur_level":{"unit":"px","size":"","sizes":[]},"jkit_glass_blur_level_tablet":{"unit":"px","size":"","sizes":[]},"jkit_glass_blur_level_mobile":{"unit":"px","size":"","sizes":[]},"jkit_sticky_section":"","jkit_sticky_device":"desktop","jkit_sticky_trigger":"down","jkit_sticky_position":"sticky","jkit_sticky_top_position":{"unit":"px","size":0,"sizes":[]},"jkit_sticky_bottom_position":{"unit":"px","size":0,"sizes":[]},"jkit_sticky_background_color":"","jkit_sticky_hide_on_scroll":"","jkit_sticky_hide_threshold":"","jkit_sticky_x_axis_animation":{"unit":"px","size":"","sizes":[]},"jkit_sticky_y_axis_animation":{"unit":"px","size":"","sizes":[]},"jkit_sticky_transition":{"unit":"px","size":0.1,"sizes":[]},"jkit_sticky_zindex":100,"jkit_sticky_shadow_box_shadow_type":"","jkit_sticky_shadow_box_shadow":{"horizontal":0,"vertical":0,"blur":10,"spread":0,"color":"rgba(0,0,0,0.5)"},"jkit_sticky_shadow_box_shadow_position":" ","ekit_has_onepagescroll":"","transparent":"","transparent_on":["desktop","tablet","mobile"],"scroll_distance":{"unit":"px","size":60,"sizes":[]},"scroll_distance_tablet":{"unit":"px","size":"","sizes":[]},"scroll_distance_mobile":{"unit":"px","size":"","sizes":[]},"transparent_header_show":"","background_show":"","background":"","bottom_border":"","custom_bottom_border_color":"","custom_bottom_border_width":{"unit":"px","size":0,"sizes":[]},"custom_bottom_border_width_tablet":{"unit":"px","size":"","sizes":[]},"custom_bottom_border_width_mobile":{"unit":"px","size":"","sizes":[]},"shrink_header":"","custom_height_header":{"unit":"px","size":70,"sizes":[]},"custom_height_header_tablet":{"unit":"px","size":"","sizes":[]},"custom_height_header_mobile":{"unit":"px","size":"","sizes":[]},"shrink_header_logo":"","custom_height_header_logo":{"unit":"px","size":100,"sizes":[]},"custom_height_header_logo_tablet":{"unit":"px","size":"","sizes":[]},"custom_height_header_logo_mobile":{"unit":"px","size":"","sizes":[]},"change_logo_color":"","logo_color_white_before":"","logo_color_black_before":"","logo_color_white_after":"","logo_color_black_after":"","logo_color_full_after":"","blur_bg":"","hide_header":"","scroll_distance_hide_header":{"unit":"px","size":500,"sizes":[]},"scroll_distance_hide_header_tablet":{"unit":"px","size":"","sizes":[]},"scroll_distance_hide_header_mobile":{"unit":"px","size":"","sizes":[]},"flex_justify_content":"flex-start","flex_align_items":"center"},"elements":[{"id":"1bb821f","settings":{"editor":"<p>Each project in our collection reflects the passion and creativity we bring to every digital endeavor. From sleek web designs to dynamic branding solutions, our portfolio highlights the diversity of our<\/p>","__globals__":{"typography_typography":""},"text_color":"#000000","typography_typography":"custom","typography_font_family":"Montserrat","typography_font_size":{"unit":"px","size":15,"sizes":[]},"typography_font_weight":"500","typography_line_height":{"unit":"px","size":27,"sizes":[]},"_margin":{"unit":"px","top":"0","right":"0","bottom":"0","left":"0","isLinked":false},"_padding":{"unit":"px","top":"0","right":"0","bottom":"0","left":"0","isLinked":false},"jkit_transform_rotate":{"unit":"px","size":"","sizes":[]},"jkit_transform_rotate_tablet":{"unit":"px","size":"","sizes":[]},"jkit_transform_rotate_mobile":{"unit":"px","size":"","sizes":[]},"jkit_glass_blur_level":{"unit":"px","size":"","sizes":[]},"jkit_glass_blur_level_tablet":{"unit":"px","size":"","sizes":[]},"jkit_glass_blur_level_mobile":{"unit":"px","size":"","sizes":[]},"jet_family_widget_is_order_orientaion":"false","jet_family_widget_order_orientaion":"","jet_family_widget_order_orientaion_tablet":"","jet_family_widget_order_orientaion_mobile":"","jet_family_widget_is_flex_basis":"false","jet_family_widget_flex_basis":{"unit":"px","size":0,"sizes":[]},"jet_family_widget_flex_basis_tablet":{"unit":"px","size":"","sizes":[]},"jet_family_widget_flex_basis_mobile":{"unit":"px","size":"","sizes":[]},"content_width":"full"},"elements":[],"isInner":false,"widgetType":"text-editor","elType":"widget"}],"isInner":true,"elType":"container"}],"isInner":true,"elType":"container"}],"isInner":false,"elType":"container"},{"id":"7d3c5ca9","settings":{"flex_direction":"column","content_width":"full","padding":{"unit":"px","top":"20","right":"50","bottom":"50","left":"50","isLinked":false},"flex_gap":{"column":"32","row":"32","isLinked":true,"unit":"px","size":32},"padding_tablet":{"unit":"px","top":"24","right":"20","bottom":"40","left":"20","isLinked":false},"background_background":"classic","background_color":"#F8F9FA","hide_desktop":"hidden-desktop"},"elements":[{"id":"539ac418","settings":{"content_width":"full","min_height":{"unit":"px","size":560,"sizes":[]},"flex_direction":"column","flex_justify_content":"space-between","background_background":"classic","background_image":{"id":"42","url":"http:\/\/elementor-template.lifeonablock.com\/wp-content\/uploads\/2024\/09\/Untitled-design-6.jpg"},"background_position":"center center","background_repeat":"no-repeat","background_size":"cover","border_radius":{"unit":"px","top":"20","right":"20","bottom":"20","left":"20","isLinked":true},"padding":{"unit":"px","top":"0","right":"0","bottom":"0","left":"0","isLinked":false},"background_image_tablet":{"url":"https:\/\/webguard.dk\/wp-content\/uploads\/2024\/09\/Untitled-design-6.jpg","id":2673,"size":"","alt":"","source":"library"},"min_height_tablet":{"unit":"px","size":325,"sizes":[]},"min_height_mobile":{"unit":"px","size":368,"sizes":[]},"background_image_mobile":{"url":"https:\/\/webguard.dk\/wp-content\/uploads\/2024\/09\/Untitled-design-6.jpg","id":2673,"size":"","alt":"","source":"library"},"background_position_mobile":"center center"},"elements":[{"id":"7008470d","settings":{"content_width":"full","flex_direction":"row","flex_justify_content":"space-between","padding":{"unit":"px","top":"0","right":"0","bottom":"0","left":"0","isLinked":false},"flex_gap_mobile":{"column":"0","row":"0","isLinked":true,"unit":"px","size":0},"flex_wrap_mobile":"nowrap"},"elements":[],"isInner":true,"elType":"container"},{"id":"2e7f898","settings":{"content_width":"full","flex_direction":"row","padding":{"unit":"px","top":"0","right":"0","bottom":"0","left":"0","isLinked":false},"flex_justify_content":"space-between","flex_direction_tablet":"column","flex_gap_laptop":{"column":"70","row":"70","isLinked":true,"unit":"px","size":70},"padding_tablet":{"unit":"px","top":"20","right":"20","bottom":"0","left":"20","isLinked":false},"padding_mobile":{"unit":"px","top":"10","right":"10","bottom":"0","left":"10","isLinked":false},"flex_gap_tablet":{"column":"70","row":"70","isLinked":true,"unit":"px","size":70}},"elements":[{"id":"31dd03","settings":{"content_width":"full","width":{"unit":"px","size":960,"sizes":[]},"flex_direction":"row","flex_gap":{"column":"0","row":"0","isLinked":true,"unit":"px","size":0},"padding":{"unit":"px","top":"0","right":"0","bottom":"0","left":"0","isLinked":false},"flex_direction_laptop":"column","flex_gap_laptop":{"column":"33","row":"33","isLinked":true,"unit":"px","size":33},"width_tablet":{"unit":"%","size":100,"sizes":[]},"width_mobile":{"unit":"%","size":"","sizes":[]},"padding_tablet":{"unit":"px","top":"0","right":"0","bottom":"0","left":"0","isLinked":false}},"elements":[],"isInner":true,"elType":"container"}],"isInner":true,"elType":"container"}],"isInner":true,"elType":"container"},{"id":"6009ee3e","settings":{"content_width":"full","padding":{"unit":"px","top":"0","right":"0","bottom":"0","left":"0","isLinked":false},"z_index":1},"elements":[{"id":"54a7e735","settings":{"content_width":"full","carousel":[{"id":"132","url":"http:\/\/elementor-template.lifeonablock.com\/wp-content\/uploads\/2024\/09\/logo6.png"},{"id":"133","url":"http:\/\/elementor-template.lifeonablock.com\/wp-content\/uploads\/2024\/09\/logo1.png"},{"id":"134","url":"http:\/\/elementor-template.lifeonablock.com\/wp-content\/uploads\/2024\/09\/logo2.png"},{"id":"135","url":"http:\/\/elementor-template.lifeonablock.com\/wp-content\/uploads\/2024\/09\/logo3.png"},{"id":"136","url":"http:\/\/elementor-template.lifeonablock.com\/wp-content\/uploads\/2024\/09\/logo4.png"},{"id":"137","url":"http:\/\/elementor-template.lifeonablock.com\/wp-content\/uploads\/2024\/09\/logo5.png"}],"thumbnail_size":"full","slides_to_show":"6","navigation":"none","pause_on_hover":"","pause_on_interaction":"","autoplay_speed":0,"speed":3000,"gallery_vertical_align":"center","_css_classes":"clients_logo","custom_css":"selector .swiper-wrapper {\n    transition-timing-function: linear;\n}","slides_to_show_laptop":"5","slides_to_show_tablet":"4","slides_to_show_mobile":"2","carousel_name":"Image Carousel"},"elements":[],"isInner":false,"widgetType":"image-carousel","elType":"widget"}],"isInner":true,"elType":"container"}],"isInner":true,"elType":"container"},{"id":"1c41af14","settings":{"content_width":"full","flex_direction":"column","flex_gap":{"column":"30","row":"30","isLinked":true,"unit":"px","size":30},"padding":{"unit":"px","top":"0","right":"0","bottom":"0","left":"0","isLinked":false},"_title":"Code","background_background":"classic","background_color":"#F4F4F4"},"elements":[{"id":"561f5428","settings":{"content_width":"full","html":"<script>\r\n    document.addEventListener(\"DOMContentLoaded\", function() {\r\n        const tbtns = document.querySelectorAll(\".btn1 a\");\r\n\r\n        \/\/ Loop through all elements with class .btn a\r\n        tbtns.forEach(function(tbtn) {\r\n            const style = window.getComputedStyle(tbtn);\r\n            const tbtnWidthWithoutPadding = tbtn.offsetWidth - parseFloat(style.paddingLeft) - parseFloat(style.paddingRight);\r\n\r\n            const icon = tbtn.querySelector(\".elementor-button-icon\");\r\n            const iconStyle = window.getComputedStyle(icon);\r\n            const iconWidth = icon.offsetWidth;\r\n\r\n            \/\/ Calculate the padding and margin values\r\n            const paddingToAdd = tbtnWidthWithoutPadding - iconWidth;\r\n            const newPaddingLeft = parseFloat(iconStyle.paddingLeft) + paddingToAdd;\r\n\r\n            \/\/ Add hover event listener to each tbtn\r\n            tbtn.addEventListener('mouseover', function() {\r\n                \/\/ Apply the padding and negative margin when hovering\r\n                icon.style.paddingLeft = `${newPaddingLeft}px`;\r\n                icon.style.marginLeft = `-${paddingToAdd}px`;\r\n            });\r\n\r\n            \/\/ Remove the padding and negative margin when hover ends\r\n            tbtn.addEventListener('mouseout', function() {\r\n                \/\/ Reset the styles when the mouse leaves\r\n                icon.style.paddingLeft = '';  \/\/ Reset to original padding\r\n                icon.style.marginLeft = '';   \/\/ Reset to original margin\r\n            });\r\n        });\r\n    });\r\n<\/script>\r\n","_title":"Site CSS + buttons"},"elements":[],"isInner":false,"widgetType":"html","elType":"widget"},{"id":"3c192299","settings":{"content_width":"full","html":"<style>\n    .card{\n        will-change: transform;\n    }\n<\/style>\n\n<!-- Add these to your Elementor page head or footer -->\n<script src=\"https:\/\/cdnjs.cloudflare.com\/ajax\/libs\/gsap\/3.11.4\/gsap.min.js\"><\/script>\n<script src=\"https:\/\/cdnjs.cloudflare.com\/ajax\/libs\/gsap\/3.11.4\/ScrollTrigger.min.js\"><\/script>\n\n\n<script>\ndocument.addEventListener(\"DOMContentLoaded\", function() {\n    \/\/ Ensure GSAP and ScrollTrigger are available\n    if (typeof gsap !== \"undefined\" && typeof ScrollTrigger !== \"undefined\") {\n        gsap.registerPlugin(ScrollTrigger);\n\n        \/\/ Define different movement values for desktop and mobile\n        const isMobile = window.innerWidth <= 768;\n\n        const leftXValues = isMobile ? [-1500, -1500, -500] : [-800, -900, -400];\n        const rightXValues = isMobile ? [1500, 1500, 500] : [800, 900, 400];\n        const leftRotationValues = isMobile ? [-45, -40, -50] : [-30, -20, -35];\n        const rightRotationValues = isMobile ? [45, 40, 50] : [30, 20, 35];\n        const yValues = isMobile ? [200, -300, -700] : [100, -150, -400];\n\n        gsap.utils.toArray(\".row\").forEach((row, index) => {\n            const cardLeft = row.querySelector(\".card-left\");\n            const cardRight = row.querySelector(\".card-right\");\n\n            gsap.fromTo(cardLeft, \n                { x: 0, y: 0, rotation: 0 },\n                {\n                    x: leftXValues[index],\n                    rotation: leftRotationValues[index],\n                    scrollTrigger: {\n                        trigger: \".main\",\n                        start: \"top 80%\",\n                        end: \"150% bottom\",\n                        scrub: true,\n                        onUpdate: (self) => {\n                            const progress = self.progress;\n                            gsap.set(cardLeft, {\n                                x: progress * leftXValues[index],\n                                y: progress * yValues[index],\n                                rotation: progress * leftRotationValues[index]\n                            });\n                        },\n                    },\n                }\n            );\n\n            gsap.fromTo(cardRight,\n                { x: 0, y: 0, rotation: 0 },\n                {\n                    x: rightXValues[index],\n                    rotation: rightRotationValues[index],\n                    scrollTrigger: {\n                        trigger: \".main\",\n                        start: \"top 80%\",\n                        end: \"150% bottom\",\n                        scrub: true,\n                        onUpdate: (self) => {\n                            const progress = self.progress;\n                            gsap.set(cardRight, {\n                                x: progress * rightXValues[index],\n                                y: progress * yValues[index],\n                                rotation: progress * rightRotationValues[index]\n                            });\n                        },\n                    },\n                }\n            );\n        });\n    } else {\n        console.error(\"GSAP or ScrollTrigger not found.\");\n    }\n});\n<\/script>\n"},"elements":[],"isInner":false,"widgetType":"html","elType":"widget"}],"isInner":true,"elType":"container"},{"id":"c077fd8","settings":{"background_background":"classic","padding":{"unit":"px","top":"80","right":"40","bottom":"080","left":"40","isLinked":false},"background_color_b":"#C4C4C4","background_gradient_angle":{"unit":"deg","size":134,"sizes":[]},"background_color_b_stop":{"unit":"%","size":79,"sizes":[]},"background_gradient_position":"top center","margin":{"unit":"px","top":"0","right":"0","bottom":"0","left":"0","isLinked":false},"background_color_stop":{"unit":"%","size":70,"sizes":[]},"overflow":"hidden","padding_mobile":{"unit":"px","top":"40","right":"20","bottom":"050","left":"20","isLinked":false},"__globals__":{"background_color":""},"background_color":"#F4F4F4","padding_tablet":{"unit":"px","top":"050","right":"30","bottom":"050","left":"30","isLinked":false},"_element_id":"wavee"},"elements":[{"id":"417705e7","settings":{"content_width":"full","image":{"id":"17","url":"http:\/\/elementor-template.lifeonablock.com\/wp-content\/uploads\/2024\/09\/YouTube-Thumbnail-16.svg"},"align":"center","width":{"unit":"%","size":3,"sizes":[]},"width_tablet":{"unit":"%","size":7,"sizes":[]},"width_mobile":{"unit":"%","size":19,"sizes":[]}},"elements":[],"isInner":false,"widgetType":"image","elType":"widget"},{"id":"660f7d58","settings":{"title":"<span class=\"tofarver\"> Some of the Clients<\/span><br>We've Worked With","title_color":"#000000","typography_typography":"custom","typography_font_family":"Kameron","typography_font_size":{"unit":"px","size":45,"sizes":[]},"typography_font_weight":"600","pa_condition_repeater":[],"premium_tooltip_text":"Hi, I'm a global tooltip.","premium_tooltip_position":"top,bottom","_element_width":"inherit","_element_custom_width":{"unit":"%","size":90,"sizes":[]},"typography_font_size_tablet":{"unit":"px","size":35,"sizes":[]},"typography_line_height_tablet":{"unit":"px","size":45,"sizes":[]},"typography_line_height_mobile":{"unit":"em","size":1.3,"sizes":[]},"_element_custom_width_tablet":{"unit":"%","size":90,"sizes":[]},"_element_custom_width_mobile":{"unit":"%","size":"","sizes":[]},"align":"center","typography_text_transform":"capitalize","content_width":"full","typography_font_size_mobile":{"unit":"px","size":31,"sizes":[]},"_padding_mobile":{"unit":"px","top":"0","right":"0","bottom":"0","left":"0","isLinked":false}},"elements":[],"isInner":false,"widgetType":"heading","elType":"widget"},{"id":"4aab192b","settings":{"editor":"<div class=\"flex max-w-full flex-col flex-grow\"><div class=\"min-h-[20px] text-message flex w-full flex-col items-end gap-2 whitespace-normal break-words [.text-message+&amp;]:mt-5\" dir=\"auto\" data-message-author-role=\"assistant\" data-message-id=\"0a2298c2-7f3f-4962-b97a-750f07075d60\"><div class=\"flex w-full flex-col gap-1 empty:hidden first:pt-[3px]\"><div class=\"markdown prose w-full break-words dark:prose-invert light\"><p>We partner with businesses to create solutions that drive real results. From improving workflows to boosting their online presence, these case studies showcase how we've helped our clients grow and succeed through collaboration and innovation.<\/p><\/div><\/div><\/div><\/div>","__globals__":{"typography_typography":""},"text_color":"#000000","typography_typography":"custom","typography_font_family":"Montserrat","typography_font_size":{"unit":"px","size":15,"sizes":[]},"typography_font_weight":"500","typography_line_height":{"unit":"px","size":27,"sizes":[]},"pa_condition_repeater":[],"premium_tooltip_text":"Hi, I'm a global tooltip.","premium_tooltip_position":"top,bottom","align":"center","_margin_tablet":{"unit":"px","top":"0","right":"0","bottom":"0","left":"0","isLinked":false},"_margin_mobile":{"unit":"px","top":"0","right":"0","bottom":"0","left":"0","isLinked":false},"_padding":{"unit":"px","top":"0","right":"0","bottom":"0","left":"0","isLinked":false},"content_width":"full","_padding_tablet":{"unit":"px","top":"0","right":"50","bottom":"0","left":"50","isLinked":false},"_padding_mobile":{"unit":"px","top":"0","right":"0","bottom":"0","left":"0","isLinked":false}},"elements":[],"isInner":false,"widgetType":"text-editor","elType":"widget"},{"id":"5eef81ea","settings":{"content_width":"full","source_json":{"id":"97","url":"http:\/\/elementor-template.lifeonablock.com\/wp-content\/uploads\/2024\/09\/Animation-1725448586238.json"},"loop":"yes","width":{"unit":"%","size":7,"sizes":[]},"_margin":{"unit":"px","top":"0","right":"0","bottom":"-68","left":"0","isLinked":false},"css_filters_css_filter":"custom","css_filters_brightness":{"unit":"px","size":0,"sizes":[]},"css_filters_contrast":{"unit":"px","size":49,"sizes":[]},"css_filters_saturate":{"unit":"px","size":88,"sizes":[]},"css_filters_hue":{"unit":"px","size":150,"sizes":[]},"_element_custom_width":{"unit":"%","size":28,"sizes":[]},"width_mobile":{"unit":"%","size":22,"sizes":[]},"_margin_mobile":{"unit":"px","top":"0","right":"0","bottom":"0","left":"0","isLinked":false},"_margin_tablet":{"unit":"px","top":"0","right":"0","bottom":"-35","left":"0","isLinked":false}},"elements":[],"isInner":false,"widgetType":"lottie","elType":"widget"},{"id":"4bd9c592","settings":{"content_width":"full","html":"<!DOCTYPE html>\n<html lang=\"en\">\n  <head>\n    <meta charset=\"UTF-8\" \/>\n    <meta name=\"viewport\" content=\"width=device-width, initial-scale=1.0\" \/>\n    <title>Document<\/title>\n    <link rel=\"stylesheet\" href=\"main.css\" \/>\n  <\/head>\n  <body>\n    <div class=\"wrapper\">\n      <div class=\"imgs-parent\">\n        <div class=\"img\" style=\"background-image: url(http:\/\/elementor-template.lifeonablock.com\/wp-content\/uploads\/2024\/10\/wave-1.webp)\">\n          <div class=\"content\">\n            <h3>Fusion\u00ae<\/h3>\n            <a href=\"https:\/\/michellewp.gumroad.com\/l\/bvwiw\" class=\"btn\">Read More<\/a>\n          <\/div>\n        <\/div>\n        <div class=\"img\" style=\"background-image: url(http:\/\/elementor-template.lifeonablock.com\/wp-content\/uploads\/2024\/10\/wave-2.webp)\">\n          <div class=\"content\">\n            <h3>Panzer Collect<\/h3>\n            <a href=\"https:\/\/michellewp.gumroad.com\/l\/bvwiw\" class=\"btn\">Read More<\/a>\n          <\/div>\n        <\/div>\n        <div class=\"img\" style=\"background-image: url(http:\/\/elementor-template.lifeonablock.com\/wp-content\/uploads\/2024\/10\/Wave-3.jpg)\">\n          <div class=\"content\">\n            <h3>BikeUP\u2122<\/h3>\n            <a href=\"https:\/\/michellewp.gumroad.com\/l\/bvwiw\" class=\"btn\">Read More<\/a>\n          <\/div>\n        <\/div>\n        <div class=\"img\" style=\"background-image: url(http:\/\/elementor-template.lifeonablock.com\/wp-content\/uploads\/2024\/10\/wave-4.webp)\">\n          <div class=\"content\">\n            <h3>Basic Apparel<\/h3>\n            <a href=\"https:\/\/michellewp.gumroad.com\/l\/bvwiw\" class=\"btn\">Read More<\/a>\n          <\/div>\n        <\/div>\n        <div class=\"img\" style=\"background-image: url(http:\/\/elementor-template.lifeonablock.com\/wp-content\/uploads\/2024\/10\/Wave-5.jpg)\">\n          <div class=\"content\">\n            <h3>Shaping Shoe<\/h3>\n            <a href=\"\/contact-us\/\" class=\"btn\">Read More<\/a>\n          <\/div>\n        <\/div>\n        <div class=\"img\" style=\"background-image: url(http:\/\/elementor-template.lifeonablock.com\/wp-content\/uploads\/2024\/10\/Wave-6.jpg)\">\n          <div class=\"content\">\n            <h3>ARkk Project<\/h3>\n            <a href=\"https:\/\/michellewp.gumroad.com\/l\/bvwiw\/\" class=\"btn\">Read More<\/a>\n          <\/div>\n        <\/div>\n        <div class=\"img\" style=\"background-image: url(http:\/\/elementor-template.lifeonablock.com\/wp-content\/uploads\/2024\/10\/Wave-7.webp)\">\n          <div class=\"content\">\n            <h3>Bahne TML<\/h3>\n            <a href=\"https:\/\/michellewp.gumroad.com\/l\/bvwiw\" class=\"btn\">Read More<\/a>\n          <\/div>\n        <\/div>\n        <div class=\"img\" style=\"background-image: url(http:\/\/elementor-template.lifeonablock.com\/wp-content\/uploads\/2024\/10\/Wave-8.webp)\">\n          <div class=\"content\">\n            <h3>Bahne TML<\/h3>\n            <a href=\"https:\/\/michellewp.gumroad.com\/l\/bvwiw\" class=\"btn\">Read More<\/a>\n          <\/div>\n        <\/div>\n        <div class=\"img\" style=\"background-image: url(http:\/\/elementor-template.lifeonablock.com\/wp-content\/uploads\/2024\/10\/Wave-9.webp)\">\n          <div class=\"content\">\n            <h3>DEA Clothing<\/h3>\n            <a href=\"https:\/\/michellewp.gumroad.com\/l\/bvwiw\" class=\"btn\">Read More<\/a>\n          <\/div>\n          \n        <\/div>\n      <\/div>\n    <\/div>\n  <\/body>\n<\/html>\n","_margin_tablet":{"unit":"px","top":"-30","right":"0","bottom":"-30","left":"0","isLinked":false}},"elements":[],"isInner":false,"widgetType":"html","elType":"widget"},{"id":"66c0c2f9","settings":{"content_width":"full","text":"Work with us","selected_icon":{"value":"fas fa-arrow-right","library":"fa-solid"},"icon_align":"row-reverse","icon_indent":{"unit":"px","size":21,"sizes":[]},"typography_typography":"custom","typography_font_family":"Montserrat","typography_font_weight":"600","button_text_color":"#FFFFFF","background_color":"#0071E3","border_radius":{"unit":"px","top":"41","right":"41","bottom":"41","left":"41","isLinked":true},"text_padding":{"unit":"px","top":"15","right":"15","bottom":"15","left":"15","isLinked":true},"__globals__":{"button_text_color":""},"_margin":{"unit":"px","top":"0","right":"0","bottom":"0","left":"0","isLinked":false},"background_background":"gradient","background_color_b":"#25409E","background_gradient_angle":{"unit":"deg","size":140,"sizes":[]},"align":"center","background_color_stop":{"unit":"%","size":42,"sizes":[]},"__dynamic__":{"link":"[elementor-tag id=\"8d69b86\" name=\"internal-url\" settings=\"%7B%22type%22%3A%22post%22%2C%22post_id%22%3A978%2C%22taxonomy_id%22%3A%22%22%2C%22attachment_id%22%3A%22%22%2C%22author_id%22%3A%22%22%7D\"]"},"hover_color":"#000000","align_tablet":"right","typography_font_size":{"unit":"px","size":15,"sizes":[]},"typography_font_size_tablet":{"unit":"px","size":14,"sizes":[]},"button_background_hover_color":"#000000","text_padding_tablet":{"unit":"px","top":"5","right":"5","bottom":"5","left":"5","isLinked":true},"_element_width":"auto","_element_width_tablet":"auto","_element_custom_width":{"unit":"%","size":26,"sizes":[]},"_element_custom_width_tablet":{"unit":"px","size":25,"sizes":[]},"hide_mobile":"hidden-mobile"},"elements":[],"isInner":false,"widgetType":"button","elType":"widget"},{"id":"4e1116f8","settings":{"content_width":"full","html":"<style>\n* {\n  margin: 0;\n  padding: 0;\n  box-sizing: border-box;\n}\n\n:root {\n  --transition: cubic-bezier(0.1, 0.7, 0, 1);\n}\n\nbody {\n  background: linear-gradient(90deg, black, #333);\n}\n\n.wrapper {\n  display: flex;\n  align-items: center;\n  justify-content: center;\n  height: 40vh;\n}\n\n.imgs-parent {\n  display: flex;\n  gap: 0.4rem;\n  perspective: 60rem;\n}\n\n.img {\n  width: 8.0rem;\n  height: 19rem;\n  background-size: cover;\n  background-position: center;\n  cursor: pointer;\n  transition: transform 1.25s var(--transition), filter 3s var(--transition), width 0.3s var(--transition);\n  position: relative;\n  filter: grayscale(0) brightness(0.7);\n  will-change: transform, filter;\n  border-radius: 8px;\n}\n\n.content {\n  position: absolute;\n  bottom: 0;\n  left: 0;\n  width: 100%;\n  padding: 10px;\n  color: white;\n  text-align: center;\n  opacity: 0;\n  visibility: hidden;\n  transition: opacity 0.3s ease, visibility 0.3s ease;\n}\n\nh3 {\n  font-size: 15px;\n  margin-bottom: 5px;\n}\n\n\/* Knappen *\/\n.btn {\n  display: inline-block;\n   font-family: \"Montserrat\", Sans-serif;\n  padding: 4px 10px;\nbackground-color: transparent;\n    background-image: linear-gradient(140deg, #0071E3 42%, #25409E 100%);\n  color: white;\n  text-decoration: none;\n  font-size: 12px;\n      font-weight: 600;\n       fill: #000000;\n  border-radius: 15px;\n  text-align: center;\n  transition: background-color 0.3s ease, opacity 0.3s ease, visibility 0.3s ease;\n  opacity: 0;\n  visibility: hidden;\n  margin-bottom: 8px;\n}\n\n.img:hover .btn,\n.img:hover .content {\n  opacity: 1;\n  visibility: visible;\n}\n\n.btn:hover {\n  background-color: #005bb5;\n}\n\n.img:hover {\n  transform: translateZ(17.375rem);\n  filter: grayscale(0) brightness(0.9);\n}\n\n.img:hover .content {\n  display: flex;\n  flex-direction: column;\n  justify-content: flex-end;\n}\n\n.img::before,\n.img::after {\n  content: \"\";\n  position: absolute;\n  width: 1.25rem;\n  height: 100%;\n  right: -1.25rem;\n}\n\n.img::after {\n  left: -1.25rem;\n}\n\n.img:hover + * {\n  transform: translateZ(14.77rem) rotateY(35deg);\n  filter: grayscale(0.2) brightness(0.9);\n  z-index: -1;\n}\n\n.img:hover + * + * {\n  transform: translateZ(9.73rem) rotateY(40deg);\n  filter: grayscale(0.4) brightness(0.8);\n  z-index: -2;\n}\n\n.img:hover + * + * + * {\n  transform: translateZ(4.17rem) rotateY(35deg);\n  filter: grayscale(0.6) brightness(0.7);\n  z-index: -3;\n}\n\n.img:hover + * + * + * + * {\n  transform: translateZ(1.1rem) rotateY(25deg);\n  filter: grayscale(0.8) brightness(0.6);\n  z-index: -4;\n}\n\n.img:has(+ :hover) {\n  transform: translateZ(14.77rem) rotateY(-35deg);\n  filter: grayscale(0.2) brightness(0.9);\n}\n\n.img:has(+ * + :hover) {\n  transform: translateZ(9.73rem) rotateY(-40deg);\n  filter: grayscale(0.4) brightness(0.8);\n}\n\n.img:has(+ * + * + :hover) {\n  transform: translateZ(4.17rem) rotateY(-35deg);\n  filter: grayscale(0.6) brightness(0.7);\n}\n\n.img:has(+ * + * + * + :hover) {\n  transform: translateZ(1.1rem) rotateY(-25deg);\n  filter: grayscale(0.8) brightness(0.6);\n}\n\n.open {\n  width: 25vw;\n  transform: translateZ(17.375rem);\n  filter: inherit;\n  z-index: 1;\n  margin: 0 0.45vw;\n}\n\n@media (max-width: 820px) {\n  .img {\n    width: 8.0rem;\n    height: 19rem;\n  }\n\n  .img:hover {\n    transform: translateZ(17.375rem);\n    filter: inherit;\n  }\n\n  .open {\n    width: 20vw;\n    transform: translateZ(7.375rem);\n    filter: inherit;\n    z-index: 1;\n    margin: 0 0.45vw;\n  }\n}\n\n\n    \n<\/style>"},"elements":[],"isInner":false,"widgetType":"html","elType":"widget"},{"id":"4b54b9fb","settings":{"content_width":"full","html":"<script>\n    \n    document.body.addEventListener(\"click\", (event) => {\n  const clickedElement = event.target,\n    imgs = document.querySelectorAll(\".img\");\n\n  if (!clickedElement.classList.contains(\"img\")) {\n    imgs.forEach((img) => img.classList.remove(\"open\"));\n    return;\n  }\n\n  if (clickedElement.classList.contains(\"open\")) {\n    clickedElement.classList.remove(\"open\");\n    return;\n  }\n\n  imgs.forEach((img) => img.classList.remove(\"open\"));\n  clickedElement.classList.add(\"open\");\n});\n\ndocument.body.addEventListener(\"click\", (event) => {});\n    \n<\/script>"},"elements":[],"isInner":false,"widgetType":"html","elType":"widget"}],"isInner":false,"elType":"container"}],"settings":{"template":"default","hide_title":"yes","custom_css":"\/* Buttons *\/\n\n\n@-webkit-keyframes in {\n    0%   { -webkit-transform: translate(0%,0%); }\n    20%   { \n        -webkit-filter: opacity(0);\n        -webkit-transform: translate(-50%,0%); }\n    40%   { \n        -webkit-filter: opacity(0);\n        -webkit-transform: translate(-50%,50%); }\n    60%   {\n        -webkit-filter: opacity(0);\n        -webkit-transform: translate(50%,50%); }\n    80%   { \n        -webkit-filter: opacity(0);\n        -webkit-transform: translate(50%,0); }\n    100%   { -webkit-transform: translate(0,0); }\n}\n\n@-webkit-keyframes out {\n    0%   { -webkit-transform: translate(0,0); }\n    20%   { \n        -webkit-filter: opacity(0);\n        -webkit-transform: translate(50%,0); }\n    40%   {\n        -webkit-filter: opacity(0);\n        -webkit-transform: translate(50%,50%); }\n    60%   { \n        -webkit-filter: opacity(0);\n        -webkit-transform: translate(-50%,50%); }\n    80%   { \n        -webkit-filter: opacity(0);\n        -webkit-transform: translate(-50%,0%); }\n    100%   { -webkit-transform: translate(0%,0%); }\n}\n\n\n.btn1{\n    .elementor-button-content-wrapper{\n        align-items: center;\n        padding-left: 10px;\n    }\n    .elementor-button-icon{\n        background: white;\n        color: black;\n        padding-top:12px;\n        padding-right: 10px;\n        padding-bottom: 10px;\n        padding-left: 13px;\n        border-radius: 60px;\n        transition: all 0.2s ease;\n    }\n    .elementor-button-icon > :first-child{\n        -webkit-animation: in 0.2s;\n    }\n    .elementor-button-text{\n        z-index: 9;\n        margin-left: 20px;\n        color: white;\n    }\n}\n.btn1:hover{\n    .elementor-button-icon{\n        \/*margin-left: calc(-100%);*\/\n        \/*padding-left: calc(100%);*\/\n    }\n    .elementor-button-icon > :first-child{\n    -webkit-animation: out 0.2s;\n    }\n    \n    .elementor-button-text{\n        z-index: 9;\n        margin-left: 20px;\n        color: black;\n    }\n    \n}"},"metadata":[]}