{"content":[{"id":"2659caf2","settings":{"flex_direction":"column","min_height":{"unit":"vh","size":80,"sizes":[]},"min_height_tablet":{"unit":"vh","size":63,"sizes":[]},"min_height_mobile":{"unit":"vh","size":"","sizes":[]},"content_width":"full","width":{"unit":"%","size":100},"flex_justify_content":"flex-start","flex_align_items":"center","_flex_size":"none","_element_width":"initial","background_background":"classic","padding":{"unit":"px","top":"50","right":"50","bottom":"50","left":"50","isLinked":false},"overflow":"hidden","margin":{"unit":"px","top":"0","right":"0","bottom":"0","left":"0","isLinked":false},"__globals__":{"background_color":"globals\/colors?id=748f8e4"},"margin_tablet":{"unit":"px","top":"0","right":"0","bottom":"0","left":"0","isLinked":false},"margin_mobile":{"unit":"px","top":"0","right":"0","bottom":"0","left":"0","isLinked":false},"padding_mobile":{"unit":"px","top":"40","right":"20","bottom":"0","left":"20","isLinked":false},"_title":"Don't work with us","padding_tablet":{"unit":"px","top":"060","right":"50","bottom":"80","left":"50","isLinked":false},"z_index":1},"elements":[{"id":"1186491f","settings":{"html":"<style>\r\n\r\n    :root{\r\n        --toggle-background-color: #0071E3;\r\n        --dont-color: #ee4444;\r\n    }\r\n\r\n\r\n\r\n\r\n\r\n\r\n\r\n\r\n\r\n    @keyframes cfadeInRight {\r\n        from {\r\n            opacity: 0;\r\n            transform: translate3d(15px, 0, 0); \/* Adjust the distance as needed *\/\r\n        }\r\n        to {\r\n            opacity: 1;\r\n            transform: translate3d(0, 0, 0);\r\n        }\r\n    }\r\n    \r\n    @keyframes dfadeInRight {\r\n        from {\r\n            opacity: 0;\r\n            transform: translate3d(30px, 0, 0); \/* Adjust the distance as needed *\/\r\n        }\r\n        to {\r\n            opacity: 1;\r\n            transform: translate3d(0, 0, 0);\r\n        }\r\n    }\r\n\r\n    .anim {\r\n        opacity: 0;\r\n        animation: cfadeInRight 0.3s forwards;\r\n    \r\n    }\r\n    .anim2 {\r\n        opacity: 0;\r\n        animation: dfadeInRight 0.3s forwards;\r\n    \r\n    }\r\n\r\n\r\n    .do{\r\n        wwill-change: transform;\r\n        transition: all 0.2s ease;\r\n    }\r\n    .toggle, .toggle-slider{\r\n        cursor: pointer;\r\n    }\r\n    .toggle{\r\n        will-change: transform;\r\n        transition: all 0.3s ease;\r\n    }\r\n    .toggle-slider{\r\n        transition: all 0.3s ease;\r\n        will-change: transform;\r\n    }\r\n    .d-none{\r\n        display: none;\r\n    }\r\n    .on.toggle{\r\n        background: var(--toggle-background-color) !important;\r\n    }\r\n    .on.toggle-mobile{\r\n        background: var(--toggle-background-color) !important;\r\n    }\r\n    .on .toggle-slider{\r\n        transform:translateX(35px) !important;\r\n    }\r\n    \r\n    .toggle-mobile.on .toggle-slider{\r\n        transform:translateX(22px) !important;\r\n    }\r\n<\/style>\r\n<script>\r\n    document.addEventListener(\"DOMContentLoaded\", function() {\r\n        const toggle = document.querySelector(\".toggle\");\r\n        const toggleMobile = document.querySelector(\".toggle-mobile\");\r\n        const toggleSlider = document.querySelector(\".toggle-slider\");\r\n        const sec1 = document.querySelector(\".section-1\");\r\n        const sec2 = document.querySelector(\".section-2\");\r\n        const doele = document.querySelector(\".do .elementor-heading-title\");\r\n        const sec1inners = sec1.querySelectorAll(\".delay\");\r\n        const sec2inners = sec2.querySelectorAll(\".delay\");\r\n        sec1inners.forEach((element, index) => {\r\n            const delay = (index % 3) * 0.2; \/\/ Cycle through 0s, 0.2s, 0.4s\r\n            element.style.animationDelay = `${delay}s`;\r\n        });\r\n        sec2inners.forEach((element, index) => {\r\n            const delay = (index % 3) * 0.1; \/\/ Cycle through 0s, 0.2s, 0.4s\r\n            element.style.animationDelay = `${delay}s`;\r\n        });\r\n        \r\n        \r\n        \r\n        \r\n    toggle.addEventListener(\"click\", function() {\r\n            toggle.classList.toggle(\"on\");\r\n            \r\n            \/\/ Toggle the text between \"do\" and \"don't\"\r\n            if (doele.innerText === \"blue\") {\r\n                doele.innerText = \"red\";\r\n                toggle.style.marginLeft = \"0px\";\r\n                doele.style.color = \"var(--dont-color)\";\r\n            } else {\r\n                doele.innerText = \"blue\";\r\n                toggle.style.marginLeft = \"0px\";\r\n                doele.style.color = \"var(--toggle-background-color)\";\r\n            }\r\n            \r\n            \/\/ Toggle the visibility of the sections\r\n            sec1.classList.toggle(\"d-none\");\r\n            sec2.classList.toggle(\"d-none\");\r\n        });   \r\n    \r\n    toggleMobile.addEventListener(\"click\", function() {\r\n            toggleMobile.classList.toggle(\"on\");\r\n            \r\n            \/\/ Toggle the text between \"do\" and \"don't\"\r\n            if (doele.innerText === \"do\") {\r\n                doele.innerText = \"don't\";\r\n                \r\n                doele.style.color = \"var(--dont-color)\";\r\n            } else {\r\n                doele.innerText = \"do\";\r\n                doele.style.color = \"var(--toggle-background-color)\";\r\n            }\r\n            \r\n            \/\/ Toggle the visibility of the sections\r\n            sec1.classList.toggle(\"d-none\");\r\n            sec2.classList.toggle(\"d-none\");\r\n        });   \r\n    });\r\n<\/script>\r\n\r\n\r\n"},"elements":[],"isInner":false,"widgetType":"html","elType":"widget"},{"id":"b4729fe","settings":{"flex_direction":"row","flex_gap":{"column":"0","row":"0","isLinked":true,"unit":"px","size":0},"boxed_width":{"unit":"px","size":1400,"sizes":[]},"padding":{"unit":"px","top":"0","right":"0","bottom":"0","left":"0","isLinked":false},"flex_direction_tablet":"column","padding_tablet":{"unit":"px","top":"0","right":"0","bottom":"0","left":"0","isLinked":false},"padding_mobile":{"unit":"px","top":"0","right":"0","bottom":"0","left":"0","isLinked":false}},"elements":[{"id":"501a465d","settings":{"content_width":"full","width":{"unit":"%","size":49},"flex_direction":"row","flex_wrap":"wrap","_flex_size":"none","_element_width":"initial","flex_justify_content_mobile":"center","flex_gap":{"column":"10","row":"10","isLinked":true,"unit":"px","size":10},"flex_gap_mobile":{"column":"7","row":"7","isLinked":true,"unit":"px","size":7},"width_tablet":{"unit":"%","size":100,"sizes":[]},"width_mobile":{"unit":"%","size":"","sizes":[]}},"elements":[{"id":"4a02c1d4","settings":{"content_width":"full","text":"Click me","link":{"url":"","is_external":"","nofollow":"","custom_attributes":""},"selected_icon":{"value":"fas fa-level-down-alt","library":"fa-solid"},"icon_align":"row-reverse","icon_indent":{"unit":"px","size":13,"sizes":[]},"align":"left","typography_typography":"custom","typography_font_family":"Montserrat","typography_font_size":{"unit":"px","size":20,"sizes":[]},"typography_font_weight":"600","button_text_color":"#1E86FC","background_color":"#61CE7000","background_color_b":"#52ECA5","background_color_b_stop":{"unit":"%","size":54,"sizes":[]},"background_gradient_angle":{"unit":"deg","size":134,"sizes":[]},"hover_color":"#1E86FC","button_background_hover_background":"","button_background_hover_color":"#A0FFD3","button_hover_border_color":"#62FFB700","border_radius":{"unit":"px","top":"0","right":"0","bottom":"0","left":"0","isLinked":true},"text_padding":{"unit":"px","top":"0","right":"0","bottom":"0","left":"0","isLinked":false},"_margin":{"unit":"px","top":"0","right":"0","bottom":"18","left":"0","isLinked":false},"_padding":{"unit":"px","top":"0","right":"0","bottom":"0","left":"0","isLinked":false},"_element_width":"inherit","_transform_rotate_popover":"transform","_transform_rotateZ_effect":{"unit":"px","size":34,"sizes":[]},"_transform_translate_popover":"transform","_transform_translateX_effect":{"unit":"px","size":315,"sizes":[]},"_transform_translateY_effect":{"unit":"px","size":63,"sizes":[]},"_transform_skewX_effect":{"unit":"px","size":36,"sizes":[]},"_animation":"fadeIn","hide_desktop":"hidden-desktop","hide_tablet":"hidden-tablet","hide_mobile":"hidden-mobile"},"elements":[],"isInner":false,"widgetType":"button","elType":"widget"},{"id":"3ab24d09","settings":{"content_width":"full","min_height_mobile":{"unit":"px","size":46,"sizes":[]},"flex_justify_content_mobile":"center","flex_align_items_mobile":"center","flex_direction_mobile":"row","margin_tablet":{"unit":"px","top":"0","right":"0","bottom":"50","left":"0","isLinked":false},"margin_mobile":{"unit":"px","top":"0","right":"0","bottom":"0","left":"0","isLinked":false},"hide_tablet":"hidden-tablet","z_index_mobile":999},"elements":[{"id":"40f095c2","settings":{"content_width":"full","width":{"unit":"px","size":130,"sizes":[]},"min_height":{"unit":"px","size":64,"sizes":[]},"background_background":"classic","background_color":"#99999991","border_radius":{"unit":"px","top":"32","right":"32","bottom":"32","left":"32","isLinked":true},"padding":{"unit":"px","top":"7","right":"7","bottom":"7","left":"7","isLinked":true},"css_classes":"toggle-mobile on","_title":"toggle","margin":{"unit":"px","top":"0","right":"0","bottom":"0","left":"0","isLinked":false},"width_mobile":{"unit":"px","size":100,"sizes":[]},"flex_justify_content_mobile":"center","position":"absolute","_offset_x_mobile":{"unit":"%","size":50,"sizes":[]},"_transform_translate_popover":"transform","_transform_translateX_effect_mobile":{"unit":"%","size":-50,"sizes":[]},"hide_desktop":"hidden-desktop","min_height_mobile":{"unit":"px","size":53,"sizes":[]},"padding_mobile":{"unit":"px","top":"2","right":"4","bottom":"2","left":"4","isLinked":false},"_flex_align_self_mobile":"center","width_tablet":{"unit":"px","size":80,"sizes":[]},"min_height_tablet":{"unit":"px","size":20,"sizes":[]},"padding_tablet":{"unit":"px","top":"8","right":"8","bottom":"8","left":"8","isLinked":true},"flex_align_items_mobile":"center","z_index_mobile":999999,"margin_mobile":{"unit":"px","top":"0","right":"0","bottom":"0","left":"0","isLinked":false}},"elements":[{"id":"776d20b9","settings":{"content_width":"full","_element_width":"initial","_element_custom_width":{"unit":"px","size":50,"sizes":[]},"_offset_x":{"unit":"px","size":7,"sizes":[]},"_offset_y":{"unit":"px","size":7,"sizes":[]},"_css_classes":"toggle-slider","_background_background":"classic","_background_color":"#FFFFFF","_border_radius":{"unit":"%","top":"50","right":"50","bottom":"50","left":"50","isLinked":true},"_border_radius_tablet":{"unit":"%","top":"","right":"","bottom":"","left":"","isLinked":true},"_border_radius_mobile":{"unit":"%","top":"","right":"","bottom":"","left":"","isLinked":true},"space_mobile":{"unit":"px","size":40,"sizes":[]},"_element_custom_width_mobile":{"unit":"px","size":40,"sizes":[]},"space_tablet":{"unit":"px","size":40,"sizes":[]},"_element_custom_width_tablet":{"unit":"px","size":40,"sizes":[]}},"elements":[],"isInner":false,"widgetType":"spacer","elType":"widget"}],"isInner":true,"elType":"container"}],"isInner":true,"elType":"container"},{"id":"6e865a6a","settings":{"content_width":"full","image":{"id":"17","url":"http:\/\/elementor-template.lifeonablock.com\/wp-content\/uploads\/2024\/09\/YouTube-Thumbnail-16.svg"},"title_text":"What Is The Difference?","description_text":"","position":"left","image_space":{"unit":"px","size":7,"sizes":[]},"title_bottom_space":{"unit":"px","size":8,"sizes":[]},"image_size":{"unit":"%","size":5,"sizes":[]},"title_color":"#000000","title_typography_typography":"custom","title_typography_font_family":"Montserrat","title_typography_font_size":{"unit":"px","size":15,"sizes":[]},"title_typography_font_weight":"600","title_typography_line_height":{"unit":"px","size":5,"sizes":[]},"_margin":{"unit":"px","top":"0","right":"0","bottom":"3","left":"9","isLinked":false},"image_size_mobile":{"unit":"%","size":10,"sizes":[]},"_margin_tablet":{"unit":"px","top":"0","right":"0","bottom":"0","left":"0","isLinked":false},"hide_tablet":"hidden-tablet","hide_mobile":"hidden-mobile"},"elements":[],"isInner":false,"widgetType":"image-box","elType":"widget"},{"id":"73203bc5","settings":{"content_width":"full","title":"Change text","title_color":"#000000","typography_typography":"custom","typography_font_family":"Kameron","typography_font_size":{"unit":"px","size":45,"sizes":[]},"typography_font_weight":"600","_element_width":"inherit","_flex_align_self":"center","_flex_size":"grow","align_mobile":"center","typography_font_size_mobile":{"unit":"px","size":35,"sizes":[]},"typography_font_size_tablet":{"unit":"px","size":45,"sizes":[]},"_margin_tablet":{"unit":"px","top":"0","right":"0","bottom":"0","left":"0","isLinked":false},"_margin_mobile":{"unit":"px","top":"18","right":"0","bottom":"0","left":"0","isLinked":false}},"elements":[],"isInner":false,"widgetType":"heading","elType":"widget"},{"id":"125b8f21","settings":{"content_width":"full","title":"blue","title_color":"#0071E3","typography_typography":"custom","typography_font_family":"Kameron","typography_font_size":{"unit":"px","size":45,"sizes":[]},"typography_font_weight":"600","_flex_align_self":"center","_css_classes":"do","_element_width":"initial","_element_custom_width":{"unit":"px","size":98,"sizes":[]},"typography_font_size_mobile":{"unit":"px","size":35,"sizes":[]},"_element_width_mobile":"auto","typography_font_size_tablet":{"unit":"px","size":40,"sizes":[]},"_element_custom_width_tablet":{"unit":"px","size":50,"sizes":[]}},"elements":[],"isInner":false,"widgetType":"heading","elType":"widget"},{"id":"7bd3531c","settings":{"content_width":"full","width":{"unit":"px","size":89,"sizes":[]},"min_height":{"unit":"px","size":0,"sizes":[]},"background_background":"classic","background_color":"#99999991","border_radius":{"unit":"px","top":"32","right":"32","bottom":"32","left":"32","isLinked":true},"padding":{"unit":"px","top":"5","right":"5","bottom":"5","left":"5","isLinked":true},"css_classes":"toggle on","_title":"toggle","margin":{"unit":"px","top":"0","right":"0","bottom":"0","left":"0","isLinked":false},"hide_mobile":"hidden-mobile","_flex_align_self":"center"},"elements":[{"id":"6477aad7","settings":{"content_width":"full","_element_width":"initial","_element_custom_width":{"unit":"px","size":42,"sizes":[]},"_offset_x":{"unit":"px","size":7,"sizes":[]},"_offset_y":{"unit":"px","size":7,"sizes":[]},"_css_classes":"toggle-slider","_background_background":"classic","_background_color":"#FFFFFF","_border_radius":{"unit":"%","top":"50","right":"50","bottom":"50","left":"50","isLinked":true},"_border_radius_tablet":{"unit":"%","top":"","right":"","bottom":"","left":"","isLinked":true},"_border_radius_mobile":{"unit":"%","top":"","right":"","bottom":"","left":"","isLinked":true},"space":{"unit":"px","size":42,"sizes":[]}},"elements":[],"isInner":false,"widgetType":"spacer","elType":"widget"}],"isInner":true,"elType":"container"},{"id":"2168bc95","settings":{"content_width":"full","title":"work with","title_color":"#000000","typography_typography":"custom","typography_font_family":"Kameron","typography_font_size":{"unit":"px","size":45,"sizes":[]},"typography_font_weight":"600","_element_width":"auto","_flex_align_self":"center","_flex_size":"shrink","align_mobile":"center","typography_font_size_mobile":{"unit":"px","size":35,"sizes":[]},"_flex_align_self_mobile":"center","custom_css":"selector{\n    word-break: anywhere;\n}","typography_font_size_tablet":{"unit":"px","size":45,"sizes":[]}},"elements":[],"isInner":false,"widgetType":"heading","elType":"widget"},{"id":"63deb220","settings":{"content_width":"full","title":"us.","title_color":"#000000","typography_typography":"custom","typography_font_family":"Kameron","typography_font_size":{"unit":"px","size":45,"sizes":[]},"typography_font_weight":"600","_element_width":"auto","_flex_align_self":"center","_flex_size":"shrink","align_mobile":"center","typography_font_size_mobile":{"unit":"px","size":35,"sizes":[]},"_flex_align_self_mobile":"center","custom_css":"selector{\n    word-break: anywhere;\n}","typography_font_size_tablet":{"unit":"px","size":45,"sizes":[]}},"elements":[],"isInner":false,"widgetType":"heading","elType":"widget"}],"isInner":true,"elType":"container"},{"id":"294d6963","settings":{"content_width":"full","flex_justify_content":"flex-end","flex_align_items":"flex-end"},"elements":[{"id":"5e8c8497","settings":{"content_width":"full","editor":"<p>Expect creative solutions, clear communication, and results tailored to your vision when working with us.<\/p>","align":"left","text_color":"#000000","typography_typography":"custom","typography_font_family":"Montserrat","typography_font_size":{"unit":"px","size":15,"sizes":[]},"typography_font_size_mobile":{"unit":"px","size":16,"sizes":[]},"typography_font_weight":"500","_margin_mobile":{"unit":"px","top":"4","right":"0","bottom":"0","left":"0","isLinked":false},"_flex_align_self":"center","_flex_order":"custom","_margin":{"unit":"px","top":"0","right":"0","bottom":"0","left":"0","isLinked":false},"_padding":{"unit":"px","top":"0","right":"0","bottom":"0","left":"0","isLinked":false},"_element_custom_width":{"unit":"%","size":94,"sizes":[]},"align_mobile":"center","typography_line_height":{"unit":"px","size":27,"sizes":[]},"_padding_tablet":{"unit":"px","top":"0","right":"0100","bottom":"0","left":"0","isLinked":false},"_padding_mobile":{"unit":"px","top":"0","right":"0","bottom":"0","left":"0","isLinked":false}},"elements":[],"isInner":false,"widgetType":"text-editor","elType":"widget"}],"isInner":true,"elType":"container"},{"id":"4e375e2e","settings":{"content_width":"full","width":{"unit":"%","size":60,"sizes":[]},"flex_justify_content":"flex-end"},"elements":[{"id":"3acb495d","settings":{"content_width":"full","text":"Work with us","selected_icon":{"value":"fas fa-arrow-right","library":"fa-solid"},"icon_align":"row-reverse","icon_indent":{"unit":"px","size":24,"sizes":[]},"typography_typography":"custom","typography_font_family":"Montserrat","typography_font_weight":"600","button_text_color":"#FFFFFF","background_color":"#0071E3","border_radius":{"unit":"px","top":"41","right":"41","bottom":"41","left":"41","isLinked":true},"text_padding":{"unit":"px","top":"6","right":"6","bottom":"6","left":"6","isLinked":true},"__globals__":{"button_text_color":""},"_css_classes":"btn1","_margin":{"unit":"px","top":"0","right":"0","bottom":"0","left":"0","isLinked":false},"background_background":"gradient","background_color_b":"#25409E","background_gradient_angle":{"unit":"deg","size":142,"sizes":[]},"background_color_stop":{"unit":"%","size":42,"sizes":[]},"hover_color":"#000000","align_mobile":"center","__dynamic__":{"link":"[elementor-tag id=\"d6f103e\" name=\"internal-url\" settings=\"%7B%22type%22%3A%22post%22%2C%22post_id%22%3A978%2C%22taxonomy_id%22%3A%22%22%2C%22attachment_id%22%3A%22%22%2C%22author_id%22%3A%22%22%7D\"]"},"align":"right","align_tablet":"left"},"elements":[],"isInner":false,"widgetType":"button","elType":"widget"}],"isInner":true,"elType":"container"}],"isInner":true,"elType":"container"},{"id":"11706fad","settings":{"container_type":"grid","presetTitle":"Grid","presetIcon":"eicon-container-grid","css_classes":"section-1","_title":"sec-1","grid_gaps":{"column":"40","row":"40","isLinked":true,"unit":"px"},"padding_mobile":{"unit":"px","top":"20","right":"20","bottom":"20","left":"20","isLinked":true},"boxed_width":{"unit":"px","size":1400,"sizes":[]},"padding":{"unit":"px","top":"20","right":"0","bottom":"50","left":"0","isLinked":false},"padding_tablet":{"unit":"px","top":"0","right":"0","bottom":"0","left":"0","isLinked":false},"margin":{"unit":"px","top":"0","right":"0","bottom":"0","left":"0","isLinked":false},"grid_columns_grid_tablet":{"unit":"fr","size":2,"sizes":[]},"margin_mobile":{"unit":"px","top":"0","right":"0","bottom":"050","left":"0","isLinked":false}},"elements":[{"id":"41ce9dfa","settings":{"content_width":"full","title_text":"Creative Skills","description_text":"Unique designs crafted for your brand, engaging users with cutting-edge visuals","_element_custom_width":{"unit":"%","size":32,"sizes":[]},"selected_icon":{"value":"far fa-edit","library":"fa-regular"},"text_align":"left","primary_color":"#0086FC","icon_size":{"unit":"px","size":35,"sizes":[]},"title_color":"#000000","title_typography_typography":"custom","title_typography_font_family":"Kameron","title_typography_font_size":{"unit":"px","size":18,"sizes":[]},"title_typography_font_weight":"600","_padding":{"unit":"px","top":"24","right":"24","bottom":"0","left":"24","isLinked":false},"_css_classes":"anim delay","description_color":"#000000","_border_radius":{"unit":"px","top":"10","right":"10","bottom":"10","left":"10","isLinked":true},"_box_shadow_box_shadow_type":"yes","_box_shadow_box_shadow":{"horizontal":0,"vertical":24,"blur":56,"spread":0,"color":"rgba(0, 0, 0, 0.1)"},"icon_space":{"unit":"px","size":21,"sizes":[]},"title_bottom_space":{"unit":"px","size":9,"sizes":[]},"description_typography_typography":"custom","description_typography_font_family":"Montserrat","description_typography_font_size":{"unit":"px","size":16,"sizes":[]},"description_typography_font_weight":"400"},"elements":[],"isInner":false,"widgetType":"icon-box","elType":"widget"},{"id":"3fc86f26","settings":{"content_width":"full","title_text":"Responsive Designs","description_text":"Delivering flawless experiences on every device, boosting user engagement and satisfaction.","_element_custom_width":{"unit":"%","size":32,"sizes":[]},"selected_icon":{"value":"fas fa-expand-alt","library":"fa-solid"},"text_align":"left","primary_color":"#000000","icon_size":{"unit":"px","size":35,"sizes":[]},"title_color":"#000000","title_typography_typography":"custom","title_typography_font_family":"Kameron","title_typography_font_size":{"unit":"px","size":18,"sizes":[]},"title_typography_font_weight":"600","_padding":{"unit":"px","top":"24","right":"24","bottom":"0","left":"24","isLinked":false},"_css_classes":"anim delay","icon_space":{"unit":"px","size":21,"sizes":[]},"title_bottom_space":{"unit":"px","size":9,"sizes":[]},"description_color":"#000000","description_typography_typography":"custom","description_typography_font_family":"Montserrat","description_typography_font_size":{"unit":"px","size":16,"sizes":[]},"description_typography_font_weight":"400","_border_radius":{"unit":"px","top":"0","right":"0","bottom":"0","left":"0","isLinked":true},"_box_shadow_box_shadow":{"horizontal":0,"vertical":24,"blur":56,"spread":0,"color":"rgba(0, 0, 0, 0.1)"},"hide_tablet":"hidden-tablet","hide_mobile":"hidden-mobile"},"elements":[],"isInner":false,"widgetType":"icon-box","elType":"widget"},{"id":"5ba29a8f","settings":{"content_width":"full","title_text":"SEO Optimization","description_text":"Enhancing your online visibility with strategies that improve search engine rankings.","_element_custom_width":{"unit":"%","size":32,"sizes":[]},"selected_icon":{"value":"fas fa-search","library":"fa-solid"},"text_align":"left","primary_color":"#000000","icon_size":{"unit":"px","size":35,"sizes":[]},"title_color":"#000000","title_typography_typography":"custom","title_typography_font_family":"Kameron","title_typography_font_size":{"unit":"px","size":18,"sizes":[]},"title_typography_font_weight":"600","_padding":{"unit":"px","top":"24","right":"24","bottom":"24","left":"24","isLinked":true},"_css_classes":"anim delay","icon_space":{"unit":"px","size":21,"sizes":[]},"title_bottom_space":{"unit":"px","size":9,"sizes":[]},"description_color":"#000000","description_typography_typography":"custom","description_typography_font_family":"Montserrat","description_typography_font_size":{"unit":"px","size":16,"sizes":[]},"description_typography_font_weight":"400","_padding_mobile":{"unit":"px","top":"0","right":"24","bottom":"0","left":"24","isLinked":false},"hide_tablet":"hidden-tablet","hide_mobile":"hidden-mobile"},"elements":[],"isInner":false,"widgetType":"icon-box","elType":"widget"},{"id":"7e9227e","settings":{"content_width":"full","title_text":"Exceptional Support","description_text":"Offering committed support throughout and after project completion to guarantee client satisfaction","_element_custom_width":{"unit":"%","size":32,"sizes":[]},"selected_icon":{"value":"fas fa-users","library":"fa-solid"},"text_align":"left","primary_color":"#000000","icon_size":{"unit":"px","size":35,"sizes":[]},"title_color":"#000000","title_typography_typography":"custom","title_typography_font_family":"Kameron","title_typography_font_size":{"unit":"px","size":18,"sizes":[]},"title_typography_font_weight":"600","_padding":{"unit":"px","top":"0","right":"24","bottom":"24","left":"24","isLinked":false},"_css_classes":"anim2 delay","icon_space":{"unit":"px","size":21,"sizes":[]},"title_bottom_space":{"unit":"px","size":9,"sizes":[]},"description_color":"#000000","description_typography_typography":"custom","description_typography_font_family":"Montserrat","description_typography_font_size":{"unit":"px","size":16,"sizes":[]},"description_typography_font_weight":"400","_padding_mobile":{"unit":"px","top":"0","right":"24","bottom":"0","left":"24","isLinked":false},"hide_tablet":"hidden-tablet","hide_mobile":"hidden-mobile"},"elements":[],"isInner":false,"widgetType":"icon-box","elType":"widget"},{"id":"7d4986c2","settings":{"content_width":"full","title_text":"Quick Turnaround","description_text":"Consistently meeting deadlines and delivering dependable services without sacrificing quality or efficiency.","_element_custom_width":{"unit":"%","size":32,"sizes":[]},"selected_icon":{"value":"fas fa-directions","library":"fa-solid"},"text_align":"left","primary_color":"#000000","icon_size":{"unit":"px","size":35,"sizes":[]},"title_color":"#000000","title_typography_typography":"custom","title_typography_font_family":"Kameron","title_typography_font_size":{"unit":"px","size":18,"sizes":[]},"title_typography_font_weight":"600","_padding":{"unit":"px","top":"0","right":"24","bottom":"24","left":"24","isLinked":false},"_css_classes":"anim2 delay","icon_space":{"unit":"px","size":21,"sizes":[]},"title_bottom_space":{"unit":"px","size":9,"sizes":[]},"description_color":"#000000","description_typography_typography":"custom","description_typography_font_family":"Montserrat","description_typography_font_size":{"unit":"px","size":16,"sizes":[]},"description_typography_font_weight":"400","_padding_mobile":{"unit":"px","top":"0","right":"24","bottom":"0","left":"24","isLinked":false},"hide_tablet":"hidden-tablet","hide_mobile":"hidden-mobile"},"elements":[],"isInner":false,"widgetType":"icon-box","elType":"widget"},{"id":"5589a9ad","settings":{"content_width":"full","title_text":"Custom Solutions","description_text":"Designing custom websites tailored to your needs, improving functionality and user experience.","_element_custom_width":{"unit":"%","size":32,"sizes":[]},"selected_icon":{"value":"fas fa-code","library":"fa-solid"},"text_align":"left","primary_color":"#000000","icon_size":{"unit":"px","size":35,"sizes":[]},"title_color":"#000000","title_typography_typography":"custom","title_typography_font_family":"Kameron","title_typography_font_size":{"unit":"px","size":18,"sizes":[]},"title_typography_font_weight":"600","_padding":{"unit":"px","top":"0","right":"24","bottom":"24","left":"24","isLinked":false},"_css_classes":"anim2 delay","icon_space":{"unit":"px","size":21,"sizes":[]},"title_bottom_space":{"unit":"px","size":9,"sizes":[]},"description_color":"#000000","description_typography_typography":"custom","description_typography_font_family":"Montserrat","description_typography_font_size":{"unit":"px","size":16,"sizes":[]},"description_typography_font_weight":"400","_padding_mobile":{"unit":"px","top":"0","right":"24","bottom":"0","left":"24","isLinked":false},"hide_tablet":"hidden-tablet","hide_mobile":"hidden-mobile"},"elements":[],"isInner":false,"widgetType":"icon-box","elType":"widget"},{"id":"6ded6a2b","settings":{"content_width":"full","title_text":"Custom Solutions","description_text":"Designing custom websites tailored to your needs, improving functionality and user experience.","_element_custom_width":{"unit":"%","size":32,"sizes":[]},"selected_icon":{"value":"fas fa-code","library":"fa-solid"},"text_align":"left","primary_color":"#0086FC","icon_size":{"unit":"px","size":35,"sizes":[]},"title_color":"#000000","title_typography_typography":"custom","title_typography_font_family":"Kameron","title_typography_font_size":{"unit":"px","size":18,"sizes":[]},"title_typography_font_weight":"600","_padding":{"unit":"px","top":"24","right":"24","bottom":"24","left":"24","isLinked":true},"_css_classes":"anim delay","icon_space":{"unit":"px","size":21,"sizes":[]},"title_bottom_space":{"unit":"px","size":9,"sizes":[]},"description_color":"#000000","description_typography_typography":"custom","description_typography_font_family":"Montserrat","description_typography_font_size":{"unit":"px","size":16,"sizes":[]},"description_typography_font_weight":"400","_border_radius":{"unit":"px","top":"10","right":"10","bottom":"10","left":"10","isLinked":true},"_box_shadow_box_shadow_type":"yes","_box_shadow_box_shadow":{"horizontal":0,"vertical":24,"blur":56,"spread":0,"color":"rgba(0, 0, 0, 0.1)"},"hide_desktop":"hidden-desktop"},"elements":[],"isInner":false,"widgetType":"icon-box","elType":"widget"},{"id":"2edeeaf5","settings":{"content_width":"full","title_text":"Responsive Designs","description_text":"Delivering flawless experiences on every device, boosting user engagement and satisfaction.","_element_custom_width":{"unit":"%","size":32,"sizes":[]},"selected_icon":{"value":"fas fa-expand-alt","library":"fa-solid"},"text_align":"left","primary_color":"#0086FC","icon_size":{"unit":"px","size":35,"sizes":[]},"title_color":"#000000","title_typography_typography":"custom","title_typography_font_family":"Kameron","title_typography_font_size":{"unit":"px","size":18,"sizes":[]},"title_typography_font_weight":"600","_padding":{"unit":"px","top":"24","right":"24","bottom":"0","left":"24","isLinked":false},"_css_classes":"anim delay","icon_space":{"unit":"px","size":21,"sizes":[]},"title_bottom_space":{"unit":"px","size":9,"sizes":[]},"description_color":"#000000","description_typography_typography":"custom","description_typography_font_family":"Montserrat","description_typography_font_size":{"unit":"px","size":16,"sizes":[]},"description_typography_font_weight":"400","_border_radius":{"unit":"px","top":"10","right":"10","bottom":"10","left":"10","isLinked":true},"_box_shadow_box_shadow_type":"yes","_box_shadow_box_shadow":{"horizontal":0,"vertical":24,"blur":56,"spread":0,"color":"rgba(0, 0, 0, 0.1)"},"hide_desktop":"hidden-desktop","_padding_mobile":{"unit":"px","top":"24","right":"24","bottom":"24","left":"24","isLinked":true}},"elements":[],"isInner":false,"widgetType":"icon-box","elType":"widget"},{"id":"5f15d84f","settings":{"content_width":"full","title_text":"SEO Optimization","description_text":"Enhancing your online visibility with strategies that improve search engine rankings.","_element_custom_width":{"unit":"%","size":32,"sizes":[]},"selected_icon":{"value":"fas fa-search","library":"fa-solid"},"text_align":"left","primary_color":"#0086FC","icon_size":{"unit":"px","size":35,"sizes":[]},"title_color":"#000000","title_typography_typography":"custom","title_typography_font_family":"Kameron","title_typography_font_size":{"unit":"px","size":18,"sizes":[]},"title_typography_font_weight":"600","_padding":{"unit":"px","top":"24","right":"24","bottom":"24","left":"24","isLinked":true},"_css_classes":"anim delay","icon_space":{"unit":"px","size":21,"sizes":[]},"title_bottom_space":{"unit":"px","size":9,"sizes":[]},"description_color":"#000000","description_typography_typography":"custom","description_typography_font_family":"Montserrat","description_typography_font_size":{"unit":"px","size":16,"sizes":[]},"description_typography_font_weight":"400","_border_radius":{"unit":"px","top":"10","right":"10","bottom":"10","left":"10","isLinked":true},"_box_shadow_box_shadow_type":"yes","_box_shadow_box_shadow":{"horizontal":0,"vertical":24,"blur":56,"spread":0,"color":"rgba(0, 0, 0, 0.1)"},"hide_desktop":"hidden-desktop"},"elements":[],"isInner":false,"widgetType":"icon-box","elType":"widget"},{"id":"63b1a29b","settings":{"content_width":"full","title_text":"Quick Turnaround","description_text":"Consistently meeting deadlines and delivering dependable services without sacrificing quality or efficiency.","_element_custom_width":{"unit":"%","size":32,"sizes":[]},"selected_icon":{"value":"fas fa-directions","library":"fa-solid"},"text_align":"left","primary_color":"#0086FC","icon_size":{"unit":"px","size":35,"sizes":[]},"title_color":"#000000","title_typography_typography":"custom","title_typography_font_family":"Kameron","title_typography_font_size":{"unit":"px","size":18,"sizes":[]},"title_typography_font_weight":"600","_padding":{"unit":"px","top":"24","right":"24","bottom":"24","left":"24","isLinked":true},"_css_classes":"anim delay","icon_space":{"unit":"px","size":21,"sizes":[]},"title_bottom_space":{"unit":"px","size":9,"sizes":[]},"description_color":"#000000","description_typography_typography":"custom","description_typography_font_family":"Montserrat","description_typography_font_size":{"unit":"px","size":16,"sizes":[]},"description_typography_font_weight":"400","_border_radius":{"unit":"px","top":"10","right":"10","bottom":"10","left":"10","isLinked":true},"_box_shadow_box_shadow_type":"yes","_box_shadow_box_shadow":{"horizontal":0,"vertical":24,"blur":56,"spread":0,"color":"rgba(0, 0, 0, 0.1)"},"hide_desktop":"hidden-desktop"},"elements":[],"isInner":false,"widgetType":"icon-box","elType":"widget"},{"id":"6520cf14","settings":{"content_width":"full","title_text":"Exceptional Support","description_text":"Offering committed support throughout and after project completion to guarantee client satisfaction","_element_custom_width":{"unit":"%","size":32,"sizes":[]},"selected_icon":{"value":"fas fa-users","library":"fa-solid"},"text_align":"left","primary_color":"#0086FC","icon_size":{"unit":"px","size":35,"sizes":[]},"title_color":"#000000","title_typography_typography":"custom","title_typography_font_family":"Kameron","title_typography_font_size":{"unit":"px","size":18,"sizes":[]},"title_typography_font_weight":"600","_padding":{"unit":"px","top":"24","right":"24","bottom":"24","left":"24","isLinked":true},"_css_classes":"anim delay","icon_space":{"unit":"px","size":21,"sizes":[]},"title_bottom_space":{"unit":"px","size":9,"sizes":[]},"description_color":"#000000","description_typography_typography":"custom","description_typography_font_family":"Montserrat","description_typography_font_size":{"unit":"px","size":16,"sizes":[]},"description_typography_font_weight":"400","_border_radius":{"unit":"px","top":"10","right":"10","bottom":"10","left":"10","isLinked":true},"_box_shadow_box_shadow_type":"yes","_box_shadow_box_shadow":{"horizontal":0,"vertical":24,"blur":56,"spread":0,"color":"rgba(0, 0, 0, 0.1)"},"hide_desktop":"hidden-desktop","_margin_mobile":{"unit":"px","top":"0","right":"0","bottom":"0","left":"0","isLinked":false}},"elements":[],"isInner":false,"widgetType":"icon-box","elType":"widget"}],"isInner":true,"elType":"container"},{"id":"17eacc62","settings":{"container_type":"grid","presetTitle":"Grid","presetIcon":"eicon-container-grid","css_classes":"section-2 d-none","_title":"sec-2","padding_mobile":{"unit":"px","top":"20","right":"20","bottom":"20","left":"20","isLinked":true},"boxed_width":{"unit":"px","size":1400,"sizes":[]},"padding":{"unit":"px","top":"20","right":"0","bottom":"50","left":"0","isLinked":false},"margin":{"unit":"px","top":"0","right":"0","bottom":"0","left":"0","isLinked":false},"grid_columns_grid_tablet":{"unit":"fr","size":2,"sizes":[]}},"elements":[{"id":"2b52a4d2","settings":{"content_width":"full","title_text":"Generic Designs","description_text":"Using the same old uninspired design, that don\u2019t set your brand apart in a competitive market.","_element_custom_width":{"unit":"%","size":32,"sizes":[]},"selected_icon":{"value":"far fa-clone","library":"fa-regular"},"text_align":"left","primary_color":"#DE5320","icon_size":{"unit":"px","size":35,"sizes":[]},"title_color":"#000000","title_typography_typography":"custom","title_typography_font_family":"Kameron","title_typography_font_size":{"unit":"px","size":18,"sizes":[]},"title_typography_font_weight":"600","_padding":{"unit":"px","top":"24","right":"24","bottom":"24","left":"24","isLinked":true},"_css_classes":"anim delay","icon_space":{"unit":"px","size":21,"sizes":[]},"title_bottom_space":{"unit":"px","size":9,"sizes":[]},"description_color":"#000000","_border_radius":{"unit":"px","top":"20","right":"20","bottom":"20","left":"20","isLinked":true},"_box_shadow_box_shadow_type":"yes","_box_shadow_box_shadow":{"horizontal":0,"vertical":24,"blur":56,"spread":0,"color":"rgba(0, 0, 0, 0.1)"},"description_typography_typography":"custom","description_typography_font_family":"Montserrat","description_typography_font_size":{"unit":"px","size":16,"sizes":[]},"description_typography_font_weight":"400"},"elements":[],"isInner":false,"widgetType":"icon-box","elType":"widget"},{"id":"106b69ba","settings":{"content_width":"full","title_text":"Poor User Experience","description_text":"Teams struggling to collaborate effectively, hindering goal achievement and succes.","_element_custom_width":{"unit":"%","size":32,"sizes":[]},"selected_icon":{"value":"far fa-thumbs-down","library":"fa-regular"},"text_align":"left","primary_color":"#000000","icon_size":{"unit":"px","size":35,"sizes":[]},"title_color":"#000000","title_typography_typography":"custom","title_typography_font_family":"Manrope","title_typography_font_size":{"unit":"px","size":18,"sizes":[]},"title_typography_font_weight":"600","_padding":{"unit":"px","top":"24","right":"24","bottom":"24","left":"24","isLinked":true},"_css_classes":"anim delay","icon_space":{"unit":"px","size":21,"sizes":[]},"title_bottom_space":{"unit":"px","size":9,"sizes":[]},"description_color":"#000000","description_typography_typography":"custom","description_typography_font_family":"Montserrat","description_typography_font_size":{"unit":"px","size":16,"sizes":[]},"description_typography_font_weight":"400"},"elements":[],"isInner":false,"widgetType":"icon-box","elType":"widget"},{"id":"5e83ec87","settings":{"content_width":"full","title_text":"Low Visibility","description_text":"Low Visibility can limit your reach. We improve SEO to boost your website and drive more traffic","_element_custom_width":{"unit":"%","size":32,"sizes":[]},"selected_icon":{"value":"far fa-eye-slash","library":"fa-regular"},"text_align":"left","primary_color":"#000000","icon_size":{"unit":"px","size":35,"sizes":[]},"title_color":"#000000","title_typography_typography":"custom","title_typography_font_family":"Manrope","title_typography_font_size":{"unit":"px","size":18,"sizes":[]},"title_typography_font_weight":"600","_padding":{"unit":"px","top":"24","right":"24","bottom":"24","left":"24","isLinked":true},"_css_classes":"anim delay","icon_space":{"unit":"px","size":21,"sizes":[]},"title_bottom_space":{"unit":"px","size":9,"sizes":[]},"description_color":"#000000","description_typography_typography":"custom","description_typography_font_family":"Montserrat","description_typography_font_size":{"unit":"px","size":16,"sizes":[]},"description_typography_font_weight":"400","_title":"Icon Box"},"elements":[],"isInner":false,"widgetType":"icon-box","elType":"widget"},{"id":"bafb764","settings":{"content_width":"full","title_text":"Limited Functionality","description_text":"Limited Functionality can hinder your project. We offer solutions for peak performance and flexibility.","_element_custom_width":{"unit":"%","size":32,"sizes":[]},"selected_icon":{"value":"far fa-frown","library":"fa-regular"},"text_align":"left","primary_color":"#000000","icon_size":{"unit":"px","size":35,"sizes":[]},"title_color":"#000000","title_typography_typography":"custom","title_typography_font_family":"Manrope","title_typography_font_size":{"unit":"px","size":18,"sizes":[]},"title_typography_font_weight":"600","_padding":{"unit":"px","top":"24","right":"24","bottom":"24","left":"24","isLinked":true},"_css_classes":"anim2 delay","icon_space":{"unit":"px","size":21,"sizes":[]},"title_bottom_space":{"unit":"px","size":9,"sizes":[]},"description_color":"#000000","description_typography_typography":"custom","description_typography_font_family":"Montserrat","description_typography_font_size":{"unit":"px","size":16,"sizes":[]},"description_typography_font_weight":"400"},"elements":[],"isInner":false,"widgetType":"icon-box","elType":"widget"},{"id":"647dd70b","settings":{"content_width":"full","title_text":"Missed Deadlines","description_text":"Poorly executed processes waste time and money with inefficient and bad methods.","_element_custom_width":{"unit":"%","size":32,"sizes":[]},"selected_icon":{"value":"far fa-calendar-times","library":"fa-regular"},"text_align":"left","primary_color":"#000000","icon_size":{"unit":"px","size":35,"sizes":[]},"title_color":"#000000","title_typography_typography":"custom","title_typography_font_family":"Manrope","title_typography_font_size":{"unit":"px","size":18,"sizes":[]},"title_typography_font_weight":"600","_padding":{"unit":"px","top":"24","right":"24","bottom":"24","left":"24","isLinked":true},"_css_classes":"anim2 delay","icon_space":{"unit":"px","size":21,"sizes":[]},"title_bottom_space":{"unit":"px","size":9,"sizes":[]},"description_color":"#000000","description_typography_typography":"custom","description_typography_font_family":"Montserrat","description_typography_font_size":{"unit":"px","size":16,"sizes":[]},"description_typography_font_weight":"400"},"elements":[],"isInner":false,"widgetType":"icon-box","elType":"widget"},{"id":"4e00ea6d","settings":{"content_width":"full","title_text":"Inadequate Support","description_text":"Frequent conflicts disrupt teamwork and hinder productivity and your succes.","_element_custom_width":{"unit":"%","size":32,"sizes":[]},"selected_icon":{"value":"fas fa-user-times","library":"fa-solid"},"text_align":"left","primary_color":"#000000","icon_size":{"unit":"px","size":35,"sizes":[]},"title_color":"#000000","title_typography_typography":"custom","title_typography_font_family":"Manrope","title_typography_font_size":{"unit":"px","size":18,"sizes":[]},"title_typography_font_weight":"600","_padding":{"unit":"px","top":"24","right":"24","bottom":"24","left":"24","isLinked":true},"_css_classes":"anim2 delay","icon_space":{"unit":"px","size":21,"sizes":[]},"title_bottom_space":{"unit":"px","size":9,"sizes":[]},"description_color":"#000000","description_typography_typography":"custom","description_typography_font_family":"Montserrat","description_typography_font_size":{"unit":"px","size":16,"sizes":[]},"description_typography_font_weight":"400"},"elements":[],"isInner":false,"widgetType":"icon-box","elType":"widget"}],"isInner":true,"elType":"container"}],"isInner":false,"elType":"container"}],"settings":{"template":"elementor_canvas"},"metadata":[]}