{"content":[],"settings":{"template":"default","system_colors":[{"_id":"primary","title":"Primary","color":"#6EC1E4"},{"_id":"secondary","title":"Secondary","color":"#54595F"},{"_id":"text","title":"Text","color":"#7A7A7A"},{"_id":"accent","title":"Accent","color":"#61CE70"}],"custom_colors":[{"_id":"b339533","title":"White","color":"#FFFCFC"},{"_id":"7dbe488","title":"Blue 1","color":"#0071E3"},{"_id":"1bcf429","title":"Grey 1","color":"#FBFBFB"},{"_id":"286a5b8","title":"Grey 2","color":"#F8F9FA"},{"_id":"748f8e4","title":"Grey 3","color":"#F4F4F4"},{"_id":"1e16ccb","title":"New Global Color","color":"#25409E"}],"system_typography":[{"_id":"primary","title":"Primary","typography_typography":"custom","typography_font_family":"Roboto","typography_font_weight":"600"},{"_id":"secondary","title":"Secondary","typography_typography":"custom","typography_font_family":"Roboto Slab","typography_font_weight":"400"},{"_id":"text","title":"Text","typography_typography":"custom","typography_font_family":"Roboto","typography_font_weight":"400"},{"_id":"accent","title":"Accent","typography_typography":"custom","typography_font_family":"Roboto","typography_font_weight":"500"}],"custom_typography":[],"default_generic_fonts":"Sans-serif","body_background_background":"classic","body_background_color":"#FFFFFF","page_title_selector":"h1.entry-title","hello_footer_copyright_text":"All rights reserved","activeItemIndex":1,"viewport_md":768,"viewport_lg":1025,"custom_css":".tofarver {\n    color: #C8F31D;\n    background: linear-gradient(177deg, #0071E3 0%, #25409E 100%);\n    -webkit-background-clip: text;\n    -webkit-text-fill-color: transparent;\n}\n","colors_enable_styleguide_preview":"yes","typography_enable_styleguide_preview":"yes"},"metadata":[],"theme":{"name":"Hello Elementor","theme_uri":"https:\/\/elementor.com\/hello-theme\/?utm_source=wp-themes&utm_campaign=theme-uri&utm_medium=wp-dash","version":"3.4.4","slug":"hello-elementor"},"experiments":{"e_font_icon_svg":{"name":"e_font_icon_svg","title":"Inline Font Icons","state":"default","default":"active","release_status":"stable"},"additional_custom_breakpoints":{"name":"additional_custom_breakpoints","title":"Additional Custom Breakpoints","state":"default","default":"active","release_status":"stable"},"container":{"name":"container","title":"Container","state":"default","default":"active","release_status":"stable"},"e_optimized_markup":{"name":"e_optimized_markup","title":"Optimized Markup","state":"default","default":"inactive","release_status":"stable"},"theme_builder_v2":{"name":"theme_builder_v2","title":"Default to New Theme Builder","state":"default","default":"active","release_status":"stable"},"hello-theme-header-footer":{"name":"hello-theme-header-footer","title":"Header &amp; Footer","state":"default","default":"active","release_status":"stable"},"e_pro_free_trial_popup":{"name":"e_pro_free_trial_popup","title":"Pro Free Trial Popup","state":"default","default":"inactive","release_status":"alpha"},"nested-elements":{"name":"nested-elements","title":"Nested Elements","state":"default","default":"active","release_status":"stable"},"pages_panel":{"name":"pages_panel","title":"Pages Panel","state":"default","default":"inactive","release_status":"alpha"},"home_screen":{"name":"home_screen","title":"Elementor Home Screen","state":"default","default":"active","release_status":"stable"},"e_atomic_elements":{"name":"e_atomic_elements","title":"Atomic Widgets","state":"default","default":"inactive","release_status":"alpha"},"e_classes":{"name":"e_classes","title":"Global Classes","state":"default","default":"inactive","release_status":"alpha"},"global_classes_should_enforce_capabilities":{"name":"global_classes_should_enforce_capabilities","title":"Enforce global classes capabilities","state":"default","default":"active","release_status":"dev"},"e_variables":{"name":"e_variables","title":"Variables","state":"default","default":"active","release_status":"alpha"},"cloud-library":{"name":"cloud-library","title":"Cloud Library","state":"default","default":"active","release_status":"stable"},"e_opt_in_v4_page":{"name":"e_opt_in_v4_page","title":"Editor v4 (Opt In Page)","state":"default","default":"active","release_status":"alpha"},"e_opt_in_v4":{"name":"e_opt_in_v4","title":"Editor V4","state":"default","default":"inactive","release_status":"alpha"},"e_components":{"name":"e_components","title":"Components","state":"default","default":"inactive","release_status":"dev"},"import-export-customization":{"name":"import-export-customization","title":"Import\/Export Customization","state":"default","default":"active","release_status":"beta"},"mega-menu":{"name":"mega-menu","title":"Menu","state":"default","default":"inactive","release_status":"beta"},"e_pro_variables":{"name":"e_pro_variables","title":"Size Variables","state":"default","default":"active","release_status":"alpha"},"editor_events":{"name":"editor_events","title":"Elementor Editor Events","state":"default","default":"inactive","release_status":"alpha"}}}