{"content":[{"id":"702e2fc5","settings":{"flex_direction":"column","content_width":"full","padding":{"unit":"%","top":"10","right":"10","bottom":"010","left":"10","isLinked":false},"padding_laptop":{"unit":"px","top":"60","right":"20","bottom":"60","left":"20","isLinked":false},"background_background":"classic","background_color":"#000000","container_link":{"url":"","is_external":false,"nofollow":false,"custom_attributes":""},"min_height":{"unit":"vh","size":100,"sizes":[]},"min_height_widescreen":{"unit":"vh","size":"","sizes":[]},"min_height_laptop":{"unit":"vh","size":"","sizes":[]},"min_height_tablet":{"unit":"vh","size":"","sizes":[]},"min_height_mobile":{"unit":"vh","size":"","sizes":[]},"margin":{"unit":"%","top":"-9","right":"0","bottom":"0","left":"0","isLinked":false},"margin_widescreen":{"unit":"%","top":"","right":"","bottom":"","left":"","isLinked":true},"margin_laptop":{"unit":"%","top":"","right":"","bottom":"","left":"","isLinked":true},"margin_tablet":{"unit":"%","top":"","right":"","bottom":"","left":"","isLinked":true},"margin_mobile":{"unit":"%","top":"-20","right":"0","bottom":"0","left":"0","isLinked":false},"padding_widescreen":{"unit":"%","top":"","right":"","bottom":"","left":"","isLinked":true},"padding_mobile":{"unit":"px","top":"0","right":"0","bottom":"0","left":"0","isLinked":false}},"elements":[{"id":"758038c3","settings":{"content_width":"full","flex_direction":"row","flex_direction_tablet":"column","flex_gap":{"column":"10","row":"10","isLinked":false,"unit":"px","size":10},"background_background":"classic","background_color":"#000000","border_radius":{"unit":"px","top":"10","right":"010","bottom":"0","left":"0","isLinked":false},"padding":{"unit":"px","top":"20","right":"0","bottom":"20","left":"0","isLinked":false},"container_link":{"url":"","is_external":false,"nofollow":false,"custom_attributes":""},"padding_mobile":{"unit":"px","top":"100","right":"20","bottom":"20","left":"20","isLinked":false}},"elements":[{"id":"7aa62d28","settings":{"content_width":"full","width":{"unit":"%","size":68},"width_widescreen":{"unit":"%","size":"","sizes":[]},"width_laptop":{"unit":"%","size":60,"sizes":[]},"width_tablet":{"unit":"%","size":100,"sizes":[]},"width_mobile":{"unit":"%","size":"","sizes":[]},"background_background":"classic","background_image":{"id":1804,"url":"https:\/\/yellow-magpie-125839.hostingersite.com\/wp-content\/uploads\/2025\/07\/Modern-Collaborative-Workspace-1.jpeg","alt":"","source":"library","size":""},"background_position":"center center","background_repeat":"no-repeat","background_size":"cover","background_overlay_background":"gradient","background_overlay_color":"#FFFFFF00","background_overlay_opacity":{"unit":"px","size":1,"sizes":[]},"_flex_size":"none","_element_width":"initial","__globals__":{"background_overlay_color_b":"","background_overlay_color":""},"flex_justify_content":"flex-end","background_overlay_color_b":"#000000D1","border_radius":{"unit":"px","top":"10","right":"10","bottom":"10","left":"10","isLinked":true},"padding":{"unit":"px","top":"20","right":"20","bottom":"20","left":"20","isLinked":true},"custom_css":"\/*selector:before {*\/\n        background: linear-gradient(180deg, var(--token-9f0badbf-8d74-41b8-a73a-e1a6bdec487b, rgb(213, 233, 147)) \/* {\"name\":\"Accent 1\"} *\/ 0%, var(--token-6486a9ac-e9e8-4ced-becb-afb4c654ba35, rgb(22, 66, 54)) \/* {\"name\":\"Brand Color Dark\"} *\/ 67.56756756756756%);\n\/*}*\/","background_overlay_gradient_angle":{"unit":"deg","size":228,"sizes":[]},"container_link":{"url":"","is_external":false,"nofollow":false,"custom_attributes":""}},"elements":[{"id":"458d93bc","settings":{"title":"Fill out the form, and  we'll<br> get back to you soon.\n","typography_typography":"custom","typography_font_family":"Bai Jamjuree","typography_font_size":{"unit":"px","size":48,"sizes":[]},"typography_font_weight":"500","title_color":"#FFFFFF","_padding":{"unit":"px","top":"0","right":"0","bottom":"0","left":"0","isLinked":false},"custom_css":".color-head {\r\n  color: #d7f09c;\r\n}\r\n","typography_font_size_laptop":{"unit":"px","size":40,"sizes":[]},"typography_font_size_mobile":{"unit":"px","size":30,"sizes":[]},"typography_line_height":{"unit":"px","size":55,"sizes":[]},"typography_letter_spacing":{"unit":"px","size":-3.8,"sizes":[]},"typography_letter_spacing_laptop":{"unit":"px","size":0,"sizes":[]},"typography_line_height_mobile":{"unit":"em","size":1.2,"sizes":[]}},"elements":[],"isInner":false,"widgetType":"heading","elType":"widget"},{"id":"382c0015","settings":{"space":{"unit":"px","size":168,"sizes":[]},"space_mobile":{"unit":"px","size":0,"sizes":[]}},"elements":[],"isInner":false,"widgetType":"spacer","elType":"widget"},{"id":"5e9d6757","settings":{"title":"Or reach us directly:\n\n","typography_typography":"custom","typography_font_family":"DM Sans","typography_font_weight":"500","typography_font_size":{"unit":"px","size":16,"sizes":[]},"__globals__":{"title_color":""},"title_color":"#FFFFFF"},"elements":[],"isInner":false,"widgetType":"heading","elType":"widget"},{"id":"7d9e16b5","settings":{"icon_list":[{"text":"+443 45 654 98","selected_icon":{"value":"fas fa-phone-square-alt","library":"fa-solid"},"_id":"b9fe921","link":{"url":"tel:+443 45 654 98","is_external":"","nofollow":"","custom_attributes":""}},{"text":"hi@greenbird.com","selected_icon":{"value":"fas fa-envelope","library":"fa-solid"},"_id":"577ea14"}],"icon_typography_typography":"custom","icon_typography_font_family":"Bai Jamjuree","icon_typography_font_size":{"unit":"px","size":26,"sizes":[]},"icon_typography_font_weight":"500","icon_typography_line_height":{"unit":"px","size":27,"sizes":[]},"space_between":{"unit":"px","size":10,"sizes":[]},"icon_typography_font_size_mobile":{"unit":"px","size":15,"sizes":[]},"text_color":"#FFFFFF","icon_color":"#FFFFFF","icon_color_hover":"#FFFFFF","icon_size":{"unit":"px","size":22,"sizes":[]}},"elements":[],"isInner":false,"widgetType":"icon-list","elType":"widget"},{"id":"5adf9c26","settings":{"image":{"url":"https:\/\/yellow-magpie-125839.hostingersite.com\/wp-content\/uploads\/2025\/06\/3-e1751379944925.png","id":1716,"size":"","alt":"","source":"library"},"align":"right","width":{"unit":"%","size":13,"sizes":[]},"_padding":{"unit":"px","top":"4","right":"0","bottom":"10","left":"10","isLinked":false},"_element_custom_width":{"unit":"%","size":10,"sizes":[]}},"elements":[],"isInner":false,"widgetType":"image","elType":"widget"}],"isInner":true,"elType":"container"},{"id":"14520679","settings":{"content_width":"full","width":{"unit":"%","size":32,"sizes":[]},"width_laptop":{"unit":"%","size":40,"sizes":[]},"width_tablet":{"unit":"%","size":100,"sizes":[]},"width_mobile":{"unit":"%","size":"","sizes":[]},"background_color":"#000000","border_border":"none","border_radius":{"unit":"px","top":"10","right":"10","bottom":"10","left":"10","isLinked":true},"padding":{"unit":"px","top":"30","right":"30","bottom":"30","left":"30","isLinked":true},"padding_mobile":{"unit":"px","top":"20","right":"0","bottom":"20","left":"0","isLinked":false},"container_link":{"url":"","is_external":false,"nofollow":false,"custom_attributes":""}},"elements":[{"id":"15413b99","settings":{"form_name":"Contact form","form_fields":[{"custom_id":"name","field_label":"Name","placeholder":"Jane Smith","width":"50","dynamic":{"active":true},"_id":"036e22d"},{"custom_id":"email","field_type":"tel","required":"true","field_label":"Phone","placeholder":"Phone","width":"50","_id":"3bb6cac"},{"_id":"a299940","field_type":"email","field_label":"Email","placeholder":"Email","custom_id":"field_a299940"},{"_id":"9e7a1c5","field_type":"select","field_label":"Location","field_options":"Select\nNew York\nSan Francisco\nChicago","custom_id":"field_9e7a1c5","width":"50"},{"field_type":"number","field_label":"Number of employees","placeholder":"1","field_options":"Hot Desk\nCoworking Space\nPrivate Office\nVirtual Office\nMeeting Space\nEvent Space","width":"50","custom_id":"field_42e2050","_id":"42e2050"},{"custom_id":"message","field_type":"textarea","field_label":"Message","placeholder":"Message","_id":"1602cb3"}],"step_next_label":"Next","step_previous_label":"Previous","button_text":"Lets walk the walk","email_content":"[all-fields]","email_content_2":"[all-fields]","success_message":"Your submission was successful.","error_message":"Your submission failed because of an error.","server_message":"Your submission failed because of a server error.","invalid_message":"Your submission failed because the form is invalid.","required_field_message":"This field is required.","column_gap":{"unit":"px","size":15,"sizes":[]},"label_spacing":{"unit":"px","size":10,"sizes":[]},"field_border_width":{"unit":"px","top":"1","right":"1","bottom":"1","left":"1","isLinked":true},"field_border_radius":{"unit":"px","top":"10","right":"10","bottom":"10","left":"10","isLinked":true},"button_background_color":"#FFFFFF","button_text_padding":{"unit":"px","top":"16","right":"16","bottom":"16","left":"16","isLinked":true},"__globals__":{"button_text_color":"","button_hover_color":"","button_background_hover_color":""},"button_text_color":"#000000","button_background_hover_color":"#02010100","button_hover_color":"#F7F7F7","row_gap":{"unit":"px","size":25,"sizes":[]},"label_color":"#FFFFFF","label_typography_typography":"custom","label_typography_font_family":"DM Sans","label_typography_font_size":{"unit":"px","size":12,"sizes":[]},"label_typography_font_weight":"400","html_typography_typography":"custom","html_typography_font_family":"DM Sans","html_typography_font_size":{"unit":"px","size":14,"sizes":[]},"html_typography_font_weight":"400","field_text_color":"#FFFFFF","field_typography_typography":"custom","field_typography_font_family":"DM Sans","field_typography_font_size":{"unit":"px","size":13,"sizes":[]},"field_typography_font_weight":"400","field_typography_line_height":{"unit":"em","size":1.3,"sizes":[]},"field_typography_line_height_widescreen":{"unit":"em","size":"","sizes":[]},"field_typography_line_height_laptop":{"unit":"em","size":"","sizes":[]},"field_background_color":"#1C1C1C","field_border_color":"#8888881A","button_typography_typography":"custom","button_typography_font_family":"DM Sans","button_typography_font_size":{"unit":"px","size":16,"sizes":[]},"button_typography_font_weight":"500","button_border_border":"solid","button_border_width":{"unit":"px","top":"1","right":"1","bottom":"1","left":"1","isLinked":true},"button_border_color":"#FFFFFF","previous_button_background_color":"#FFFFFF","previous_button_text_color":"#000000","previous_button_background_color_hover":"#02010100","button_border_radius":{"unit":"px","top":"8","right":"8","bottom":"8","left":"8","isLinked":true},"message_typography_typography":"custom","message_typography_font_family":"DM Sans","message_typography_font_size":{"unit":"px","size":14,"sizes":[]},"message_typography_font_weight":"400","message_typography_line_height":{"unit":"em","size":1.5,"sizes":[]},"message_typography_line_height_widescreen":{"unit":"em","size":"","sizes":[]},"message_typography_line_height_laptop":{"unit":"em","size":"","sizes":[]},"success_message_color":"#FFFFFF","error_message_color":"#E11818","inline_message_color":"#FFFFFFCC","_css_classes":"flowspace-form"},"elements":[],"isInner":false,"widgetType":"form","elType":"widget"}],"isInner":true,"elType":"container"}],"isInner":true,"elType":"container"},{"id":"6b1d5255","settings":{"content_width":"full","background_background":"classic","background_color":"#000000","border_radius_laptop":{"unit":"px","top":"0","right":"0","bottom":"10","left":"10","isLinked":false},"margin":{"unit":"px","top":"-20","right":"0","bottom":"2","left":"0","isLinked":false},"padding":{"unit":"px","top":"0","right":"0","bottom":"0","left":"0","isLinked":false},"border_radius":{"unit":"px","top":"0","right":"0","bottom":"10","left":"10","isLinked":false},"flex_direction":"row","flex_justify_content":"space-between","flex_align_items":"center","container_link":{"url":"","is_external":false,"nofollow":false,"custom_attributes":""}},"elements":[{"id":"5dc2eac2","settings":{"view":"inline","icon_list":[{"text":"Homepage","selected_icon":{"value":"","library":""},"_id":"c86dd05","link":{"url":"https:\/\/yellow-magpie-125839.hostingersite.com\/","is_external":"","nofollow":"","custom_attributes":""}},{"text":"Services","selected_icon":{"value":"","library":""},"_id":"8e64524","link":{"url":"https:\/\/yellow-magpie-125839.hostingersite.com\/what-we-do\/","is_external":"","nofollow":"","custom_attributes":""}},{"text":"About us","selected_icon":{"value":"","library":""},"link":{"url":"https:\/\/yellow-magpie-125839.hostingersite.com\/about-us\/","is_external":"","nofollow":"","custom_attributes":""},"_id":"8130572"},{"text":"Contact","selected_icon":{"value":"","library":""},"link":{"url":"https:\/\/yellow-magpie-125839.hostingersite.com\/contact\/","is_external":"","nofollow":"","custom_attributes":""},"_id":"2dfba5e"}],"icon_typography_typography":"custom","icon_typography_font_family":"DM Sans","icon_typography_font_weight":"400","text_color":"#FFFFFF","_margin":{"unit":"px","top":"0","right":"0","bottom":"12","left":"20","isLinked":false},"text_color_hover":"#54595F","__globals__":{"text_color_hover":""},"icon_align_mobile":"center","_margin_mobile":{"unit":"px","top":"0","right":"0","bottom":"50","left":"0","isLinked":false},"_element_width_mobile":"inherit","hide_mobile":"hidden-mobile"},"elements":[],"isInner":false,"widgetType":"icon-list","elType":"widget"},{"id":"798225e5","settings":{"view":"inline","icon_list":[{"text":"Privacy Made ","selected_icon":{"value":"","library":""},"_id":"c86dd05"},{"text":"Terms","selected_icon":{"value":"","library":""},"_id":"8e64524"}],"icon_typography_typography":"custom","icon_typography_font_family":"DM Sans","icon_typography_font_weight":"400","text_color":"#FFFFFF","_margin":{"unit":"px","top":"0","right":"20","bottom":"0","left":"0","isLinked":false},"icon_color":"#FFFFFF","text_color_hover":"#B3B3B3","icon_align_mobile":"center","_margin_mobile":{"unit":"px","top":"20","right":"0","bottom":"50","left":"0","isLinked":false},"_element_width_mobile":"inherit"},"elements":[],"isInner":false,"widgetType":"icon-list","elType":"widget"}],"isInner":true,"elType":"container"}],"isInner":false,"elType":"container"},{"id":"7d9ac596","settings":{"flex_direction":"column","content_width":"full","flex_direction_tablet":"column","flex_justify_content":"center","flex_align_items":"center","flex_gap":{"column":"0","row":"0","isLinked":true,"unit":"px","size":0},"margin":{"unit":"px","top":"0","right":"0","bottom":"0","left":"0","isLinked":false},"padding":{"unit":"%","top":"4","right":"0","bottom":"4","left":"0","isLinked":false},"padding_widescreen":{"unit":"%","top":"","right":"","bottom":"","left":"","isLinked":true},"padding_laptop":{"unit":"%","top":"5","right":"0","bottom":"5","left":"0","isLinked":false},"padding_tablet":{"unit":"%","top":"5","right":"0","bottom":"5","left":"0","isLinked":false},"padding_mobile":{"unit":"%","top":"10","right":"0","bottom":"10","left":"0","isLinked":false},"_title":"Testimonials Section","background_background":"classic","background_color":"#F6F6F6"},"elements":[{"id":"1526bb44","settings":{"flex_gap":{"column":"0","row":"0","isLinked":true,"unit":"px","size":0},"margin":{"unit":"px","top":"0","right":"0","bottom":"0","left":"0","isLinked":false},"padding":{"unit":"%","top":"0","right":"10","bottom":"0","left":"10","isLinked":false},"padding_widescreen":{"unit":"%","top":"","right":"","bottom":"","left":"","isLinked":true},"padding_laptop":{"unit":"%","top":"0","right":"6","bottom":"0","left":"6","isLinked":false},"padding_tablet":{"unit":"%","top":"0","right":"3","bottom":"0","left":"3","isLinked":false},"padding_mobile":{"unit":"%","top":"0","right":"4","bottom":"0","left":"4","isLinked":false},"_title":"row"},"elements":[{"id":"4b020c30","settings":{"title":"Still unsure? Here's what our members say","align":"center","typography_typography":"custom","typography_font_family":"Bai Jamjuree","typography_font_size":{"unit":"px","size":40,"sizes":[]},"typography_font_size_laptop":{"unit":"px","size":32,"sizes":[]},"typography_font_size_mobile":{"unit":"px","size":28,"sizes":[]},"typography_font_weight":"600","title_color":"#000000","_animation":"fadeInUp"},"elements":[],"isInner":false,"widgetType":"heading","elType":"widget"},{"id":"18aa4a1a","settings":{"editor":"<p>Real words from people who booked a tour \u2014 and never looked back.<\/p>","align":"center","align_tablet":"center","typography_typography":"custom","typography_font_family":"DM Sans","typography_font_size":{"unit":"px","size":16,"sizes":[]},"typography_font_weight":"400","typography_line_height":{"unit":"em","size":1.5,"sizes":[]},"typography_line_height_widescreen":{"unit":"em","size":"","sizes":[]},"typography_line_height_laptop":{"unit":"em","size":"","sizes":[]},"text_color":"#000000FA","_margin":{"unit":"px","top":"14","right":"0","bottom":"-16","left":"0","isLinked":false},"_padding":{"unit":"px","top":"0","right":"0","bottom":"0","left":"0","isLinked":false},"_animation":"fadeInUp"},"elements":[],"isInner":false,"widgetType":"text-editor","elType":"widget"}],"isInner":true,"elType":"container"},{"id":"30e50a59","settings":{"content_width":"full","margin":{"unit":"px","top":"40","right":"0","bottom":"0","left":"0","isLinked":false},"padding":{"unit":"px","top":"0","right":"0","bottom":"0","left":"0","isLinked":false},"_title":"row","flex_gap":{"column":"15","row":"15","isLinked":true,"unit":"px","size":15},"animation":"fadeIn"},"elements":[{"id":"371e126b","settings":{"carousel_name":"Carousel","carousel_items":[{"slide_title":"Slide #1","_id":"d9e2a62"},{"slide_title":"Slide #1","_id":"1e1140f"},{"slide_title":"Slide #1","_id":"b18ea83"},{"slide_title":"Slide #1","_id":"a531fec"}],"arrows":"","pagination":"","content_border_border":"solid","content_border_width":{"unit":"px","top":"1","right":"1","bottom":"1","left":"1","isLinked":true},"content_border_color":"#0000001A","border_radius":{"unit":"px","top":"16","right":"16","bottom":"16","left":"16","isLinked":true},"content_padding":{"unit":"px","top":"0","right":"0","bottom":"0","left":"0","isLinked":false},"_margin":{"unit":"px","top":"0","right":"0","bottom":"0","left":"0","isLinked":false},"_padding":{"unit":"px","top":"0","right":"0","bottom":"0","left":"0","isLinked":false},"slides_to_show":"4","slides_to_show_tablet":"3","slides_to_scroll":"4","pause_on_hover":"","pause_on_interaction":"","image_spacing_custom":{"unit":"px","size":16,"sizes":[]},"_css_classes":"flowspace-testimonial"},"elements":[{"id":"4ccc4ffd","settings":{"_title":"Slide #1","flex_justify_content":"center","flex_gap":{"column":"16","row":"16","isLinked":true,"unit":"px","size":16},"margin":{"unit":"px","top":"0","right":"0","bottom":"0","left":"0","isLinked":false},"padding":{"unit":"px","top":"24","right":"24","bottom":"24","left":"24","isLinked":true}},"elements":[{"id":"5e2aeb26","settings":{"content_width":"full","flex_gap":{"column":"8","row":"8","isLinked":true,"unit":"px","size":8},"margin":{"unit":"px","top":"0","right":"0","bottom":"0","left":"0","isLinked":false},"padding":{"unit":"px","top":"0","right":"0","bottom":"0","left":"0","isLinked":false},"_title":"rating"},"elements":[{"id":"50252937","settings":{"icon_list":[{"text":"5","selected_icon":{"value":"fas fa-star","library":"fa-solid"},"_id":"4799c4e"}],"icon_color":"#000000","icon_typography_typography":"custom","icon_typography_font_family":"DM Sans","icon_typography_font_size":{"unit":"px","size":16,"sizes":[]},"icon_typography_font_weight":"500","text_color":"#000000"},"elements":[],"isInner":false,"widgetType":"icon-list","elType":"widget"},{"id":"66384fd3","settings":{"editor":"<p>\"GreenBird has been an invaluable partner for years. They are my go-to choice for any future projects\"<\/p>","typography_typography":"custom","typography_font_family":"DM Sans","typography_font_size":{"unit":"px","size":16,"sizes":[]},"typography_font_weight":"300","typography_line_height":{"unit":"em","size":1.5,"sizes":[]},"typography_line_height_widescreen":{"unit":"em","size":"","sizes":[]},"typography_line_height_laptop":{"unit":"em","size":"","sizes":[]},"text_color":"#000000FA","_margin":{"unit":"px","top":"-5","right":"0","bottom":"-16","left":"0","isLinked":false},"_padding":{"unit":"px","top":"0","right":"0","bottom":"0","left":"0","isLinked":false}},"elements":[],"isInner":false,"widgetType":"text-editor","elType":"widget"}],"isInner":true,"elType":"container"},{"id":"5d3bbf43","settings":{"content_width":"full","flex_direction":"row","flex_justify_content":"flex-start","flex_align_items":"center","flex_gap":{"column":"12","row":"12","isLinked":true,"unit":"px","size":12},"margin":{"unit":"px","top":"0","right":"0","bottom":"0","left":"0","isLinked":false},"padding":{"unit":"px","top":"0","right":"0","bottom":"0","left":"0","isLinked":false},"_title":"name and title"},"elements":[{"id":"5d4a511","settings":{"image":{"url":"https:\/\/yellow-magpie-125839.hostingersite.com\/wp-content\/uploads\/2025\/07\/Man2-e1751469524808.webp","id":2086,"size":"","alt":"","source":"library"},"image_size":"full","width":{"unit":"px","size":40,"sizes":[]},"width_tablet":{"unit":"px","size":"","sizes":[]},"width_mobile":{"unit":"px","size":"","sizes":[]},"space":{"unit":"%","size":100,"sizes":[]},"height":{"unit":"px","size":40,"sizes":[]},"image_border_radius":{"unit":"px","top":"500","right":"500","bottom":"500","left":"500","isLinked":true},"_element_custom_width":{"unit":"px","size":60,"sizes":[]}},"elements":[],"isInner":false,"widgetType":"image","elType":"widget"},{"id":"81a3569","settings":{"image":{"url":"","id":"","size":""},"title_text":"Thomas C.","description_text":"CEO, N\u00fcmph","title_size":"h4","position":"left","content_vertical_alignment":"middle","text_align":"left","title_bottom_space":{"unit":"px","size":2,"sizes":[]},"image_size":{"unit":"px","size":100,"sizes":[]},"image_size_tablet":{"unit":"px","size":"","sizes":[]},"image_size_mobile":{"unit":"px","size":"","sizes":[]},"image_border_radius":{"unit":"px","size":500,"sizes":[]},"title_typography_typography":"custom","title_typography_font_family":"DM Sans","title_typography_font_size":{"unit":"px","size":16,"sizes":[]},"title_typography_font_weight":"500","title_color":"#000000","hover_title_color":"#000000","description_typography_typography":"custom","description_typography_font_family":"DM Sans","description_typography_font_size":{"unit":"px","size":14,"sizes":[]},"description_typography_font_weight":"400","description_color":"#1F1F1FCC"},"elements":[],"isInner":false,"widgetType":"image-box","elType":"widget"}],"isInner":true,"elType":"container"}],"isInner":true,"elType":"container","isLocked":true},{"id":"75c6cb7","settings":{"_title":"Slide #1","flex_justify_content":"center","flex_gap":{"column":"16","row":"16","isLinked":true,"unit":"px","size":16},"margin":{"unit":"px","top":"0","right":"0","bottom":"0","left":"0","isLinked":false},"padding":{"unit":"px","top":"24","right":"24","bottom":"24","left":"24","isLinked":true}},"elements":[{"id":"1c74bcaa","settings":{"content_width":"full","flex_gap":{"column":"8","row":"8","isLinked":true,"unit":"px","size":8},"margin":{"unit":"px","top":"0","right":"0","bottom":"0","left":"0","isLinked":false},"padding":{"unit":"px","top":"0","right":"0","bottom":"0","left":"0","isLinked":false},"_title":"rating"},"elements":[{"id":"3f4cd85d","settings":{"icon_list":[{"text":"4.9","selected_icon":{"value":"fas fa-star","library":"fa-solid"},"_id":"4799c4e"}],"icon_color":"#000000","icon_typography_typography":"custom","icon_typography_font_family":"DM Sans","icon_typography_font_size":{"unit":"px","size":16,"sizes":[]},"icon_typography_font_weight":"500","text_color":"#000000"},"elements":[],"isInner":false,"widgetType":"icon-list","elType":"widget"},{"id":"156a8237","settings":{"editor":"<p>\"Impactful work by day, meaningful connections by night. GreenBird gives me both.\"<\/p>","typography_typography":"custom","typography_font_family":"DM Sans","typography_font_size":{"unit":"px","size":16,"sizes":[]},"typography_font_weight":"300","typography_line_height":{"unit":"em","size":1.5,"sizes":[]},"typography_line_height_widescreen":{"unit":"em","size":"","sizes":[]},"typography_line_height_laptop":{"unit":"em","size":"","sizes":[]},"text_color":"#000000FA","_margin":{"unit":"px","top":"-5","right":"0","bottom":"-16","left":"0","isLinked":false},"_padding":{"unit":"px","top":"0","right":"0","bottom":"0","left":"0","isLinked":false}},"elements":[],"isInner":false,"widgetType":"text-editor","elType":"widget"}],"isInner":true,"elType":"container"},{"id":"2b38b059","settings":{"content_width":"full","flex_direction":"row","flex_justify_content":"flex-start","flex_align_items":"center","flex_gap":{"column":"12","row":"12","isLinked":true,"unit":"px","size":12},"margin":{"unit":"px","top":"0","right":"0","bottom":"0","left":"0","isLinked":false},"padding":{"unit":"px","top":"0","right":"0","bottom":"0","left":"0","isLinked":false},"_title":"name and title"},"elements":[{"id":"546b51de","settings":{"image":{"url":"https:\/\/yellow-magpie-125839.hostingersite.com\/wp-content\/uploads\/2025\/07\/Skaermbillede-2025-07-02-kl.-17.17.31-e1751469504186.webp","id":2168,"size":"","alt":"","source":"library"},"image_size":"1536x1536","width":{"unit":"px","size":40,"sizes":[]},"width_tablet":{"unit":"px","size":"","sizes":[]},"width_mobile":{"unit":"px","size":"","sizes":[]},"space":{"unit":"%","size":100,"sizes":[]},"height":{"unit":"px","size":40,"sizes":[]},"image_border_radius":{"unit":"px","top":"500","right":"500","bottom":"500","left":"500","isLinked":true},"_element_custom_width":{"unit":"px","size":60,"sizes":[]}},"elements":[],"isInner":false,"widgetType":"image","elType":"widget"},{"id":"5826d0cc","settings":{"image":{"url":"","id":"","size":""},"title_text":"Liam R.","description_text":"Startup Founder","title_size":"h4","position":"left","content_vertical_alignment":"middle","text_align":"left","title_bottom_space":{"unit":"px","size":2,"sizes":[]},"image_size":{"unit":"px","size":100,"sizes":[]},"image_size_tablet":{"unit":"px","size":"","sizes":[]},"image_size_mobile":{"unit":"px","size":"","sizes":[]},"image_border_radius":{"unit":"px","size":500,"sizes":[]},"title_typography_typography":"custom","title_typography_font_family":"DM Sans","title_typography_font_size":{"unit":"px","size":16,"sizes":[]},"title_typography_font_weight":"500","title_color":"#000000","hover_title_color":"#000000","description_typography_typography":"custom","description_typography_font_family":"DM Sans","description_typography_font_size":{"unit":"px","size":14,"sizes":[]},"description_typography_font_weight":"400","description_color":"#1F1F1FCC"},"elements":[],"isInner":false,"widgetType":"image-box","elType":"widget"}],"isInner":true,"elType":"container"}],"isInner":true,"elType":"container","isLocked":true},{"id":"5c6e445f","settings":{"_title":"Slide #1","flex_justify_content":"center","flex_gap":{"column":"16","row":"16","isLinked":true,"unit":"px","size":16},"margin":{"unit":"px","top":"0","right":"0","bottom":"0","left":"0","isLinked":false},"padding":{"unit":"px","top":"24","right":"24","bottom":"24","left":"24","isLinked":true}},"elements":[{"id":"516b4994","settings":{"content_width":"full","flex_gap":{"column":"8","row":"8","isLinked":true,"unit":"px","size":8},"margin":{"unit":"px","top":"0","right":"0","bottom":"0","left":"0","isLinked":false},"padding":{"unit":"px","top":"0","right":"0","bottom":"0","left":"0","isLinked":false},"_title":"rating"},"elements":[{"id":"45dbea80","settings":{"icon_list":[{"text":"5","selected_icon":{"value":"fas fa-star","library":"fa-solid"},"_id":"4799c4e"}],"icon_color":"#000000","icon_typography_typography":"custom","icon_typography_font_family":"Plus Jakarta Sans","icon_typography_font_size":{"unit":"px","size":16,"sizes":[]},"icon_typography_font_weight":"500","text_color":"#000000"},"elements":[],"isInner":false,"widgetType":"icon-list","elType":"widget"},{"id":"229bac1f","settings":{"editor":"<p>\"GreenBird made our brand feel fresh, focused, and future-ready. Five stare from us\"<\/p>","typography_typography":"custom","typography_font_family":"DM Sans","typography_font_size":{"unit":"px","size":16,"sizes":[]},"typography_font_weight":"300","typography_line_height":{"unit":"em","size":1.5,"sizes":[]},"typography_line_height_widescreen":{"unit":"em","size":"","sizes":[]},"typography_line_height_laptop":{"unit":"em","size":"","sizes":[]},"text_color":"#000000FA","_margin":{"unit":"px","top":"-5","right":"0","bottom":"-16","left":"0","isLinked":false},"_padding":{"unit":"px","top":"0","right":"0","bottom":"0","left":"0","isLinked":false}},"elements":[],"isInner":false,"widgetType":"text-editor","elType":"widget"}],"isInner":true,"elType":"container"},{"id":"187eaa06","settings":{"content_width":"full","flex_direction":"row","flex_justify_content":"flex-start","flex_align_items":"center","flex_gap":{"column":"12","row":"12","isLinked":true,"unit":"px","size":12},"margin":{"unit":"px","top":"0","right":"0","bottom":"0","left":"0","isLinked":false},"padding":{"unit":"px","top":"0","right":"0","bottom":"0","left":"0","isLinked":false},"_title":"name and title"},"elements":[{"id":"659304d2","settings":{"image":{"url":"https:\/\/yellow-magpie-125839.hostingersite.com\/wp-content\/uploads\/2025\/07\/Skaermbillede-2025-07-02-kl.-17.24.27.webp","id":2169,"size":"","alt":"","source":"library"},"image_size":"full","width":{"unit":"px","size":40,"sizes":[]},"width_tablet":{"unit":"px","size":"","sizes":[]},"width_mobile":{"unit":"px","size":"","sizes":[]},"space":{"unit":"%","size":100,"sizes":[]},"height":{"unit":"px","size":40,"sizes":[]},"image_border_radius":{"unit":"px","top":"500","right":"500","bottom":"500","left":"500","isLinked":true},"_element_custom_width":{"unit":"px","size":60,"sizes":[]}},"elements":[],"isInner":false,"widgetType":"image","elType":"widget"},{"id":"3b53c5ac","settings":{"image":{"url":"","id":"","size":""},"title_text":"Hannah K.","description_text":"Marketing Lead, TerraLoop","title_size":"h4","position":"left","content_vertical_alignment":"middle","text_align":"left","title_bottom_space":{"unit":"px","size":2,"sizes":[]},"image_size":{"unit":"px","size":100,"sizes":[]},"image_size_tablet":{"unit":"px","size":"","sizes":[]},"image_size_mobile":{"unit":"px","size":"","sizes":[]},"image_border_radius":{"unit":"px","size":500,"sizes":[]},"title_typography_typography":"custom","title_typography_font_family":"DM Sans","title_typography_font_size":{"unit":"px","size":16,"sizes":[]},"title_typography_font_weight":"500","title_color":"#000000","hover_title_color":"#000000","description_typography_typography":"custom","description_typography_font_family":"DM Sans","description_typography_font_size":{"unit":"px","size":14,"sizes":[]},"description_typography_font_weight":"400","description_color":"#1F1F1FCC"},"elements":[],"isInner":false,"widgetType":"image-box","elType":"widget"}],"isInner":true,"elType":"container"}],"isInner":true,"elType":"container","isLocked":true},{"id":"66224e33","settings":{"_title":"Slide #1","flex_justify_content":"center","flex_gap":{"column":"16","row":"16","isLinked":true,"unit":"px","size":16},"margin":{"unit":"px","top":"0","right":"0","bottom":"0","left":"0","isLinked":false},"padding":{"unit":"px","top":"24","right":"24","bottom":"24","left":"24","isLinked":true}},"elements":[{"id":"24089fa","settings":{"content_width":"full","flex_gap":{"column":"8","row":"8","isLinked":true,"unit":"px","size":8},"margin":{"unit":"px","top":"0","right":"0","bottom":"0","left":"0","isLinked":false},"padding":{"unit":"px","top":"0","right":"0","bottom":"0","left":"0","isLinked":false},"_title":"rating"},"elements":[{"id":"73dc0280","settings":{"icon_list":[{"text":"4.5","selected_icon":{"value":"fas fa-star","library":"fa-solid"},"_id":"4799c4e"}],"icon_color":"#000000","icon_typography_typography":"custom","icon_typography_font_family":"Plus Jakarta Sans","icon_typography_font_size":{"unit":"px","size":16,"sizes":[]},"icon_typography_font_weight":"500","text_color":"#000000"},"elements":[],"isInner":false,"widgetType":"icon-list","elType":"widget"},{"id":"2cb96db4","settings":{"editor":"<p>\"They got our vision \u2014 and made it look better than we imagined.\"<\/p>","typography_typography":"custom","typography_font_family":"DM Sans","typography_font_size":{"unit":"px","size":16,"sizes":[]},"typography_font_weight":"300","typography_line_height":{"unit":"em","size":1.5,"sizes":[]},"typography_line_height_widescreen":{"unit":"em","size":"","sizes":[]},"typography_line_height_laptop":{"unit":"em","size":"","sizes":[]},"text_color":"#000000FA","_margin":{"unit":"px","top":"-5","right":"0","bottom":"-16","left":"0","isLinked":false},"_padding":{"unit":"px","top":"0","right":"0","bottom":"0","left":"0","isLinked":false}},"elements":[],"isInner":false,"widgetType":"text-editor","elType":"widget"}],"isInner":true,"elType":"container"},{"id":"59ba4a8f","settings":{"content_width":"full","flex_direction":"row","flex_justify_content":"flex-start","flex_align_items":"center","flex_gap":{"column":"12","row":"12","isLinked":true,"unit":"px","size":12},"margin":{"unit":"px","top":"0","right":"0","bottom":"0","left":"0","isLinked":false},"padding":{"unit":"px","top":"0","right":"0","bottom":"0","left":"0","isLinked":false},"_title":"name and title"},"elements":[{"id":"4a427b6d","settings":{"image":{"url":"https:\/\/yellow-magpie-125839.hostingersite.com\/wp-content\/uploads\/2025\/07\/Skaermbillede-2025-07-02-kl.-17.27.46-e1751470108805.webp","id":2174,"size":"","alt":"","source":"library"},"image_size":"full","width":{"unit":"px","size":40,"sizes":[]},"width_tablet":{"unit":"px","size":"","sizes":[]},"width_mobile":{"unit":"px","size":"","sizes":[]},"space":{"unit":"%","size":100,"sizes":[]},"height":{"unit":"px","size":40,"sizes":[]},"image_border_radius":{"unit":"px","top":"500","right":"500","bottom":"500","left":"500","isLinked":true},"_element_custom_width":{"unit":"px","size":60,"sizes":[]}},"elements":[],"isInner":false,"widgetType":"image","elType":"widget"},{"id":"314a9683","settings":{"image":{"url":"","id":"","size":""},"title_text":"Malika Joe","description_text":"Founder, ClimaCharge","title_size":"h4","position":"left","content_vertical_alignment":"middle","text_align":"left","title_bottom_space":{"unit":"px","size":2,"sizes":[]},"image_size":{"unit":"px","size":100,"sizes":[]},"image_size_tablet":{"unit":"px","size":"","sizes":[]},"image_size_mobile":{"unit":"px","size":"","sizes":[]},"image_border_radius":{"unit":"px","size":500,"sizes":[]},"title_typography_typography":"custom","title_typography_font_family":"DM Sans","title_typography_font_size":{"unit":"px","size":16,"sizes":[]},"title_typography_font_weight":"500","title_color":"#000000","hover_title_color":"#000000","description_typography_typography":"custom","description_typography_font_family":"DM Sans","description_typography_font_size":{"unit":"px","size":14,"sizes":[]},"description_typography_font_weight":"400","description_color":"#1F1F1FCC"},"elements":[],"isInner":false,"widgetType":"image-box","elType":"widget"}],"isInner":true,"elType":"container"}],"isInner":true,"elType":"container","isLocked":true}],"isInner":false,"widgetType":"nested-carousel","elType":"widget"},{"id":"76c0870e","settings":{"carousel_name":"Carousel","carousel_items":[{"slide_title":"Slide #1","_id":"d9e2a62"},{"slide_title":"Slide #1","_id":"1e1140f"},{"slide_title":"Slide #1","_id":"b18ea83"},{"slide_title":"Slide #1","_id":"a531fec"}],"arrows":"","pagination":"","content_border_border":"solid","content_border_width":{"unit":"px","top":"1","right":"1","bottom":"1","left":"1","isLinked":true},"content_border_color":"#0000001A","border_radius":{"unit":"px","top":"16","right":"16","bottom":"16","left":"16","isLinked":true},"content_padding":{"unit":"px","top":"0","right":"0","bottom":"0","left":"0","isLinked":false},"_margin":{"unit":"px","top":"0","right":"0","bottom":"0","left":"0","isLinked":false},"_padding":{"unit":"px","top":"0","right":"0","bottom":"0","left":"0","isLinked":false},"slides_to_show":"4","slides_to_show_tablet":"3","slides_to_scroll":"4","pause_on_hover":"","pause_on_interaction":"","image_spacing_custom":{"unit":"px","size":16,"sizes":[]},"_css_classes":"flowspace-testimonial-rv"},"elements":[{"id":"3a5ca97e","settings":{"_title":"Slide #1","flex_justify_content":"center","flex_gap":{"column":"16","row":"16","isLinked":true,"unit":"px","size":16},"margin":{"unit":"px","top":"0","right":"0","bottom":"0","left":"0","isLinked":false},"padding":{"unit":"px","top":"24","right":"24","bottom":"24","left":"24","isLinked":true}},"elements":[{"id":"f4cfb6d","settings":{"content_width":"full","flex_gap":{"column":"8","row":"8","isLinked":true,"unit":"px","size":8},"margin":{"unit":"px","top":"0","right":"0","bottom":"0","left":"0","isLinked":false},"padding":{"unit":"px","top":"0","right":"0","bottom":"0","left":"0","isLinked":false},"_title":"rating"},"elements":[{"id":"77767a06","settings":{"icon_list":[{"text":"5","selected_icon":{"value":"fas fa-star","library":"fa-solid"},"_id":"4799c4e"}],"icon_color":"#000000","icon_typography_typography":"custom","icon_typography_font_family":"Plus Jakarta Sans","icon_typography_font_size":{"unit":"px","size":16,"sizes":[]},"icon_typography_font_weight":"500","text_color":"#000000"},"elements":[],"isInner":false,"widgetType":"icon-list","elType":"widget"},{"id":"4eeb3821","settings":{"editor":"<p>\"Smart, fast, and aligned with our values. Loved working with them.\"<\/p>","typography_typography":"custom","typography_font_family":"DM Sans","typography_font_size":{"unit":"px","size":16,"sizes":[]},"typography_font_weight":"300","typography_line_height":{"unit":"em","size":1.5,"sizes":[]},"typography_line_height_widescreen":{"unit":"em","size":"","sizes":[]},"typography_line_height_laptop":{"unit":"em","size":"","sizes":[]},"text_color":"#000000FA","_margin":{"unit":"px","top":"-5","right":"0","bottom":"-16","left":"0","isLinked":false},"_padding":{"unit":"px","top":"0","right":"0","bottom":"0","left":"0","isLinked":false}},"elements":[],"isInner":false,"widgetType":"text-editor","elType":"widget"}],"isInner":true,"elType":"container"},{"id":"3f32d7de","settings":{"content_width":"full","flex_direction":"row","flex_justify_content":"flex-start","flex_align_items":"center","flex_gap":{"column":"12","row":"12","isLinked":true,"unit":"px","size":12},"margin":{"unit":"px","top":"0","right":"0","bottom":"0","left":"0","isLinked":false},"padding":{"unit":"px","top":"0","right":"0","bottom":"0","left":"0","isLinked":false},"_title":"name and title"},"elements":[{"id":"2b3315bf","settings":{"image":{"url":"https:\/\/yellow-magpie-125839.hostingersite.com\/wp-content\/uploads\/2025\/07\/Skaermbillede-e1751470226794.webp","id":2175,"size":"","alt":"","source":"library"},"image_size":"full","width":{"unit":"px","size":40,"sizes":[]},"width_tablet":{"unit":"px","size":"","sizes":[]},"width_mobile":{"unit":"px","size":"","sizes":[]},"space":{"unit":"%","size":100,"sizes":[]},"height":{"unit":"px","size":40,"sizes":[]},"image_border_radius":{"unit":"px","top":"500","right":"500","bottom":"500","left":"500","isLinked":true},"_element_custom_width":{"unit":"px","size":60,"sizes":[]}},"elements":[],"isInner":false,"widgetType":"image","elType":"widget"},{"id":"1c1498e9","settings":{"image":{"url":"","id":"","size":""},"title_text":"Jonas","description_text":"Co-founders, Releaf App\n\n","title_size":"h4","position":"left","content_vertical_alignment":"middle","text_align":"left","title_bottom_space":{"unit":"px","size":2,"sizes":[]},"image_size":{"unit":"px","size":100,"sizes":[]},"image_size_tablet":{"unit":"px","size":"","sizes":[]},"image_size_mobile":{"unit":"px","size":"","sizes":[]},"image_border_radius":{"unit":"px","size":500,"sizes":[]},"title_typography_typography":"custom","title_typography_font_family":"DM Sans","title_typography_font_size":{"unit":"px","size":16,"sizes":[]},"title_typography_font_weight":"500","title_color":"#000000","hover_title_color":"#000000","description_typography_typography":"custom","description_typography_font_family":"DM Sans","description_typography_font_size":{"unit":"px","size":14,"sizes":[]},"description_typography_font_weight":"400","description_color":"#1F1F1FCC"},"elements":[],"isInner":false,"widgetType":"image-box","elType":"widget"}],"isInner":true,"elType":"container"}],"isInner":true,"elType":"container","isLocked":true},{"id":"4bf35563","settings":{"_title":"Slide #1","flex_justify_content":"center","flex_gap":{"column":"16","row":"16","isLinked":true,"unit":"px","size":16},"margin":{"unit":"px","top":"0","right":"0","bottom":"0","left":"0","isLinked":false},"padding":{"unit":"px","top":"24","right":"24","bottom":"24","left":"24","isLinked":true}},"elements":[{"id":"4d33136a","settings":{"content_width":"full","flex_gap":{"column":"8","row":"8","isLinked":true,"unit":"px","size":8},"margin":{"unit":"px","top":"0","right":"0","bottom":"0","left":"0","isLinked":false},"padding":{"unit":"px","top":"0","right":"0","bottom":"0","left":"0","isLinked":false},"_title":"rating"},"elements":[{"id":"638af9a0","settings":{"icon_list":[{"text":"4.9","selected_icon":{"value":"fas fa-star","library":"fa-solid"},"_id":"4799c4e"}],"icon_color":"#000000","icon_typography_typography":"custom","icon_typography_font_family":"Plus Jakarta Sans","icon_typography_font_size":{"unit":"px","size":16,"sizes":[]},"icon_typography_font_weight":"500","text_color":"#000000"},"elements":[],"isInner":false,"widgetType":"icon-list","elType":"widget"},{"id":"5ae7de1b","settings":{"editor":"<p>\"They just get it. Great design with real purpose behind it.\"<\/p>","typography_typography":"custom","typography_font_family":"DM Sans","typography_font_size":{"unit":"px","size":16,"sizes":[]},"typography_font_weight":"300","typography_line_height":{"unit":"em","size":1.5,"sizes":[]},"typography_line_height_widescreen":{"unit":"em","size":"","sizes":[]},"typography_line_height_laptop":{"unit":"em","size":"","sizes":[]},"text_color":"#000000FA","_margin":{"unit":"px","top":"-5","right":"0","bottom":"-16","left":"0","isLinked":false},"_padding":{"unit":"px","top":"0","right":"0","bottom":"0","left":"0","isLinked":false}},"elements":[],"isInner":false,"widgetType":"text-editor","elType":"widget"}],"isInner":true,"elType":"container"},{"id":"6a9ea6cd","settings":{"content_width":"full","flex_direction":"row","flex_justify_content":"flex-start","flex_align_items":"center","flex_gap":{"column":"12","row":"12","isLinked":true,"unit":"px","size":12},"margin":{"unit":"px","top":"0","right":"0","bottom":"0","left":"0","isLinked":false},"padding":{"unit":"px","top":"0","right":"0","bottom":"0","left":"0","isLinked":false},"_title":"name and title"},"elements":[{"id":"3c3a3e85","settings":{"image":{"url":"https:\/\/yellow-magpie-125839.hostingersite.com\/wp-content\/uploads\/2025\/07\/Skaermbillede-1-e1751470277913.webp","id":2176,"size":"","alt":"","source":"library"},"image_size":"full","width":{"unit":"px","size":40,"sizes":[]},"width_tablet":{"unit":"px","size":"","sizes":[]},"width_mobile":{"unit":"px","size":"","sizes":[]},"space":{"unit":"%","size":100,"sizes":[]},"height":{"unit":"px","size":40,"sizes":[]},"image_border_radius":{"unit":"px","top":"500","right":"500","bottom":"500","left":"500","isLinked":true},"_element_custom_width":{"unit":"px","size":60,"sizes":[]}},"elements":[],"isInner":false,"widgetType":"image","elType":"widget"},{"id":"65f1eca7","settings":{"image":{"url":"","id":"","size":""},"title_text":"Leo V.","description_text":"Creative Director, Earthware","title_size":"h4","position":"left","content_vertical_alignment":"middle","text_align":"left","title_bottom_space":{"unit":"px","size":2,"sizes":[]},"image_size":{"unit":"px","size":100,"sizes":[]},"image_size_tablet":{"unit":"px","size":"","sizes":[]},"image_size_mobile":{"unit":"px","size":"","sizes":[]},"image_border_radius":{"unit":"px","size":500,"sizes":[]},"title_typography_typography":"custom","title_typography_font_family":"DM Sans","title_typography_font_size":{"unit":"px","size":16,"sizes":[]},"title_typography_font_weight":"500","title_color":"#000000","hover_title_color":"#000000","description_typography_typography":"custom","description_typography_font_family":"DM Sans","description_typography_font_size":{"unit":"px","size":14,"sizes":[]},"description_typography_font_weight":"400","description_color":"#1F1F1FCC"},"elements":[],"isInner":false,"widgetType":"image-box","elType":"widget"}],"isInner":true,"elType":"container"}],"isInner":true,"elType":"container","isLocked":true},{"id":"3f567ccd","settings":{"_title":"Slide #1","flex_justify_content":"center","flex_gap":{"column":"16","row":"16","isLinked":true,"unit":"px","size":16},"margin":{"unit":"px","top":"0","right":"0","bottom":"0","left":"0","isLinked":false},"padding":{"unit":"px","top":"24","right":"24","bottom":"24","left":"24","isLinked":true}},"elements":[{"id":"8bd78c6","settings":{"content_width":"full","flex_gap":{"column":"8","row":"8","isLinked":true,"unit":"px","size":8},"margin":{"unit":"px","top":"0","right":"0","bottom":"0","left":"0","isLinked":false},"padding":{"unit":"px","top":"0","right":"0","bottom":"0","left":"0","isLinked":false},"_title":"rating"},"elements":[{"id":"2021df5a","settings":{"icon_list":[{"text":"5","selected_icon":{"value":"fas fa-star","library":"fa-solid"},"_id":"4799c4e"}],"icon_color":"#000000","icon_typography_typography":"custom","icon_typography_font_family":"Plus Jakarta Sans","icon_typography_font_size":{"unit":"px","size":16,"sizes":[]},"icon_typography_font_weight":"500","text_color":"#000000"},"elements":[],"isInner":false,"widgetType":"icon-list","elType":"widget"},{"id":"6ff64d3","settings":{"editor":"<p>\"Clean, modern, and on-brand. Couldn\u2019t ask for more.\"<\/p>","typography_typography":"custom","typography_font_family":"DM Sans","typography_font_size":{"unit":"px","size":16,"sizes":[]},"typography_font_weight":"300","typography_line_height":{"unit":"em","size":1.5,"sizes":[]},"typography_line_height_widescreen":{"unit":"em","size":"","sizes":[]},"typography_line_height_laptop":{"unit":"em","size":"","sizes":[]},"text_color":"#000000FA","_margin":{"unit":"px","top":"-5","right":"0","bottom":"-16","left":"0","isLinked":false},"_padding":{"unit":"px","top":"0","right":"0","bottom":"0","left":"0","isLinked":false}},"elements":[],"isInner":false,"widgetType":"text-editor","elType":"widget"}],"isInner":true,"elType":"container"},{"id":"57b933d3","settings":{"content_width":"full","flex_direction":"row","flex_justify_content":"flex-start","flex_align_items":"center","flex_gap":{"column":"12","row":"12","isLinked":true,"unit":"px","size":12},"margin":{"unit":"px","top":"0","right":"0","bottom":"0","left":"0","isLinked":false},"padding":{"unit":"px","top":"0","right":"0","bottom":"0","left":"0","isLinked":false},"_title":"name and title"},"elements":[{"id":"53ebc173","settings":{"image":{"url":"https:\/\/yellow-magpie-125839.hostingersite.com\/wp-content\/uploads\/2025\/07\/Skaermbillede-2.webp","id":2177,"size":"","alt":"","source":"library"},"image_size":"full","width":{"unit":"px","size":40,"sizes":[]},"width_tablet":{"unit":"px","size":"","sizes":[]},"width_mobile":{"unit":"px","size":"","sizes":[]},"space":{"unit":"%","size":100,"sizes":[]},"height":{"unit":"px","size":40,"sizes":[]},"image_border_radius":{"unit":"px","top":"500","right":"500","bottom":"500","left":"500","isLinked":true},"_element_custom_width":{"unit":"px","size":60,"sizes":[]}},"elements":[],"isInner":false,"widgetType":"image","elType":"widget"},{"id":"4a89760a","settings":{"image":{"url":"","id":"","size":""},"title_text":"Amira N.","description_text":"Founder, Future Foods","title_size":"h4","position":"left","content_vertical_alignment":"middle","text_align":"left","title_bottom_space":{"unit":"px","size":2,"sizes":[]},"image_size":{"unit":"px","size":100,"sizes":[]},"image_size_tablet":{"unit":"px","size":"","sizes":[]},"image_size_mobile":{"unit":"px","size":"","sizes":[]},"image_border_radius":{"unit":"px","size":500,"sizes":[]},"title_typography_typography":"custom","title_typography_font_family":"DM Sans","title_typography_font_size":{"unit":"px","size":16,"sizes":[]},"title_typography_font_weight":"500","title_color":"#000000","hover_title_color":"#000000","description_typography_typography":"custom","description_typography_font_family":"DM Sans","description_typography_font_size":{"unit":"px","size":14,"sizes":[]},"description_typography_font_weight":"400","description_color":"#1F1F1FCC"},"elements":[],"isInner":false,"widgetType":"image-box","elType":"widget"}],"isInner":true,"elType":"container"}],"isInner":true,"elType":"container","isLocked":true},{"id":"4a7be60f","settings":{"_title":"Slide #1","flex_justify_content":"center","flex_gap":{"column":"16","row":"16","isLinked":true,"unit":"px","size":16},"margin":{"unit":"px","top":"0","right":"0","bottom":"0","left":"0","isLinked":false},"padding":{"unit":"px","top":"24","right":"24","bottom":"24","left":"24","isLinked":true}},"elements":[{"id":"35a20635","settings":{"content_width":"full","flex_gap":{"column":"8","row":"8","isLinked":true,"unit":"px","size":8},"margin":{"unit":"px","top":"0","right":"0","bottom":"0","left":"0","isLinked":false},"padding":{"unit":"px","top":"0","right":"0","bottom":"0","left":"0","isLinked":false},"_title":"rating"},"elements":[{"id":"7b3b0c55","settings":{"icon_list":[{"text":"4.5","selected_icon":{"value":"fas fa-star","library":"fa-solid"},"_id":"4799c4e"}],"icon_color":"#000000","icon_typography_typography":"custom","icon_typography_font_family":"Plus Jakarta Sans","icon_typography_font_size":{"unit":"px","size":16,"sizes":[]},"icon_typography_font_weight":"500","text_color":"#000000"},"elements":[],"isInner":false,"widgetType":"icon-list","elType":"widget"},{"id":"27188564","settings":{"editor":"<p>\"Fast delivery, beautiful work, and good people.\"<\/p>","typography_typography":"custom","typography_font_family":"DM Sans","typography_font_size":{"unit":"px","size":16,"sizes":[]},"typography_font_weight":"300","typography_line_height":{"unit":"em","size":1.5,"sizes":[]},"typography_line_height_widescreen":{"unit":"em","size":"","sizes":[]},"typography_line_height_laptop":{"unit":"em","size":"","sizes":[]},"text_color":"#000000FA","_margin":{"unit":"px","top":"-5","right":"0","bottom":"-16","left":"0","isLinked":false},"_padding":{"unit":"px","top":"0","right":"0","bottom":"0","left":"0","isLinked":false}},"elements":[],"isInner":false,"widgetType":"text-editor","elType":"widget"}],"isInner":true,"elType":"container"},{"id":"9129c08","settings":{"content_width":"full","flex_direction":"row","flex_justify_content":"flex-start","flex_align_items":"center","flex_gap":{"column":"12","row":"12","isLinked":true,"unit":"px","size":12},"margin":{"unit":"px","top":"0","right":"0","bottom":"0","left":"0","isLinked":false},"padding":{"unit":"px","top":"0","right":"0","bottom":"0","left":"0","isLinked":false},"_title":"name and title"},"elements":[{"id":"78f2f24","settings":{"image":{"url":"https:\/\/yellow-magpie-125839.hostingersite.com\/wp-content\/uploads\/2025\/07\/Skaermbillede-3-e1751470364345.webp","id":2178,"size":"","alt":"","source":"library"},"image_size":"full","width":{"unit":"px","size":40,"sizes":[]},"width_tablet":{"unit":"px","size":"","sizes":[]},"width_mobile":{"unit":"px","size":"","sizes":[]},"space":{"unit":"%","size":100,"sizes":[]},"height":{"unit":"px","size":40,"sizes":[]},"image_border_radius":{"unit":"px","top":"500","right":"500","bottom":"500","left":"500","isLinked":true},"_element_custom_width":{"unit":"px","size":60,"sizes":[]}},"elements":[],"isInner":false,"widgetType":"image","elType":"widget"},{"id":"3ec214af","settings":{"image":{"url":"","id":"","size":""},"title_text":"Jakob F.","description_text":"COO, SolarNext","title_size":"h4","position":"left","content_vertical_alignment":"middle","text_align":"left","title_bottom_space":{"unit":"px","size":2,"sizes":[]},"image_size":{"unit":"px","size":100,"sizes":[]},"image_size_tablet":{"unit":"px","size":"","sizes":[]},"image_size_mobile":{"unit":"px","size":"","sizes":[]},"image_border_radius":{"unit":"px","size":500,"sizes":[]},"title_typography_typography":"custom","title_typography_font_family":"DM Sans","title_typography_font_size":{"unit":"px","size":16,"sizes":[]},"title_typography_font_weight":"500","title_color":"#000000","hover_title_color":"#000000","description_typography_typography":"custom","description_typography_font_family":"DM Sans","description_typography_font_size":{"unit":"px","size":14,"sizes":[]},"description_typography_font_weight":"400","description_color":"#1F1F1FCC"},"elements":[],"isInner":false,"widgetType":"image-box","elType":"widget"}],"isInner":true,"elType":"container"}],"isInner":true,"elType":"container","isLocked":true}],"isInner":false,"widgetType":"nested-carousel","elType":"widget"}],"isInner":true,"elType":"container"}],"isInner":false,"elType":"container"},{"id":"512f84d1","settings":{"flex_direction":"row","flex_gap":{"column":"34","row":"34","isLinked":true,"unit":"px","size":34},"content_width":"full","flex_direction_tablet":"column","flex_justify_content":"center","flex_align_items":"flex-start","margin":{"unit":"px","top":"0","right":"0","bottom":"0","left":"0","isLinked":false},"padding":{"unit":"%","top":"4","right":"10","bottom":"20","left":"10","isLinked":false},"padding_widescreen":{"unit":"%","top":"","right":"","bottom":"","left":"","isLinked":true},"padding_laptop":{"unit":"%","top":"5","right":"6","bottom":"5","left":"6","isLinked":false},"padding_tablet":{"unit":"%","top":"5","right":"3","bottom":"5","left":"3","isLinked":false},"padding_mobile":{"unit":"%","top":"10","right":"4","bottom":"10","left":"4","isLinked":false},"_title":"Strategy","animation":"none","min_height_widescreen":{"unit":"vh","size":"","sizes":[]},"min_height_laptop":{"unit":"vh","size":"","sizes":[]},"min_height_tablet":{"unit":"vh","size":"","sizes":[]},"min_height_mobile":{"unit":"vh","size":"","sizes":[]},"background_background":"classic","background_color":"#FFFFFF"},"elements":[{"id":"5c1092c","settings":{"flex_direction":"column","content_width":"full","width":{"unit":"%","size":"50"},"width_laptop":{"unit":"%","size":50},"width_tablet":{"unit":"%","size":100,"sizes":[]},"width_mobile":{"unit":"%","size":"","sizes":[]},"flex_direction_tablet":"row","flex_justify_content_tablet":"space-between","flex_align_items_tablet":"flex-end","flex_gap":{"column":"0","row":"0","isLinked":true,"unit":"px","size":0},"margin":{"unit":"px","top":"0","right":"0","bottom":"0","left":"0","isLinked":false},"padding":{"unit":"px","top":"0","right":"0","bottom":"0","left":"0","isLinked":false},"_flex_size":"none","_title":"col","_element_width_laptop":"initial","sticky":"top","sticky_on":["widescreen","desktop","laptop"],"sticky_offset":150,"sticky_parent":"yes"},"elements":[{"id":"4d1cb536","settings":{"content_width":"full","width_tablet":{"unit":"%","size":70,"sizes":[]},"width_mobile":{"unit":"%","size":"","sizes":[]},"flex_gap":{"column":"0","row":"0","isLinked":true,"unit":"px","size":0},"margin":{"unit":"px","top":"0","right":"0","bottom":"0","left":"0","isLinked":false},"padding":{"unit":"px","top":"0","right":"0","bottom":"0","left":"0","isLinked":false},"_title":"text area"},"elements":[{"id":"7c27902c","settings":{"title":"Strategy & Support Options","typography_typography":"custom","typography_font_family":"Bai Jamjuree","typography_font_size":{"unit":"px","size":45,"sizes":[]},"typography_font_size_laptop":{"unit":"px","size":32,"sizes":[]},"typography_font_size_mobile":{"unit":"px","size":35,"sizes":[]},"typography_font_weight":"600","title_color":"#000000","align":"left","typography_font_size_tablet":{"unit":"px","size":38,"sizes":[]}},"elements":[],"isInner":false,"widgetType":"heading","elType":"widget"},{"id":"2f623991","settings":{"editor":"<p>Whether you're building your brand, scaling your team, or automating your workflow \u2014 we offer tailored support to help you move faster, grow smarter, and make a real impact.<\/p>","typography_typography":"custom","typography_font_family":"DM Sans","typography_font_size":{"unit":"px","size":16,"sizes":[]},"typography_font_weight":"400","typography_line_height":{"unit":"em","size":1.5,"sizes":[]},"typography_line_height_widescreen":{"unit":"em","size":"","sizes":[]},"typography_line_height_laptop":{"unit":"em","size":"","sizes":[]},"text_color":"#000000","_margin":{"unit":"px","top":"14","right":"0","bottom":"20","left":"0","isLinked":false},"_padding":{"unit":"px","top":"0","right":"0","bottom":"0","left":"0","isLinked":false},"_margin_tablet":{"unit":"px","top":"14","right":"0","bottom":"-15","left":"0","isLinked":false},"_margin_mobile":{"unit":"px","top":"14","right":"0","bottom":"20","left":"0","isLinked":false},"_element_width_widescreen":"initial","_element_custom_width":{"unit":"%","size":100,"sizes":[]},"_element_custom_width_widescreen":{"unit":"%","size":58,"sizes":[]}},"elements":[],"isInner":false,"widgetType":"text-editor","elType":"widget"}],"isInner":true,"elType":"container"},{"id":"5590827b","settings":{"text":"Contact us","icon_align":"row-reverse","icon_indent":{"unit":"px","size":10,"sizes":[]},"typography_typography":"custom","typography_font_family":"Plus Jakarta Sans","typography_font_size":{"unit":"px","size":16,"sizes":[]},"typography_font_weight":"500","button_text_color":"#FFFFFF","background_color":"#000000","hover_color":"#000000","button_background_hover_color":"#00000000","border_border":"solid","border_width":{"unit":"px","top":"1","right":"1","bottom":"1","left":"1","isLinked":true},"border_color":"#000000","border_radius":{"unit":"px","top":"100","right":"100","bottom":"100","left":"100","isLinked":true},"text_padding":{"unit":"px","top":"16","right":"24","bottom":"16","left":"24","isLinked":false},"_animation":"none","_animation_delay":150,"_element_custom_width_tablet":{"unit":"%","size":27,"sizes":[]},"_element_custom_width_mobile":{"unit":"%","size":"","sizes":[]},"link":{"url":"https:\/\/yellow-magpie-125839.hostingersite.com\/contact\/","is_external":"","nofollow":"","custom_attributes":""},"__dynamic__":[],"_padding":{"unit":"px","top":"0","right":"0","bottom":"70","left":"0","isLinked":false},"_padding_mobile":{"unit":"px","top":"0","right":"0","bottom":"0","left":"0","isLinked":false}},"elements":[],"isInner":false,"widgetType":"button","elType":"widget"}],"isInner":true,"elType":"container"},{"id":"2109c35","settings":{"flex_direction":"column","content_width":"full","width":{"unit":"%","size":"50"},"width_laptop":{"unit":"%","size":50,"sizes":[]},"width_tablet":{"unit":"%","size":100,"sizes":[]},"width_mobile":{"unit":"%","size":"","sizes":[]},"margin":{"unit":"px","top":"0","right":"0","bottom":"0","left":"0","isLinked":false},"padding":{"unit":"px","top":"0","right":"0","bottom":"0","left":"0","isLinked":false},"_title":"col","flex_gap":{"column":"40","row":"40","isLinked":true,"unit":"px","size":40},"flex_gap_mobile":{"column":"20","row":"20","isLinked":true,"unit":"px","size":20}},"elements":[{"id":"70678ef3","settings":{"content_width":"full","flex_justify_content":"center","border_border":"solid","border_width":{"unit":"px","top":"1","right":"1","bottom":"1","left":"1","isLinked":true},"border_color":"#0000001A","border_radius":{"unit":"px","top":"16","right":"16","bottom":"16","left":"16","isLinked":true},"margin":{"unit":"px","top":"0","right":"0","bottom":"0","left":"0","isLinked":false},"padding":{"unit":"px","top":"24","right":"24","bottom":"24","left":"24","isLinked":true},"_title":"icon box text area","background_background":"classic","background_color":"#FFFFFF","z_index":15,"sticky":"top","sticky_offset":150,"sticky_parent":"yes","sticky_on":["widescreen","desktop","laptop"]},"elements":[{"id":"cba567b","settings":{"selected_icon":{"value":"fas fa-globe-americas","library":"fa-solid"},"view":"framed","title_text":"Sustainable Brand Identity","description_text":"Design that reflects your mission and builds trust.","position":"left","icon_space":{"unit":"px","size":16,"sizes":[]},"title_bottom_space":{"unit":"px","size":5,"sizes":[]},"primary_color":"#000000","icon_size":{"unit":"px","size":24,"sizes":[]},"border_width":{"unit":"px","top":"1","right":"1","bottom":"1","left":"1","isLinked":true},"title_typography_typography":"custom","title_typography_font_family":"DM Sans","title_typography_font_size":{"unit":"px","size":16,"sizes":[]},"title_typography_font_weight":"600","title_color":"#000000","hover_title_color":"#000000","description_color":"#000000","_margin":{"unit":"px","top":"0","right":"0","bottom":"0","left":"0","isLinked":false},"_padding":{"unit":"px","top":"0","right":"0","bottom":"0","left":"0","isLinked":false},"position_tablet":"top","content_vertical_alignment_tablet":"top","text_align_tablet":"left","description_typography_typography":"custom","description_typography_font_family":"DM Sans","description_typography_font_weight":"400"},"elements":[],"isInner":false,"widgetType":"icon-box","elType":"widget"},{"id":"71338e5","settings":{"editor":"<p>Turn your mission into a focused strategy with clear goals and steps \u2014 built for long-term growth and real-world impact.<\/p>","typography_typography":"custom","typography_font_family":"DM Sans","typography_font_size":{"unit":"px","size":16,"sizes":[]},"typography_font_weight":"400","typography_line_height":{"unit":"em","size":1.5,"sizes":[]},"typography_line_height_widescreen":{"unit":"em","size":"","sizes":[]},"typography_line_height_laptop":{"unit":"em","size":"","sizes":[]},"text_color":"#1F1F1FCC","_margin":{"unit":"px","top":"0","right":"0","bottom":"-8","left":"65","isLinked":false},"_padding":{"unit":"px","top":"0","right":"0","bottom":"0","left":"0","isLinked":false},"_margin_tablet":{"unit":"px","top":"0","right":"0","bottom":"-8","left":"0","isLinked":false}},"elements":[],"isInner":false,"widgetType":"text-editor","elType":"widget"}],"isInner":true,"elType":"container"},{"id":"a29c0fe","settings":{"content_width":"full","flex_justify_content":"center","border_border":"solid","border_width":{"unit":"px","top":"1","right":"1","bottom":"1","left":"1","isLinked":true},"border_color":"#0000001A","border_radius":{"unit":"px","top":"16","right":"16","bottom":"16","left":"16","isLinked":true},"margin":{"unit":"px","top":"0","right":"0","bottom":"0","left":"0","isLinked":false},"padding":{"unit":"px","top":"24","right":"24","bottom":"24","left":"24","isLinked":true},"_title":"icon box text area","background_background":"classic","background_color":"#FFFFFF","z_index":16,"sticky":"top","sticky_offset":150,"sticky_parent":"yes","sticky_on":["widescreen","desktop","laptop"]},"elements":[{"id":"6bdd79be","settings":{"selected_icon":{"value":"fas fa-chart-line","library":"fa-solid"},"view":"framed","title_text":"Long-Term Growth Support","description_text":"Stay aligned, stay sharp.","position":"left","icon_space":{"unit":"px","size":16,"sizes":[]},"title_bottom_space":{"unit":"px","size":5,"sizes":[]},"primary_color":"#000000","icon_size":{"unit":"px","size":24,"sizes":[]},"border_width":{"unit":"px","top":"1","right":"1","bottom":"1","left":"1","isLinked":true},"title_typography_typography":"custom","title_typography_font_family":"DM Sans","title_typography_font_size":{"unit":"px","size":16,"sizes":[]},"title_typography_font_weight":"600","title_color":"#000000","hover_title_color":"#000000","description_color":"#000000","_margin":{"unit":"px","top":"0","right":"0","bottom":"0","left":"0","isLinked":false},"_padding":{"unit":"px","top":"0","right":"0","bottom":"0","left":"0","isLinked":false},"position_tablet":"top","content_vertical_alignment_tablet":"top","text_align_tablet":"left","description_typography_typography":"custom","description_typography_font_family":"DM Sans","description_typography_font_weight":"400"},"elements":[],"isInner":false,"widgetType":"icon-box","elType":"widget"},{"id":"4d8f0a9c","settings":{"editor":"<p>Regular check-ins, expert feedback, and smart adjustments \u2014 so you stay on track without burning out or drifting off-course.<\/p>","typography_typography":"custom","typography_font_family":"DM Sans","typography_font_size":{"unit":"px","size":16,"sizes":[]},"typography_font_weight":"400","typography_line_height":{"unit":"em","size":1.5,"sizes":[]},"typography_line_height_widescreen":{"unit":"em","size":"","sizes":[]},"typography_line_height_laptop":{"unit":"em","size":"","sizes":[]},"text_color":"#1F1F1FCC","_margin":{"unit":"px","top":"0","right":"0","bottom":"-8","left":"65","isLinked":false},"_padding":{"unit":"px","top":"0","right":"0","bottom":"0","left":"0","isLinked":false},"_margin_tablet":{"unit":"px","top":"0","right":"0","bottom":"-8","left":"0","isLinked":false}},"elements":[],"isInner":false,"widgetType":"text-editor","elType":"widget"}],"isInner":true,"elType":"container"},{"id":"74e8e636","settings":{"content_width":"full","flex_justify_content":"center","border_border":"solid","border_width":{"unit":"px","top":"1","right":"1","bottom":"1","left":"1","isLinked":true},"border_color":"#0000001A","border_radius":{"unit":"px","top":"16","right":"16","bottom":"16","left":"16","isLinked":true},"margin":{"unit":"px","top":"0","right":"0","bottom":"0","left":"0","isLinked":false},"padding":{"unit":"px","top":"24","right":"24","bottom":"24","left":"24","isLinked":true},"_title":"icon box text area","background_background":"classic","background_color":"#FFFFFF","z_index":17,"sticky":"top","sticky_offset":150,"sticky_parent":"yes","sticky_on":["widescreen","desktop","laptop"]},"elements":[{"id":"79419f78","settings":{"selected_icon":{"value":" icon_tools","library":"skb_cife-elegant-icon"},"view":"framed","title_text":"Smart Tools & Automations","description_text":"Work less, grow more.","position":"left","icon_space":{"unit":"px","size":16,"sizes":[]},"title_bottom_space":{"unit":"px","size":5,"sizes":[]},"primary_color":"#000000","icon_size":{"unit":"px","size":24,"sizes":[]},"border_width":{"unit":"px","top":"1","right":"1","bottom":"1","left":"1","isLinked":true},"title_typography_typography":"custom","title_typography_font_family":"DM Sans","title_typography_font_size":{"unit":"px","size":16,"sizes":[]},"title_typography_font_weight":"600","title_color":"#000000","hover_title_color":"#000000","description_color":"#000000","_margin":{"unit":"px","top":"0","right":"0","bottom":"0","left":"0","isLinked":false},"_padding":{"unit":"px","top":"0","right":"0","bottom":"0","left":"0","isLinked":false},"position_tablet":"top","content_vertical_alignment_tablet":"top","text_align_tablet":"left","description_typography_typography":"custom","description_typography_font_family":"DM Sans","description_typography_font_weight":"400"},"elements":[],"isInner":false,"widgetType":"icon-box","elType":"widget"},{"id":"4b94ae00","settings":{"editor":"<p>We help you streamline systems, reduce waste, and scale operations \u2014 using the right tools for your mission.<\/p>","typography_typography":"custom","typography_font_family":"DM Sans","typography_font_size":{"unit":"px","size":16,"sizes":[]},"typography_font_weight":"400","typography_line_height":{"unit":"em","size":1.5,"sizes":[]},"typography_line_height_widescreen":{"unit":"em","size":"","sizes":[]},"typography_line_height_laptop":{"unit":"em","size":"","sizes":[]},"text_color":"#1F1F1FCC","_margin":{"unit":"px","top":"0","right":"0","bottom":"-8","left":"65","isLinked":false},"_padding":{"unit":"px","top":"0","right":"0","bottom":"0","left":"0","isLinked":false},"_margin_tablet":{"unit":"px","top":"0","right":"0","bottom":"-8","left":"0","isLinked":false}},"elements":[],"isInner":false,"widgetType":"text-editor","elType":"widget"}],"isInner":true,"elType":"container"},{"id":"526ccfc","settings":{"content_width":"full","flex_justify_content":"center","border_border":"solid","border_width":{"unit":"px","top":"1","right":"1","bottom":"1","left":"1","isLinked":true},"border_color":"#0000001A","border_radius":{"unit":"px","top":"16","right":"16","bottom":"16","left":"16","isLinked":true},"margin":{"unit":"px","top":"0","right":"0","bottom":"0","left":"0","isLinked":false},"padding":{"unit":"px","top":"24","right":"24","bottom":"24","left":"24","isLinked":true},"_title":"icon box text area","background_background":"classic","background_color":"#FFFFFF","z_index":18,"sticky":"top","sticky_offset":150,"sticky_parent":"yes","sticky_on":["widescreen","desktop","laptop"]},"elements":[{"id":"3e3ed0a5","settings":{"selected_icon":{"value":"fas fa-users","library":"fa-solid"},"view":"framed","title_text":"Ethical Communication Systems","description_text":"Say the right things, the right way.","position":"left","icon_space":{"unit":"px","size":16,"sizes":[]},"title_bottom_space":{"unit":"px","size":5,"sizes":[]},"primary_color":"#000000","icon_size":{"unit":"px","size":24,"sizes":[]},"border_width":{"unit":"px","top":"1","right":"1","bottom":"1","left":"1","isLinked":true},"title_typography_typography":"custom","title_typography_font_family":"DM Sans","title_typography_font_size":{"unit":"px","size":16,"sizes":[]},"title_typography_font_weight":"600","title_color":"#000000","hover_title_color":"#000000","description_color":"#000000","_margin":{"unit":"px","top":"0","right":"0","bottom":"0","left":"0","isLinked":false},"_padding":{"unit":"px","top":"0","right":"0","bottom":"0","left":"0","isLinked":false},"position_tablet":"top","content_vertical_alignment_tablet":"top","text_align_tablet":"left","description_typography_typography":"custom","description_typography_font_family":"DM Sans","description_typography_font_weight":"400"},"elements":[],"isInner":false,"widgetType":"icon-box","elType":"widget"},{"id":"581c49b2","settings":{"editor":"<p>Craft messaging that feels honest and resonates \u2014 with systems that make sure it\u2019s delivered effectively every time.<\/p>","typography_typography":"custom","typography_font_family":"DM Sans","typography_font_size":{"unit":"px","size":16,"sizes":[]},"typography_font_weight":"400","typography_line_height":{"unit":"em","size":1.5,"sizes":[]},"typography_line_height_widescreen":{"unit":"em","size":"","sizes":[]},"typography_line_height_laptop":{"unit":"em","size":"","sizes":[]},"text_color":"#1F1F1FCC","_margin":{"unit":"px","top":"0","right":"0","bottom":"-8","left":"65","isLinked":false},"_padding":{"unit":"px","top":"0","right":"0","bottom":"0","left":"0","isLinked":false},"_margin_tablet":{"unit":"px","top":"0","right":"0","bottom":"-8","left":"0","isLinked":false}},"elements":[],"isInner":false,"widgetType":"text-editor","elType":"widget"}],"isInner":true,"elType":"container"}],"isInner":true,"elType":"container"}],"isInner":false,"elType":"container"},{"id":"51eed438","settings":{"margin":{"unit":"px","top":"0","right":"0","bottom":"0","left":"0","isLinked":false},"padding":{"unit":"px","top":"0","right":"0","bottom":"0","left":"0","isLinked":false},"_title":"CSS Code"},"elements":[{"id":"3c543dd5","settings":{"html":"<style>\nbody {\n    overflow-x: hidden;\n}\n\/*cntact from css start*\/\n    \n    .flowspace-form input[type='text']:focus, .flowspace-form input[type='email']:focus, select:focus, textarea:focus {\n    border-color: #fff !important;\n}\n\/*cntact from css end*\/\n\n\/*testimonial section css start*\/\n.flowspace-testimonial .swiper-wrapper {\n    animation: scroll 30s linear infinite;\n}\n@keyframes scroll {\n  from {\n    transform: translateX(0);\n  }\n  to {\n    transform: translateX(calc(-100% - 2rem));\n  }\n}\n\n.flowspace-testimonial-rv .swiper-wrapper {\n    animation: scroll 30s linear infinite reverse;\n}\n@keyframes scroll {\n  from {\n    transform: translateX(0);\n  }\n  to {\n    transform: translateX(calc(-100% - 2rem));\n  }\n}\n\/*testimonial section css end*\/\n    \n<\/style>"},"elements":[],"isInner":false,"widgetType":"html","elType":"widget"}],"isInner":false,"elType":"container"}],"settings":{"template":"elementor_header_footer","background_background":"classic","background_color":"#FFFFFF"},"metadata":[]}