{"content":[],"settings":{"template":"default","system_colors":[{"_id":"primary","title":"Primary","color":"#000000"},{"_id":"secondary","title":"Secondary","color":"#F4F4F4"},{"_id":"text","title":"Text","color":"#7A7A7A"},{"_id":"accent","title":"Accent","color":"#000000"}],"custom_colors":[{"_id":"63de0d9","title":"Heading","color":"#000000"},{"_id":"2d6ccc6","title":"Buttons","color":"#000000"},{"_id":"dca5a1b","title":"Background Color 1","color":"#F8F9FA"},{"_id":"286315c","title":"Background Color 2","color":"#FBFBFB"},{"_id":"4dd100b","title":"Background Color 3","color":"#F8F9FA"}],"system_typography":[{"_id":"primary","title":"Primary","typography_typography":"custom","typography_font_family":"Kameron","typography_font_weight":"600"},{"_id":"secondary","title":"Secondary","typography_typography":"custom","typography_font_family":"Kameron","typography_font_weight":"400"},{"_id":"text","title":"Text","typography_typography":"custom","typography_font_family":"DM Sans","typography_font_weight":"400","typography_font_size":{"unit":"px","size":16,"sizes":[]},"typography_line_height":{"unit":"px","size":26,"sizes":[]}},{"_id":"accent","title":"Accent","typography_typography":"custom","typography_font_family":"DM Sans","typography_font_weight":"600","typography_font_size":{"unit":"px","size":16,"sizes":[]}}],"custom_typography":[],"default_generic_fonts":"Sans-serif","button_text_color":"#FFFFFF","button_background_color":"#000000","page_title_selector":"h1.entry-title","hello_footer_copyright_text":"All rights reserved","viewport_md":768,"viewport_lg":1025,"colors_enable_styleguide_preview":"yes","typography_enable_styleguide_preview":"yes","image_border_radius":{"unit":"px","top":"10","right":"10","bottom":"10","left":"10","isLinked":true},"image_box_shadow_box_shadow":{"horizontal":0,"vertical":0,"blur":10,"spread":0,"color":"rgba(0, 0, 0, 0.1)"},"mobile_browser_background":"#F4F4EF","container_padding":{"unit":"px","top":"50","right":"0","bottom":"50","left":"0","isLinked":false},"default_page_template":"elementor_header_footer","activeItemIndex":1,"body_typography_typography":"custom","container_width":{"unit":"px","size":1300,"sizes":[]},"button_border_border":"solid","button_border_width":{"unit":"px","top":"1","right":"1","bottom":"1","left":"1","isLinked":true},"button_border_color":"#000000","button_border_radius":{"unit":"px","top":"5","right":"5","bottom":"5","left":"5","isLinked":true},"button_hover_text_color":"#FFFFFF","button_hover_background_color":"#7A7A7A","button_hover_border_border":"solid","button_hover_border_width":{"unit":"px","top":"1","right":"1","bottom":"1","left":"1","isLinked":true},"button_hover_border_color":"#7A7A7A","button_hover_border_radius":{"unit":"px","top":"5","right":"5","bottom":"5","left":"5","isLinked":true},"__globals__":{"button_hover_background_color":"","button_hover_border_color":""}},"metadata":[]}