{"content":[],"settings":{"template":"default","system_colors":[{"_id":"primary","title":"Primary","color":"#173330"},{"_id":"secondary","title":"Secondary","color":"#173330"},{"_id":"text","title":"Text","color":"#173330"},{"_id":"accent","title":"Accent","color":"#173330"}],"custom_colors":[{"_id":"c9488c9","title":"New Global Color","color":"#DAF42F"},{"_id":"2131241","title":"Blue 1","color":"#0071E3"},{"_id":"50dfb37","title":"Orange","color":"#EF5A33"}],"system_typography":[{"_id":"primary","title":"Primary","typography_typography":"custom","typography_font_family":"Cabin","typography_font_weight":"600"},{"_id":"secondary","title":"Secondary","typography_typography":"custom","typography_font_family":"Cabin","typography_font_weight":"400"},{"_id":"text","title":"Text","typography_typography":"custom","typography_font_family":"Cabin","typography_font_weight":"400"},{"_id":"accent","title":"Accent","typography_typography":"custom","typography_font_family":"Cabin","typography_font_weight":"500"}],"custom_typography":[],"default_generic_fonts":"Sans-serif","page_title_selector":"h1.entry-title","default_page_template":"elementor_header_footer","hello_footer_copyright_text":"All rights reserved","viewport_md":768,"viewport_lg":1025,"colors_enable_styleguide_preview":"yes","typography_enable_styleguide_preview":"yes","body_color":"#173330B3","body_typography_typography":"custom","body_typography_font_family":"Cabin","body_typography_font_size":{"unit":"px","size":16,"sizes":[]},"body_typography_font_weight":"400","body_typography_line_height":{"unit":"em","size":1.6,"sizes":[]},"link_normal_color":"#173330","link_normal_typography_typography":"custom","link_normal_typography_font_family":"Cabin","link_normal_typography_font_size":{"unit":"px","size":14,"sizes":[]},"link_normal_typography_font_weight":"500","link_hover_color":"#173330B3","h1_color":"#173330","h1_typography_typography":"custom","h1_typography_font_family":"Cabin","h1_typography_font_size":{"unit":"px","size":94,"sizes":[]},"h1_typography_font_weight":"900","h1_typography_line_height":{"unit":"em","size":1.2,"sizes":[]},"h2_color":"#173330","h2_typography_typography":"custom","h2_typography_font_family":"Cabin","h2_typography_font_size":{"unit":"px","size":55,"sizes":[]},"h2_typography_font_weight":"900","h2_typography_line_height":{"unit":"em","size":1.2,"sizes":[]},"h3_color":"#173330","h3_typography_typography":"custom","h3_typography_font_family":"Cabin","h3_typography_font_size":{"unit":"px","size":34,"sizes":[]},"h3_typography_font_weight":"500","h3_typography_line_height":{"unit":"em","size":1.2,"sizes":[]},"h4_color":"#173330","h4_typography_typography":"custom","h4_typography_font_family":"Cabin","h4_typography_font_size":{"unit":"px","size":27,"sizes":[]},"h4_typography_font_weight":"500","h4_typography_line_height":{"unit":"em","size":1.2,"sizes":[]},"h5_color":"#173330","h5_typography_typography":"custom","h5_typography_font_family":"Cabin","h5_typography_font_size":{"unit":"px","size":24,"sizes":[]},"h5_typography_font_weight":"500","h5_typography_line_height":{"unit":"em","size":1.2,"sizes":[]},"h6_color":"#173330","h6_typography_typography":"custom","h6_typography_font_family":"Cabin","h6_typography_font_size":{"unit":"px","size":20,"sizes":[]},"h6_typography_font_weight":"500","h6_typography_line_height":{"unit":"em","size":1.2,"sizes":[]},"button_typography_typography":"custom","button_typography_font_family":"Cabin","button_typography_font_size":{"unit":"px","size":14,"sizes":[]},"button_typography_font_weight":"500","button_text_color":"#FFFFFF","button_background_color":"#173330","button_border_border":"none","button_border_radius":{"unit":"px","top":"10","right":"10","bottom":"10","left":"10","isLinked":true},"button_hover_text_color":"#FFFFFFB3","button_hover_background_color":"#173330","activeItemIndex":1,"__globals__":{"h1_color":"","h2_color":"","h3_color":"globals\/colors?id=primary","h4_color":"globals\/colors?id=primary","h5_color":"globals\/colors?id=primary","h6_color":"globals\/colors?id=primary","button_text_color":"","button_background_color":"globals\/colors?id=primary","button_hover_background_color":"globals\/colors?id=primary","link_normal_color":"","link_hover_color":""},"active_breakpoints":["viewport_mobile","viewport_tablet","viewport_laptop","viewport_widescreen"]},"metadata":[]}