{"content":[{"id":"522aac41","settings":{"flex_direction":"row","flex_gap":{"unit":"px","size":0,"column":"0","row":"0"},"background_color":"#020101","margin":{"unit":"px","top":"0","right":"0","bottom":"0","left":"0","isLinked":false},"padding":{"unit":"px","top":"0","right":"0","bottom":"30","left":"0","isLinked":false},"z_index":999,"_title":"Menu","flex_wrap_mobile":"nowrap","margin_mobile":{"unit":"px","top":"0","right":"0","bottom":"0","left":"0","isLinked":false},"padding_mobile":{"unit":"px","top":"1","right":"0","bottom":"0","left":"0","isLinked":false},"sticky":"top"},"elements":[{"id":"3c004009","settings":{"flex_direction":"column","width":{"unit":"%","size":18},"flex_justify_content":"center","flex_align_items":"center","width_mobile":{"unit":"%","size":"","sizes":[]},"boxed_width_mobile":{"unit":"%","size":73,"sizes":[]},"flex_align_items_mobile":"flex-start","padding_mobile":{"unit":"px","top":"30","right":"0","bottom":"0","left":"0","isLinked":false}},"elements":[{"id":"2ef1a819","settings":{"image":{"url":"https:\/\/template3.nicolaipalmkvist.com\/wp-content\/uploads\/2025\/03\/7-e1742836515343.png","id":1862,"size":"","alt":"","source":"library"},"align":"center","width":{"unit":"%","size":74,"sizes":[]},"_element_custom_width":{"unit":"%","size":12,"sizes":[]},"align_mobile":"left","width_mobile":{"unit":"%","size":67,"sizes":[]},"_margin_mobile":{"unit":"px","top":"0","right":"0","bottom":"0","left":"-13","isLinked":false},"_padding_mobile":{"unit":"px","top":"0","right":"0","bottom":"0","left":"0","isLinked":false}},"elements":[],"isInner":false,"widgetType":"image","elType":"widget"}],"isInner":true,"elType":"container"},{"id":"1b20c91b","settings":{"flex_direction":"column","content_width":"full","width":{"unit":"%","size":14},"flex_justify_content":"center","margin":{"unit":"px","top":"0","right":"0","bottom":"8","left":"-29","isLinked":false},"margin_mobile":{"unit":"px","top":"0","right":"0","bottom":"0","left":"0","isLinked":false},"padding_mobile":{"unit":"px","top":"30","right":"0","bottom":"0","left":"0","isLinked":false}},"elements":[{"id":"7777ebbe","settings":{"text":"Booking","selected_icon":{"value":" arrow_right-up","library":"skb_cife-elegant-icon"},"icon_align":"row-reverse","align":"left","typography_typography":"custom","typography_font_family":"DM Sans","typography_font_size":{"unit":"px","size":14,"sizes":[]},"typography_font_weight":"500","typography_text_transform":"uppercase","typography_letter_spacing":{"unit":"px","size":1.5,"sizes":[]},"button_text_color":"#FFFFFF","background_color":"#FFFFFF00","border_radius":{"unit":"px","top":"30","right":"30","bottom":"30","left":"30","isLinked":true},"text_padding":{"unit":"px","top":"9","right":"17","bottom":"9","left":"17","isLinked":false},"_margin":{"unit":"px","top":"-4","right":"0","bottom":"0","left":"-6","isLinked":false},"_offset_orientation_h":"end","_offset_x_end":{"unit":"px","size":30,"sizes":[]},"_offset_y":{"unit":"px","size":390,"sizes":[]},"_transform_rotateZ_effect":{"unit":"px","size":90,"sizes":[]},"align_mobile":"right","typography_font_size_mobile":{"unit":"px","size":13,"sizes":[]},"border_radius_mobile":{"unit":"px","top":"0","right":"0","bottom":"0","left":"0","isLinked":false},"text_padding_mobile":{"unit":"px","top":"0","right":"0","bottom":"0","left":"0","isLinked":false},"_margin_mobile":{"unit":"px","top":"-3","right":"6","bottom":"0","left":"0","isLinked":false}},"elements":[],"isInner":false,"widgetType":"button","elType":"widget"}],"isInner":true,"elType":"container"},{"id":"49786c20","settings":{"flex_direction":"column","content_width":"full","width":{"unit":"%","size":30},"flex_justify_content":"center","margin":{"unit":"px","top":"0","right":"0","bottom":"8","left":"0","isLinked":false},"width_mobile":{"unit":"%","size":37,"sizes":[]},"padding_mobile":{"unit":"px","top":"30","right":"0","bottom":"0","left":"0","isLinked":false}},"elements":[{"id":"21be3d41","settings":{"menu_name":"Menu","menu":"menu-2","pointer":"none","menu_typography_typography":"custom","menu_typography_font_family":"DM Sans","menu_typography_font_size":{"unit":"px","size":14,"sizes":[]},"menu_typography_font_weight":"400","color_menu_item":"#FFFFFF","color_menu_item_hover":"#000000","color_menu_item_active":"#000000","padding_horizontal_menu_item":{"unit":"px","size":14,"sizes":[]},"padding_vertical_menu_item":{"unit":"px","size":16,"sizes":[]},"menu_space_between":{"unit":"px","size":10,"sizes":[]},"_margin":{"unit":"px","top":"0","right":"0","bottom":"0","left":"0","isLinked":false},"_padding":{"unit":"px","top":"10","right":"10","bottom":"10","left":"10","isLinked":false},"_background_color":"#191919","_border_radius":{"unit":"px","top":"200","right":"200","bottom":"200","left":"200","isLinked":true},"_element_custom_width":{"unit":"%","size":60,"sizes":[]},"menu_typography_text_transform":"uppercase","menu_typography_letter_spacing":{"unit":"px","size":1.5,"sizes":[]},"menu_typography_line_height":{"unit":"px","size":1,"sizes":[]},"toggle_icon_normal":{"value":" icon_menu-circle_alt","library":"skb_cife-elegant-icon"},"background_color_dropdown_item":"#FFFFFF","toggle_color":"#FFFFFF","toggle_background_color":"#02010100","toggle_size_mobile":{"unit":"px","size":31,"sizes":[]},"_margin_mobile":{"unit":"px","top":"0","right":"4","bottom":"-14","left":"0","isLinked":false},"_padding_mobile":{"unit":"px","top":"0","right":"0","bottom":"0","left":"0","isLinked":true},"menu_id":8},"elements":[],"isInner":false,"widgetType":"nav-menu","elType":"widget"}],"isInner":true,"elType":"container"}],"isInner":false,"elType":"container"}],"settings":{"padding":{"unit":"px","top":"53","right":"20","bottom":"16","left":"20","isLinked":false},"background_background":"classic","background_color":"#000000","padding_mobile":{"unit":"px","top":"0","right":"0","bottom":"0","left":"0","isLinked":false}},"metadata":[]}