{"content":[{"id":"1b3ffd99","settings":{"flex_direction":"row","margin":{"unit":"px","top":"0","right":"0","bottom":"0","left":"0","isLinked":false},"padding":{"unit":"%","top":"2","right":"7","bottom":"5","left":"7","isLinked":false},"_title":"desktop header","content_width":"full","background_background":"classic","background_color":"#31313100","padding_widescreen":{"unit":"%","top":"","right":"","bottom":"","left":"","isLinked":true},"padding_laptop":{"unit":"%","top":"4","right":"5","bottom":"4","left":"5","isLinked":false},"padding_tablet":{"unit":"%","top":"","right":"","bottom":"","left":"","isLinked":true},"padding_mobile":{"unit":"%","top":"","right":"","bottom":"","left":"","isLinked":true},"flex_justify_content":"space-between","flex_align_items":"center","hide_tablet":"hidden-tablet","hide_mobile":"hidden-mobile","z_index":999},"elements":[{"id":"6533f914","settings":{"image":{"url":"https:\/\/template3.nicolaipalmkvist.com\/wp-content\/uploads\/2025\/03\/Hvid-PNG.png","id":1780,"size":"","alt":"","source":"library"},"align":"left","width":{"unit":"%","size":100,"sizes":[]},"_element_width":"initial","_element_custom_width":{"unit":"%","size":12,"sizes":[]}},"elements":[],"isInner":false,"widgetType":"image","elType":"widget"},{"id":"32cf26b0","settings":{"menu_name":"Menu","menu":"main-menu","pointer":"none","menu_typography_typography":"custom","menu_typography_font_family":"DM Sans","menu_typography_font_size":{"unit":"px","size":15,"sizes":[]},"menu_typography_font_weight":"400","color_menu_item":"#000000","color_menu_item_hover":"#FFFFFF","color_menu_item_active":"#FFFFFF","padding_horizontal_menu_item":{"unit":"px","size":14,"sizes":[]},"padding_vertical_menu_item":{"unit":"px","size":16,"sizes":[]},"menu_space_between":{"unit":"px","size":10,"sizes":[]},"_margin":{"unit":"px","top":"0","right":"0","bottom":"0","left":"0","isLinked":false},"_padding":{"unit":"px","top":"8","right":"10","bottom":"8","left":"10","isLinked":false},"_background_color":"#FFFFFF","_border_radius":{"unit":"px","top":"200","right":"200","bottom":"200","left":"200","isLinked":true},"_element_custom_width":{"unit":"%","size":60,"sizes":[]},"menu_typography_text_transform":"uppercase","menu_typography_line_height":{"unit":"px","size":5,"sizes":[]},"menu_typography_letter_spacing":{"unit":"px","size":0.9,"sizes":[]},"_background_background":"classic","_border_border":"solid","_border_color":"#02010100","menu_id":4},"elements":[],"isInner":false,"widgetType":"nav-menu","elType":"widget"},{"id":"693895a7","settings":{"text":"Start a project","selected_icon":{"value":" arrow_right-up","library":"skb_cife-elegant-icon"},"icon_align":"row-reverse","align":"left","typography_typography":"custom","typography_font_family":"DM Sans","typography_font_size":{"unit":"px","size":16,"sizes":[]},"typography_font_weight":"400","typography_text_transform":"uppercase","typography_letter_spacing":{"unit":"px","size":1.5,"sizes":[]},"button_text_color":"#FFFFFF","background_color":"#FFFFFF00","border_radius":{"unit":"px","top":"30","right":"30","bottom":"30","left":"30","isLinked":true},"text_padding":{"unit":"px","top":"9","right":"17","bottom":"9","left":"17","isLinked":false},"_margin":{"unit":"px","top":"-4","right":"0","bottom":"0","left":"-6","isLinked":false},"_offset_orientation_h":"end","_offset_x_end":{"unit":"px","size":30,"sizes":[]},"_offset_y":{"unit":"px","size":390,"sizes":[]},"_transform_rotateZ_effect":{"unit":"px","size":90,"sizes":[]},"align_mobile":"right","typography_font_size_mobile":{"unit":"px","size":13,"sizes":[]},"border_radius_mobile":{"unit":"px","top":"0","right":"0","bottom":"0","left":"0","isLinked":false},"text_padding_mobile":{"unit":"px","top":"0","right":"0","bottom":"0","left":"0","isLinked":false},"_margin_mobile":{"unit":"px","top":"-3","right":"6","bottom":"0","left":"0","isLinked":false}},"elements":[],"isInner":false,"widgetType":"button","elType":"widget"}],"isInner":false,"elType":"container"},{"id":"40a2a39b","settings":{"flex_direction":"row","margin":{"unit":"px","top":"0","right":"0","bottom":"0","left":"0","isLinked":false},"padding":{"unit":"%","top":"4","right":"7","bottom":"4","left":"7","isLinked":false},"_title":"tab header","content_width":"full","background_background":"classic","background_color":"#31313100","padding_widescreen":{"unit":"%","top":"","right":"","bottom":"","left":"","isLinked":true},"padding_laptop":{"unit":"%","top":"4","right":"5","bottom":"4","left":"5","isLinked":false},"padding_tablet":{"unit":"%","top":"","right":"","bottom":"","left":"","isLinked":true},"padding_mobile":{"unit":"%","top":"7","right":"10","bottom":"7","left":"10","isLinked":false},"flex_justify_content":"space-between","flex_align_items":"center","flex_gap_tablet":{"column":"000","row":"000","isLinked":true,"unit":"px","size":0},"hide_widescreen":"hidden-widescreen","hide_desktop":"hidden-desktop","hide_laptop":"hidden-laptop","z_index":999,"sticky":"top"},"elements":[{"id":"118ee95b","settings":{"__dynamic__":{"image":"[elementor-tag id=\"\" name=\"site-logo\" settings=\"%7B%7D\"]"},"align":"left","width":{"unit":"%","size":100,"sizes":[]},"space":{"unit":"%","size":100,"sizes":[]},"_element_width":"initial","_element_custom_width":{"unit":"%","size":8,"sizes":[]},"_element_custom_width_laptop":{"unit":"%","size":10,"sizes":[]},"_element_custom_width_tablet":{"unit":"%","size":14,"sizes":[]},"_element_custom_width_mobile":{"unit":"%","size":44,"sizes":[]}},"elements":[],"isInner":false,"widgetType":"theme-site-logo","elType":"widget"},{"id":"1d9ecbff","settings":{"image":{"url":"https:\/\/template3.nicolaipalmkvist.com\/wp-content\/uploads\/2025\/03\/Hvid-PNG.png","id":1780,"size":"","alt":"","source":"library"},"align":"left","width":{"unit":"%","size":100,"sizes":[]},"_element_width":"initial","_element_custom_width":{"unit":"%","size":12,"sizes":[]}},"elements":[],"isInner":false,"widgetType":"image","elType":"widget"},{"id":"23555156","settings":{"menu_name":"Menu","menu":"main-menu","pointer":"none","menu_typography_typography":"custom","menu_typography_font_family":"Inter","menu_typography_font_size":{"unit":"px","size":16,"sizes":[]},"menu_typography_font_weight":"400","color_menu_item":"#FFFFFF","color_menu_item_hover":"#FFFFFF","color_menu_item_active":"#FFFFFF","padding_horizontal_menu_item":{"unit":"px","size":14,"sizes":[]},"padding_vertical_menu_item":{"unit":"px","size":16,"sizes":[]},"menu_space_between":{"unit":"px","size":10,"sizes":[]},"_margin":{"unit":"px","top":"0","right":"0","bottom":"0","left":"0","isLinked":false},"_padding":{"unit":"px","top":"10","right":"10","bottom":"10","left":"10","isLinked":true},"_background_background":"classic","_border_radius":{"unit":"px","top":"200","right":"200","bottom":"200","left":"200","isLinked":true},"toggle_color":"#FFFFFF","toggle_background_color":"#191919","toggle_border_width_tablet":{"unit":"px","size":0,"sizes":[]},"toggle_border_radius_tablet":{"unit":"px","size":100,"sizes":[]},"_margin_tablet":{"unit":"%","top":"0","right":"0","bottom":"0","left":"0","isLinked":false},"_margin_mobile":{"unit":"%","top":"0","right":"0","bottom":"0","left":"0","isLinked":false},"_padding_tablet":{"unit":"%","top":"0","right":"0","bottom":"0","left":"0","isLinked":false},"_padding_mobile":{"unit":"%","top":"","right":"","bottom":"","left":"","isLinked":true},"_element_custom_width":{"unit":"%","size":60,"sizes":[]},"_element_custom_width_tablet":{"unit":"px","size":155,"sizes":[]},"_position":"absolute","_offset_orientation_h":"end","_offset_x_end_tablet":{"unit":"%","size":5,"sizes":[]},"_offset_x_end_mobile":{"unit":"%","size":9,"sizes":[]},"_offset_y_tablet":{"unit":"%","size":30,"sizes":[]},"_offset_y_mobile":{"unit":"%","size":24,"sizes":[]},"_border_radius_tablet":{"unit":"px","top":"0","right":"0","bottom":"0","left":"0","isLinked":false},"toggle_align":"right","color_dropdown_item":"#FFFFFF","background_color_dropdown_item":"#191919","background_color_dropdown_item_hover":"#252525","background_color_dropdown_item_active":"#252525","dropdown_border_radius_tablet":{"unit":"px","top":"20","right":"20","bottom":"20","left":"20","isLinked":true},"padding_horizontal_dropdown_item_tablet":{"unit":"px","size":20,"sizes":[]},"padding_vertical_dropdown_item_tablet":{"unit":"px","size":15,"sizes":[]},"_element_width_tablet":"initial","menu_id":4},"elements":[],"isInner":false,"widgetType":"nav-menu","elType":"widget"}],"isInner":false,"elType":"container"},{"id":"7b6331da","settings":{"margin":{"unit":"px","top":"0","right":"0","bottom":"0","left":"0","isLinked":false},"padding":{"unit":"px","top":"0","right":"0","bottom":"0","left":"0","isLinked":false},"z_index":140,"_title":"Container"},"elements":[{"id":"2bcd828","settings":{"html":"<style>\n\n\/*main menu area css start*\/\nnav.elementor-nav-menu--main ul li a:hover, nav.elementor-nav-menu--main ul li a.elementor-item.elementor-item-active {\n    background: #252525;\n    border-radius: 100px;\n}\n.elementor-menu-toggle {\n    padding: 8px;\n}\n\/*main menu area css end*\/\n\n<\/style>"},"elements":[],"isInner":false,"widgetType":"html","elType":"widget"}],"isInner":false,"elType":"container"}],"settings":{"hide_title":"yes","padding":{"unit":"px","top":"16","right":"16","bottom":"16","left":"16","isLinked":true},"background_background":"classic","background_color":"#000000","padding_mobile":{"unit":"px","top":"0","right":"0","bottom":"0","left":"0","isLinked":false}},"metadata":[]}