{"content":[{"id":"175cdf2b","settings":{"flex_direction":"row","margin":{"unit":"px","top":"0","right":"0","bottom":"0","left":"0","isLinked":false},"padding":{"unit":"%","top":"2","right":"7","bottom":"5","left":"7","isLinked":false},"_title":"desktop header","content_width":"full","background_background":"classic","background_color":"#31313100","padding_widescreen":{"unit":"%","top":"","right":"","bottom":"","left":"","isLinked":true},"padding_laptop":{"unit":"%","top":"4","right":"5","bottom":"4","left":"5","isLinked":false},"padding_tablet":{"unit":"%","top":"","right":"","bottom":"","left":"","isLinked":true},"padding_mobile":{"unit":"%","top":"","right":"","bottom":"","left":"","isLinked":true},"flex_justify_content":"space-between","flex_align_items":"center","hide_tablet":"hidden-tablet","hide_mobile":"hidden-mobile","z_index":999},"elements":[{"id":"680b0877","settings":{"image":{"url":"https:\/\/template3.nicolaipalmkvist.com\/wp-content\/uploads\/2025\/03\/Hvid-PNG.png","id":1780,"size":"","alt":"","source":"library"},"align":"left","width":{"unit":"%","size":100,"sizes":[]},"_element_width":"initial","_element_custom_width":{"unit":"%","size":12,"sizes":[]},"link_to":"custom","__dynamic__":{"link":"[elementor-tag id=\"36fbd25\" name=\"site-url\" settings=\"%7B%7D\"]"}},"elements":[],"isInner":false,"widgetType":"image","elType":"widget"},{"id":"15f87887","settings":{"menu_name":"Menu","menu":"main-menu","pointer":"none","menu_typography_typography":"custom","menu_typography_font_family":"DM Sans","menu_typography_font_size":{"unit":"px","size":16,"sizes":[]},"menu_typography_font_weight":"400","color_menu_item":"#FFFFFF","color_menu_item_hover":"#000000","color_menu_item_active":"#000000","padding_horizontal_menu_item":{"unit":"px","size":14,"sizes":[]},"padding_vertical_menu_item":{"unit":"px","size":16,"sizes":[]},"menu_space_between":{"unit":"px","size":10,"sizes":[]},"_margin":{"unit":"px","top":"0","right":"0","bottom":"0","left":"0","isLinked":false},"_padding":{"unit":"px","top":"10","right":"10","bottom":"10","left":"10","isLinked":true},"_background_color":"#191919","_border_radius":{"unit":"px","top":"200","right":"200","bottom":"200","left":"200","isLinked":true},"_element_custom_width":{"unit":"%","size":60,"sizes":[]},"menu_typography_text_transform":"uppercase","menu_typography_line_height":{"unit":"px","size":5,"sizes":[]},"menu_typography_letter_spacing":{"unit":"px","size":0.9,"sizes":[]},"menu_id":4},"elements":[],"isInner":false,"widgetType":"nav-menu","elType":"widget"},{"id":"42b1be24","settings":{"text":"Start a project","selected_icon":{"value":" arrow_right-up","library":"skb_cife-elegant-icon"},"icon_align":"row-reverse","align":"left","typography_typography":"custom","typography_font_family":"DM Sans","typography_font_size":{"unit":"px","size":15,"sizes":[]},"typography_font_weight":"500","typography_text_transform":"uppercase","typography_letter_spacing":{"unit":"px","size":1.5,"sizes":[]},"button_text_color":"#000000","background_color":"#FFFFFF","border_radius":{"unit":"px","top":"30","right":"30","bottom":"30","left":"30","isLinked":true},"text_padding":{"unit":"px","top":"9","right":"17","bottom":"9","left":"17","isLinked":false},"_margin":{"unit":"px","top":"0","right":"0","bottom":"0","left":"-6","isLinked":false},"_offset_orientation_h":"end","_offset_x_end":{"unit":"px","size":30,"sizes":[]},"_offset_y":{"unit":"px","size":390,"sizes":[]},"_transform_rotateZ_effect":{"unit":"px","size":90,"sizes":[]},"align_mobile":"right","typography_font_size_mobile":{"unit":"px","size":13,"sizes":[]},"border_radius_mobile":{"unit":"px","top":"0","right":"0","bottom":"0","left":"0","isLinked":false},"text_padding_mobile":{"unit":"px","top":"0","right":"0","bottom":"0","left":"0","isLinked":false},"_margin_mobile":{"unit":"px","top":"-3","right":"6","bottom":"0","left":"0","isLinked":false},"_padding":{"unit":"px","top":"10","right":"0","bottom":"10","left":"0","isLinked":false},"__dynamic__":{"link":"[elementor-tag id=\"b9bee55\" name=\"internal-url\" settings=\"%7B%22type%22%3A%22post%22%2C%22post_id%22%3A%2217%22%7D\"]"}},"elements":[],"isInner":false,"widgetType":"button","elType":"widget"}],"isInner":false,"elType":"container"},{"id":"58fc2785","settings":{"flex_direction":"row","flex_gap":{"unit":"px","size":0,"column":"0","row":"0"},"background_color":"#020101","margin":{"unit":"px","top":"0","right":"0","bottom":"0","left":"0","isLinked":false},"padding":{"unit":"px","top":"0","right":"0","bottom":"30","left":"0","isLinked":false},"z_index":999,"_title":"Menu Mobile + tablet","flex_wrap_mobile":"nowrap","margin_mobile":{"unit":"px","top":"0","right":"0","bottom":"0","left":"0","isLinked":false},"padding_mobile":{"unit":"px","top":"16","right":"0","bottom":"0","left":"0","isLinked":false},"sticky":"top","hide_widescreen":"hidden-widescreen","hide_desktop":"hidden-desktop","hide_laptop":"hidden-laptop","padding_tablet":{"unit":"%","top":"2","right":"2","bottom":"0","left":"3","isLinked":false},"z_index_mobile":1000},"elements":[{"id":"1d578a94","settings":{"flex_direction":"column","width":{"unit":"%","size":18},"flex_justify_content":"center","flex_align_items":"center","width_mobile":{"unit":"%","size":"","sizes":[]},"boxed_width_mobile":{"unit":"%","size":73,"sizes":[]},"flex_align_items_mobile":"flex-start","padding_mobile":{"unit":"px","top":"0","right":"0","bottom":"0","left":"0","isLinked":false},"margin_tablet":{"unit":"px","top":"0","right":"0","bottom":"0","left":"0","isLinked":false}},"elements":[{"id":"43580ae7","settings":{"image":{"url":"https:\/\/template3.nicolaipalmkvist.com\/wp-content\/uploads\/2025\/03\/Hvid-PNG.png","id":1780,"size":"","alt":"","source":"library"},"align":"left","width":{"unit":"%","size":100,"sizes":[]},"_element_width":"initial","_element_custom_width":{"unit":"%","size":12,"sizes":[]},"width_tablet":{"unit":"%","size":31,"sizes":[]},"width_mobile":{"unit":"%","size":94,"sizes":[]},"_element_width_tablet":"inherit","link_to":"custom","__dynamic__":{"link":"[elementor-tag id=\"6ec8d9f\" name=\"site-url\" settings=\"%7B%7D\"]"}},"elements":[],"isInner":false,"widgetType":"image","elType":"widget"}],"isInner":true,"elType":"container"},{"id":"360ca6c","settings":{"flex_direction":"column","content_width":"full","width":{"unit":"%","size":14},"flex_justify_content":"center","margin":{"unit":"px","top":"0","right":"0","bottom":"8","left":"-29","isLinked":false},"margin_mobile":{"unit":"px","top":"0","right":"0","bottom":"0","left":"0","isLinked":false},"padding_mobile":{"unit":"px","top":"0","right":"0","bottom":"0","left":"0","isLinked":false},"width_tablet":{"unit":"%","size":50,"sizes":[]},"width_mobile":{"unit":"%","size":58,"sizes":[]},"margin_tablet":{"unit":"px","top":"0","right":"0","bottom":"0","left":"0","isLinked":false}},"elements":[{"id":"51eb789b","settings":{"text":"Start a project","selected_icon":{"value":" arrow_right-up","library":"skb_cife-elegant-icon"},"icon_align":"row-reverse","align":"left","typography_typography":"custom","typography_font_family":"DM Sans","typography_font_size":{"unit":"px","size":14,"sizes":[]},"typography_font_weight":"500","typography_text_transform":"uppercase","typography_letter_spacing":{"unit":"px","size":1.5,"sizes":[]},"button_text_color":"#FFFFFF","background_color":"#FFFFFF00","border_radius":{"unit":"px","top":"30","right":"30","bottom":"30","left":"30","isLinked":true},"text_padding":{"unit":"px","top":"9","right":"17","bottom":"9","left":"17","isLinked":false},"_margin":{"unit":"px","top":"-4","right":"0","bottom":"0","left":"-6","isLinked":false},"_offset_orientation_h":"end","_offset_x_end":{"unit":"px","size":30,"sizes":[]},"_offset_y":{"unit":"px","size":390,"sizes":[]},"_transform_rotateZ_effect":{"unit":"px","size":90,"sizes":[]},"align_mobile":"right","typography_font_size_mobile":{"unit":"px","size":13,"sizes":[]},"border_radius_mobile":{"unit":"px","top":"0","right":"0","bottom":"0","left":"0","isLinked":false},"text_padding_mobile":{"unit":"px","top":"0","right":"0","bottom":"0","left":"0","isLinked":false},"_margin_mobile":{"unit":"px","top":"-3","right":"6","bottom":"0","left":"0","isLinked":false},"_margin_tablet":{"unit":"px","top":"0","right":"-14","bottom":"0","left":"0","isLinked":false},"hide_mobile":"hidden-mobile","align_tablet":"right","__dynamic__":{"link":"[elementor-tag id=\"7f410e1\" name=\"internal-url\" settings=\"%7B%22type%22%3A%22post%22%2C%22post_id%22%3A%2217%22%7D\"]"}},"elements":[],"isInner":false,"widgetType":"button","elType":"widget"}],"isInner":true,"elType":"container"},{"id":"29e3dbc6","settings":{"flex_direction":"column","content_width":"full","width":{"unit":"%","size":30},"flex_justify_content":"center","margin":{"unit":"px","top":"0","right":"0","bottom":"8","left":"0","isLinked":false},"width_mobile":{"unit":"%","size":45,"sizes":[]},"padding_mobile":{"unit":"px","top":"0","right":"0","bottom":"0","left":"0","isLinked":false},"width_tablet":{"unit":"%","size":11,"sizes":[]},"flex_justify_content_mobile":"center","flex_align_items_tablet":"flex-end","flex_align_items_mobile":"center","margin_mobile":{"unit":"px","top":"0","right":"0","bottom":"0","left":"0","isLinked":false}},"elements":[{"id":"50ea6b76","settings":{"menu_name":"Menu","menu":"main-menu","pointer":"none","menu_typography_typography":"custom","menu_typography_font_family":"DM Sans","menu_typography_font_size":{"unit":"px","size":16,"sizes":[]},"menu_typography_font_weight":"400","color_menu_item":"#FFFFFF","color_menu_item_hover":"#FFFFFF","color_menu_item_active":"#FFFFFF","padding_horizontal_menu_item":{"unit":"px","size":14,"sizes":[]},"padding_vertical_menu_item":{"unit":"px","size":16,"sizes":[]},"menu_space_between":{"unit":"px","size":10,"sizes":[]},"_margin":{"unit":"px","top":"0","right":"0","bottom":"0","left":"0","isLinked":false},"_padding":{"unit":"px","top":"10","right":"10","bottom":"10","left":"10","isLinked":true},"_background_background":"classic","_border_radius":{"unit":"px","top":"200","right":"200","bottom":"200","left":"200","isLinked":true},"toggle_color":"#000000","toggle_background_color":"#FFFFFF","toggle_border_width_tablet":{"unit":"px","size":0,"sizes":[]},"toggle_border_radius_tablet":{"unit":"px","size":100,"sizes":[]},"_margin_tablet":{"unit":"%","top":"0","right":"0","bottom":"0","left":"0","isLinked":false},"_margin_mobile":{"unit":"%","top":"0","right":"0","bottom":"0","left":"0","isLinked":false},"_padding_tablet":{"unit":"%","top":"0","right":"0","bottom":"0","left":"0","isLinked":false},"_padding_mobile":{"unit":"%","top":"","right":"","bottom":"","left":"","isLinked":true},"_element_custom_width":{"unit":"%","size":60,"sizes":[]},"_element_custom_width_tablet":{"unit":"px","size":155,"sizes":[]},"_offset_orientation_h":"end","_offset_x_end_tablet":{"unit":"%","size":5,"sizes":[]},"_offset_x_end_mobile":{"unit":"%","size":9,"sizes":[]},"_offset_y_tablet":{"unit":"%","size":30,"sizes":[]},"_offset_y_mobile":{"unit":"%","size":24,"sizes":[]},"_border_radius_tablet":{"unit":"px","top":"0","right":"0","bottom":"0","left":"0","isLinked":false},"toggle_align":"right","color_dropdown_item":"#FFFFFF","background_color_dropdown_item":"#191919","background_color_dropdown_item_hover":"#252525","background_color_dropdown_item_active":"#252525","dropdown_border_radius_tablet":{"unit":"px","top":"20","right":"20","bottom":"20","left":"20","isLinked":true},"padding_horizontal_dropdown_item_tablet":{"unit":"px","size":20,"sizes":[]},"padding_vertical_dropdown_item_tablet":{"unit":"px","size":21,"sizes":[]},"_element_width_tablet":"auto","align_items":"end","full_width":"stretch","menu_typography_text_transform":"uppercase","menu_typography_letter_spacing_mobile":{"unit":"px","size":1.6,"sizes":[]},"toggle_color_hover":"#FFFFFF","toggle_background_color_hover":"#000000","toggle_size_mobile":{"unit":"px","size":19,"sizes":[]},"_z_index_mobile":1000,"menu_id":4},"elements":[],"isInner":false,"widgetType":"nav-menu","elType":"widget"}],"isInner":true,"elType":"container"}],"isInner":false,"elType":"container"},{"id":"532a2cc6","settings":{"margin":{"unit":"px","top":"0","right":"0","bottom":"0","left":"0","isLinked":false},"padding":{"unit":"px","top":"0","right":"0","bottom":"0","left":"0","isLinked":false},"z_index":140,"_title":"Container","hide_tablet":"hidden-tablet","hide_mobile":"hidden-mobile"},"elements":[{"id":"3d945c76","settings":{"html":"<style>\n\n\/*main menu area css start*\/\nnav.elementor-nav-menu--main ul li a:hover, nav.elementor-nav-menu--main ul li a.elementor-item.elementor-item-active {\n    background: #FFFFFF;\n    border-radius: 100px;\n}\n.elementor-menu-toggle {\n    padding: 8px;\n}\n\/*main menu area css end*\/\n\n<\/style>"},"elements":[],"isInner":false,"widgetType":"html","elType":"widget"}],"isInner":false,"elType":"container"}],"settings":[],"metadata":[]}