{"content":[{"id":"1e975a29","settings":{"flex_direction":"column","content_width":"full","min_height":{"unit":"vh","size":90,"sizes":[]},"min_height_widescreen":{"unit":"vh","size":100,"sizes":[]},"min_height_laptop":{"unit":"vh","size":120,"sizes":[]},"min_height_tablet":{"unit":"vh","size":55,"sizes":[]},"min_height_mobile":{"unit":"vh","size":55,"sizes":[]},"flex_justify_content":"flex-end","background_background":"classic","background_image":{"url":"https:\/\/template3.nicolaipalmkvist.com\/wp-content\/uploads\/2025\/06\/Modern-Lake-Architecture.jpeg","id":3308,"size":"","alt":"","source":"library"},"background_position":"center center","background_repeat":"no-repeat","background_size":"cover","background_overlay_background":"classic","background_overlay_color":"#000000","background_overlay_color_b":"#000000","background_overlay_opacity":{"unit":"px","size":0.2,"sizes":[]},"border_radius":{"unit":"px","top":"60","right":"60","bottom":"0","left":"0","isLinked":false},"border_radius_tablet":{"unit":"px","top":"30","right":"30","bottom":"30","left":"30","isLinked":true},"border_radius_mobile":{"unit":"px","top":"25","right":"25","bottom":"0","left":"0","isLinked":false},"margin":{"unit":"%","top":"-10.5","right":"0","bottom":"0","left":"0","isLinked":false},"margin_widescreen":{"unit":"%","top":"","right":"","bottom":"","left":"","isLinked":true},"margin_laptop":{"unit":"%","top":"-30.7","right":"0","bottom":"0","left":"0","isLinked":false},"margin_tablet":{"unit":"%","top":"-11","right":"0","bottom":"0","left":"0","isLinked":false},"margin_mobile":{"unit":"%","top":"-22","right":"0","bottom":"0","left":"0","isLinked":false},"padding":{"unit":"%","top":"5","right":"7","bottom":"14","left":"7","isLinked":false},"padding_widescreen":{"unit":"%","top":"15","right":"7","bottom":"14","left":"7","isLinked":false},"padding_laptop":{"unit":"%","top":"7","right":"7","bottom":"24","left":"7","isLinked":false},"padding_tablet":{"unit":"%","top":"5","right":"5","bottom":"20","left":"5","isLinked":false},"padding_mobile":{"unit":"%","top":"10","right":"11","bottom":"40","left":"7","isLinked":false},"_title":"Hero Section","z_index":50,"sticky_offset":16,"flex_gap":{"column":"10","row":"10","isLinked":true,"unit":"px","size":10},"overflow":"hidden","motion_fx_translateY_speed":{"unit":"px","size":5,"sizes":[]},"border_border":"none"},"elements":[{"id":"75a4a058","settings":{"title":"Let's talk today","typography_typography":"custom","typography_font_family":"Playfair Display","typography_font_size":{"unit":"px","size":75,"sizes":[]},"typography_font_size_tablet":{"unit":"px","size":40,"sizes":[]},"typography_font_size_mobile":{"unit":"px","size":40,"sizes":[]},"typography_font_weight":"500","title_color":"#FFFFFF","_animation":"fadeInUp","align":"left","typography_line_height":{"unit":"em","size":1,"sizes":[]},"_element_custom_width":{"unit":"%","size":64,"sizes":[]}},"elements":[],"isInner":false,"widgetType":"heading","elType":"widget"},{"id":"665223df","settings":{"editor":"<p>Whether you\u2019re starting a project or just exploring ideas, we\u2019d love to hear from you.<\/p>","text_color":"#FFFFFF","typography_typography":"custom","typography_font_family":"DM Sans","typography_font_size":{"unit":"px","size":20,"sizes":[]},"typography_font_size_laptop":{"unit":"px","size":22,"sizes":[]},"typography_font_size_tablet":{"unit":"px","size":20,"sizes":[]},"typography_font_size_mobile":{"unit":"px","size":18,"sizes":[]},"typography_font_weight":"400","typography_line_height":{"unit":"em","size":1.6,"sizes":[]},"typography_line_height_widescreen":{"unit":"em","size":"","sizes":[]},"typography_line_height_laptop":{"unit":"em","size":"","sizes":[]},"_margin":{"unit":"px","top":"0","right":"0","bottom":"-73","left":"0","isLinked":false},"_margin_laptop":{"unit":"px","top":"0","right":"0","bottom":"-66","left":"0","isLinked":false},"_padding":{"unit":"px","top":"0","right":"0","bottom":"0","left":"0","isLinked":false},"_element_width":"initial","_element_custom_width":{"unit":"%","size":40,"sizes":[]},"_element_custom_width_laptop":{"unit":"%","size":64,"sizes":[]},"_element_custom_width_tablet":{"unit":"%","size":70,"sizes":[]},"_element_custom_width_mobile":{"unit":"%","size":100,"sizes":[]},"_animation":"fadeInUp"},"elements":[],"isInner":false,"widgetType":"text-editor","elType":"widget"}],"isInner":false,"elType":"container"},{"id":"4078970c","settings":{"content_width":"full","flex_direction":"column","flex_justify_content":"center","flex_align_items":"center","flex_gap":{"column":"0","row":"0","isLinked":true,"unit":"px","size":0},"ha_cmc_text":"Happy Addons","_title":"Divider Section"},"elements":[{"id":"77506db1","settings":{"width":{"unit":"%","size":75,"sizes":[]},"width_laptop":{"unit":"%","size":85,"sizes":[]},"width_mobile":{"unit":"%","size":93,"sizes":[]},"align":"center","text":"Divider","color":"#1733301A","gap":{"unit":"px","size":0,"sizes":[]},"ha_advanced_tooltip_content":"I am a tooltip","ha_cmc_text":"Happy Addons"},"elements":[],"isInner":false,"widgetType":"divider","elType":"widget"}],"isInner":false,"elType":"container"},{"id":"49603074","settings":{"flex_direction":"column","content_width":"full","flex_align_items":"center","flex_gap":{"column":"50","row":"50","isLinked":true,"unit":"px","size":50},"margin":{"unit":"%","top":"-5","right":"0","bottom":"0","left":"0","isLinked":false},"padding":{"unit":"px","top":"80","right":"0","bottom":"80","left":"0","isLinked":false},"ha_cmc_text":"Happy Addons","_title":"Contact Form Section","min_height_widescreen":{"unit":"vh","size":"","sizes":[]},"min_height_laptop":{"unit":"vh","size":"","sizes":[]},"min_height_tablet":{"unit":"vh","size":"","sizes":[]},"min_height_mobile":{"unit":"vh","size":"","sizes":[]},"flex_gap_tablet":{"column":"40","row":"40","isLinked":true,"unit":"px","size":40},"flex_gap_mobile":{"column":"20","row":"20","isLinked":true,"unit":"px","size":20},"background_background":"classic","background_color":"#FCFCFC","border_radius":{"unit":"px","top":"060","right":"60","bottom":"0","left":"0","isLinked":false},"border_radius_tablet":{"unit":"px","top":"30","right":"30","bottom":"0","left":"0","isLinked":false},"border_radius_mobile":{"unit":"px","top":"25","right":"25","bottom":"0","left":"0","isLinked":false},"margin_widescreen":{"unit":"%","top":"-4","right":"0","bottom":"0","left":"0","isLinked":false},"margin_laptop":{"unit":"%","top":"-14","right":"0","bottom":"0","left":"0","isLinked":false},"margin_tablet":{"unit":"%","top":"-7","right":"0","bottom":"0","left":"0","isLinked":false},"margin_mobile":{"unit":"%","top":"-13","right":"0","bottom":"0","left":"0","isLinked":false},"padding_widescreen":{"unit":"px","top":"80","right":"0","bottom":"160","left":"0","isLinked":false},"padding_tablet":{"unit":"px","top":"70","right":"0","bottom":"75","left":"0","isLinked":false},"padding_mobile":{"unit":"px","top":"50","right":"0","bottom":"60","left":"0","isLinked":false},"z_index":60,"motion_fx_translateY_affectedRange":{"unit":"%","size":"","sizes":{"start":24,"end":100}},"sticky_offset":16},"elements":[{"id":"118e5cff","settings":{"content_width":"full","width":{"unit":"%","size":40,"sizes":[]},"flex_gap":{"column":"20","row":"20","isLinked":true,"unit":"px","size":20},"margin":{"unit":"px","top":"0","right":"0","bottom":"0","left":"0","isLinked":false},"padding":{"unit":"px","top":"0","right":"0","bottom":"0","left":"0","isLinked":false},"ha_cmc_text":"Happy Addons","_title":"row","width_laptop":{"unit":"%","size":70,"sizes":[]},"width_tablet":{"unit":"%","size":85,"sizes":[]},"width_mobile":{"unit":"%","size":100,"sizes":[]},"padding_mobile":{"unit":"px","top":"0","right":"020","bottom":"0","left":"020","isLinked":false}},"elements":[{"id":"6c4b91c1","settings":{"title":"Apply for a collaboration","typography_typography":"custom","typography_font_family":"Playfair Display","typography_font_size":{"unit":"px","size":30,"sizes":[]},"typography_font_size_tablet":{"unit":"px","size":35,"sizes":[]},"typography_font_size_mobile":{"unit":"px","size":30,"sizes":[]},"typography_font_weight":"500","title_color":"#000000","_animation":"none","align":"left","typography_line_height":{"unit":"em","size":1,"sizes":[]},"_element_custom_width":{"unit":"%","size":64,"sizes":[]}},"elements":[],"isInner":false,"widgetType":"heading","elType":"widget"},{"id":"2b2f1a9d","settings":{"form_name":"Contact Form","form_fields":[{"custom_id":"name","field_label":"Your name","placeholder":"Your name","dynamic":{"active":true},"_id":"a1efbf6"},{"custom_id":"email","field_type":"email","required":"true","field_label":"Your email","placeholder":"Your email","_id":"f84de44"},{"_id":"b2d92c2","field_label":"Your phone","placeholder":"Phone number","custom_id":"field_b2d92c2"},{"_id":"d59bcca","field_label":"Your company","placeholder":"Company name","custom_id":"field_d59bcca"},{"custom_id":"message","field_type":"textarea","field_label":"Your message","placeholder":"Your message here...","_id":"e2cec37"},{"_id":"dcd0c3c","field_type":"radio","field_label":"Select your budget range","field_options":"Under $3 million USD\n$3 million USD - $10 million USD\nOver $10 million USD","custom_id":"field_dcd0c3c"},{"_id":"25c0ce2","field_type":"checkbox","field_label":"What solution do you need?","field_options":"House\nOffice\nSkyscraper\nOther","custom_id":"field_25c0ce2"}],"input_size":"md","step_next_label":"Next","step_previous_label":"Previous","button_text":"Submit","email_content":"[all-fields]","email_content_2":"[all-fields]","success_message":"Your submission was successful.","error_message":"Your submission failed because of an error.","server_message":"Your submission failed because of a server error.","invalid_message":"Your submission failed because the form is invalid.","required_field_message":"This field is required.","column_gap":{"unit":"px","size":15,"sizes":[]},"row_gap":{"unit":"px","size":20,"sizes":[]},"label_spacing":{"unit":"px","size":10,"sizes":[]},"label_typography_typography":"custom","label_typography_font_family":"DM Sans","label_typography_font_size":{"unit":"px","size":14,"sizes":[]},"label_typography_font_weight":"500","label_typography_line_height":{"unit":"em","size":1.2,"sizes":[]},"label_typography_line_height_widescreen":{"unit":"em","size":"","sizes":[]},"label_typography_line_height_laptop":{"unit":"em","size":"","sizes":[]},"html_color":"#2D2D2D","field_typography_typography":"custom","field_typography_font_family":"DM Sans","field_typography_font_size":{"unit":"px","size":14,"sizes":[]},"field_typography_font_weight":"500","field_border_color":"#2D2D2D1A","field_border_radius":{"unit":"px","top":"9","right":"9","bottom":"9","left":"9","isLinked":true},"_css_classes":"reachout-form","ha_advanced_tooltip_content":"I am a tooltip","ha_cmc_text":"Happy Addons","button_border_radius":{"unit":"px","top":"30","right":"30","bottom":"30","left":"30","isLinked":true},"button_text_padding":{"unit":"px","top":"16","right":"32","bottom":"16","left":"32","isLinked":false},"custom_messages":"yes","message_typography_typography":"custom","message_typography_font_family":"DM Sans","message_typography_font_size":{"unit":"px","size":16,"sizes":[]},"message_typography_font_weight":"400","message_typography_line_height":{"unit":"em","size":1.6,"sizes":[]},"message_typography_line_height_widescreen":{"unit":"em","size":"","sizes":[]},"message_typography_line_height_laptop":{"unit":"em","size":"","sizes":[]},"error_message_color":"#F42C2C","inline_message_color":"#2D2D2D","__globals__":{"success_message_color":""},"label_color":"#000000","html_typography_typography":"custom","html_typography_font_family":"DM Sans","html_typography_font_weight":"400","field_text_color":"#000000","button_typography_typography":"custom","button_typography_font_family":"DM Sans","button_typography_font_weight":"500","button_background_color":"#020202","previous_button_background_color":"#000000","success_message_color":"#173330","steps_typography_typography":"custom","steps_typography_font_family":"DM Sans","steps_typography_font_size":{"unit":"px","size":16,"sizes":[]},"steps_typography_font_weight":"400","step_inactive_primary_color":"#000000"},"elements":[],"isInner":false,"widgetType":"form","elType":"widget"},{"id":"12efae52","settings":{"editor":"<p>Or schedule a call <span style=\"text-decoration: underline;\"><a href=\"https:\/\/calendly.com\/\"><strong><span style=\"color: #173330;\">here.<\/span><\/strong><\/a><\/span><\/p>","text_color":"#000000","typography_typography":"custom","typography_font_family":"DM Sans","typography_font_size":{"unit":"px","size":15,"sizes":[]},"typography_font_weight":"500","typography_line_height":{"unit":"em","size":1.3,"sizes":[]},"typography_line_height_widescreen":{"unit":"em","size":"","sizes":[]},"typography_line_height_laptop":{"unit":"em","size":"","sizes":[]},"_margin":{"unit":"px","top":"-2","right":"0","bottom":"-15","left":"0","isLinked":false},"_padding":{"unit":"px","top":"0","right":"0","bottom":"0","left":"0","isLinked":false},"ha_advanced_tooltip_content":"I am a tooltip","ha_cmc_text":"Happy Addons"},"elements":[],"isInner":false,"widgetType":"text-editor","elType":"widget"},{"id":"50db094f","settings":{"html":"<style>\n\nbody {\n\toverflow-x: hidden;\n}\n\/*button css start*\/\n.btn-icon span.elementor-button-content-wrapper, .btn-icong span.elementor-button-content-wrapper  {\n    align-items: center;\n}\n.btn-icon span.elementor-button-icon {\n    background: #daf42f;\n    padding: 7px;\n    border-radius: 100%;\n}\n.btn-icon svg.e-font-icon-svg.e-fas-chevron-right {\n    font-size: 20px;\n    fill: #173330 !important;\n}\n.btn-icong span.elementor-button-icon{\n    background: #173330;\n    padding: 7px;\n    border-radius: 100%;\n}\n.btn-icong svg.e-font-icon-svg.e-fas-chevron-right {\n    font-size: 20px;\n    fill: #DAF42F !important;\n}\n\/*button css end*\/\n\n\/*hero section css start*\/\n.many-logo-outline {\n    -webkit-background-image: linear-gradient(#fff3,#fff0);\n    -moz-background-image: linear-gradient(#fff3,#fff0);\n    border-radius: 50%;\n    padding: 1px;\n    background-clip: padding-box;\n}\n.many-logo-wrap {\n    background-color: #1f3933;\n    border-radius: 50%;\n    justify-content: center;\n    align-items: center;\n    width: 3.5em;\n    height: 3.5em;\n    display: flex;\n}\n\/*hero section css end*\/\n\/*services box css start*\/\n.arrow-btn a.elementor-icon {\n    align-items: center;\n    display: flex\n;\n    height: 4em;\n    width: 2.4em;\n}\n\/*services box css end*\/\n\n\/*client review section css start*\/\n.elementor-swiper-button.elementor-swiper-button-prev {\n    background: #DAF42F;\n}\n.elementor-swiper-button.elementor-swiper-button-prev i.hm.hm-arrow-left1 {\n    color: #173330;\n}\n\/*client review section css end*\/\n\/*ready to scale section css start*\/\n.many-whitebg {\n    background: #1f39330d;\n}\n\/*client review section css end*\/\n\n\n\/*sub menu popup icon btn css start*\/\n.arrow-green-btn a.elementor-icon {\n    align-items: center;\n    display: flex\n;\n    height: 2.8em;\n    width: 1.8em;\n}\n\/*sub menu popup icon btn css end*\/\n\n\n\/*contact form css start*\/\n.reachout-form input {\n    box-shadow: 0 1px 2px 0 #1733301a;\n}\n.reachout-form .elementor-field-type-radio.elementor-field-group.elementor-column.elementor-field-group-field_dcd0c3c.elementor-col-100, .reachout-form .elementor-field-type-checkbox.elementor-field-group.elementor-column.elementor-field-group-field_25c0ce2.elementor-col-100 {\n    width: 50%;\n}\n.reachout-form .elementor-field-type-radio.elementor-field-group.elementor-column.elementor-field-group-field_dcd0c3c.elementor-col-100 {\n    display: inline-block;\n}\n.reachout-form span.elementor-field-option {\n    margin: 0 0 6px 0;\n}\n@media all and (max-width: 600px){\n\t.reachout-form .elementor-field-type-radio.elementor-field-group.elementor-column.elementor-field-group-field_dcd0c3c.elementor-col-100, .reachout-form .elementor-field-type-checkbox.elementor-field-group.elementor-column.elementor-field-group-field_25c0ce2.elementor-col-100 {\n\t\twidth: 100%;\n\t}\n}\n\/*contact form css end*\/<\/style>"},"elements":[],"isInner":false,"widgetType":"html","elType":"widget"}],"isInner":true,"elType":"container"}],"isInner":false,"elType":"container"},{"id":"7bbf709f","settings":{"flex_direction":"column","flex_justify_content":"center","flex_align_items":"center","background_background":"classic","background_image":{"id":2974,"url":"https:\/\/template3.nicolaipalmkvist.com\/wp-content\/uploads\/2025\/04\/Background-why.webp","alt":"","source":"library","size":""},"background_position":"initial","background_xpos":{"unit":"%","size":50,"sizes":[]},"background_xpos_widescreen":{"unit":"%","size":"","sizes":[]},"background_xpos_laptop":{"unit":"%","size":"","sizes":[]},"background_xpos_tablet":{"unit":"%","size":0,"sizes":[]},"background_xpos_mobile":{"unit":"%","size":50,"sizes":[]},"background_ypos":{"unit":"%","size":"","sizes":[]},"background_ypos_widescreen":{"unit":"%","size":"","sizes":[]},"background_ypos_laptop":{"unit":"%","size":"","sizes":[]},"background_ypos_tablet":{"unit":"%","size":0,"sizes":[]},"background_ypos_mobile":{"unit":"%","size":5,"sizes":[]},"background_repeat":"no-repeat","background_size":"cover","margin":{"unit":"px","top":"0","right":"0","bottom":"0","left":"0","isLinked":false},"padding":{"unit":"%","top":"6","right":"7","bottom":"6","left":"7","isLinked":false},"ha_cmc_text":"Happy Addons","_title":"How We Work","background_overlay_background":"classic","background_overlay_opacity":{"unit":"px","size":0.2,"sizes":[]},"__globals__":{"background_overlay_color":""},"boxed_width":{"unit":"px","size":1200,"sizes":[]},"padding_mobile":{"unit":"px","top":"60","right":"20","bottom":"60","left":"20","isLinked":false},"background_overlay_color":"#173330","content_width":"full","width":{"unit":"%","size":100,"sizes":[]},"padding_widescreen":{"unit":"%","top":"","right":"","bottom":"","left":"","isLinked":true},"padding_laptop":{"unit":"%","top":"","right":"","bottom":"","left":"","isLinked":true},"padding_tablet":{"unit":"%","top":"7","right":"7","bottom":"7","left":"7","isLinked":true},"border_radius_mobile":{"unit":"px","top":"0","right":"0","bottom":"0","left":"0","isLinked":false}},"elements":[{"id":"3e78fc03","settings":{"content_width":"full","width":{"unit":"%","size":100,"sizes":[]},"width_laptop":{"unit":"%","size":85,"sizes":[]},"width_tablet":{"unit":"%","size":100,"sizes":[]},"width_mobile":{"unit":"%","size":93,"sizes":[]},"flex_gap":{"column":"0","row":"0","isLinked":true,"unit":"px","size":0},"flex_gap_laptop":{"column":"30","row":"30","isLinked":true,"unit":"px","size":30},"margin":{"unit":"px","top":"0","right":"0","bottom":"0","left":"0","isLinked":false},"padding":{"unit":"px","top":"0","right":"0","bottom":"0","left":"0","isLinked":false},"ha_cmc_text":"Happy Addons","_title":"row"},"elements":[{"id":"42ee42c8","settings":{"content_width":"full","flex_direction":"row","flex_justify_content":"space-between","flex_align_items":"center","margin":{"unit":"px","top":"0","right":"0","bottom":"0","left":"0","isLinked":false},"padding":{"unit":"px","top":"0","right":"0","bottom":"0","left":"0","isLinked":false},"ha_cmc_text":"Happy Addons","_title":"inner row","margin_mobile":{"unit":"px","top":"0","right":"0","bottom":"0","left":"0","isLinked":false}},"elements":[{"id":"68f5bb48","settings":{"title":"How do we work?","_margin":{"unit":"px","top":"0","right":"0","bottom":"25","left":"0","isLinked":false},"_padding":{"unit":"px","top":"0","right":"0","bottom":"0","left":"0","isLinked":false},"align_mobile":"left","typography_typography":"custom","typography_font_family":"Playfair Display","typography_font_size_laptop":{"unit":"px","size":48,"sizes":[]},"typography_font_size_tablet":{"unit":"px","size":35,"sizes":[]},"typography_font_size_mobile":{"unit":"px","size":35,"sizes":[]},"typography_font_weight":"600","title_color":"#FFFFFF","_margin_mobile":{"unit":"px","top":"-10","right":"0","bottom":"-8","left":"0","isLinked":false},"_element_width_widescreen":"initial","_element_custom_width":{"unit":"%","size":75,"sizes":[]},"_element_custom_width_widescreen":{"unit":"%","size":45,"sizes":[]},"_element_custom_width_laptop":{"unit":"%","size":100,"sizes":[]},"_element_custom_width_tablet":{"unit":"%","size":"","sizes":[]},"_element_custom_width_mobile":{"unit":"%","size":"","sizes":[]},"ha_advanced_tooltip_content":"I am a tooltip","ha_cmc_text":"Happy Addons","typography_font_size":{"unit":"px","size":50,"sizes":[]},"_margin_tablet":{"unit":"px","top":"0","right":"0","bottom":"5","left":"0","isLinked":false}},"elements":[],"isInner":false,"widgetType":"heading","elType":"widget"}],"isInner":true,"elType":"container"},{"id":"277fe9d6","settings":{"content_width":"full","flex_direction":"row","flex_direction_tablet":"column","flex_justify_content":"space-between","flex_align_items":"center","flex_gap":{"column":"36","row":"36","isLinked":true,"unit":"px","size":36},"margin":{"unit":"px","top":"0","right":"0","bottom":"0","left":"0","isLinked":false},"padding":{"unit":"px","top":"0","right":"0","bottom":"0","left":"0","isLinked":false},"ha_cmc_text":"Happy Addons","_title":"inner row","width":{"unit":"%","size":100,"sizes":[]},"flex_align_items_mobile":"flex-start","margin_mobile":{"unit":"px","top":"0","right":"0","bottom":"0","left":"0","isLinked":false}},"elements":[{"id":"4e55f2a8","settings":{"content_width":"full","width":{"unit":"%","size":60,"sizes":[]},"width_tablet":{"unit":"%","size":100,"sizes":[]},"width_mobile":{"unit":"%","size":"","sizes":[]},"flex_direction":"column","flex_gap":{"column":"60","row":"60","isLinked":true,"unit":"px","size":60},"flex_gap_laptop":{"column":"40","row":"40","isLinked":true,"unit":"px","size":40},"margin":{"unit":"px","top":"0","right":"0","bottom":"0","left":"0","isLinked":false},"padding":{"unit":"px","top":"0","right":"0","bottom":"0","left":"0","isLinked":false},"ha_cmc_text":"Happy Addons","_title":"col"},"elements":[{"id":"3a8bd06","settings":{"content_width":"full","flex_direction":"row","flex_justify_content":"space-between","flex_gap":{"column":"40","row":"40","isLinked":true,"unit":"px","size":40},"flex_gap_laptop":{"column":"30","row":"30","isLinked":true,"unit":"px","size":30},"flex_gap_mobile":{"column":"40","row":"40","isLinked":true,"unit":"px","size":40},"margin":{"unit":"px","top":"0","right":"0","bottom":"0","left":"0","isLinked":false},"padding":{"unit":"px","top":"0","right":"0","bottom":"0","left":"0","isLinked":false},"ha_cmc_text":"Happy Addons","_title":"icon wrapper"},"elements":[{"id":"6b32086d","settings":{"content_width":"full","margin":{"unit":"px","top":"0","right":"0","bottom":"0","left":"0","isLinked":false},"padding":{"unit":"px","top":"0","right":"0","bottom":"0","left":"0","isLinked":false},"ha_cmc_text":"Happy Addons","_title":"icon box","width":{"unit":"%","size":100,"sizes":[]}},"elements":[{"id":"73a0970c","settings":{"selected_icon":{"value":" ti-eye","library":"skb_cife-themify-icon"},"view":"stacked","shape":"rounded","align":"left","primary_color":"#FFFFFF","size":{"unit":"px","size":35,"sizes":[]},"icon_padding":{"unit":"px","size":5,"sizes":[]},"border_radius":{"unit":"px","top":"10","right":"10","bottom":"10","left":"10","isLinked":true},"ha_advanced_tooltip_content":"I am a tooltip","ha_cmc_text":"Happy Addons","__globals__":{"primary_color":"","secondary_color":""},"secondary_color":"#173330"},"elements":[],"isInner":false,"widgetType":"icon","elType":"widget"},{"id":"9e80318","settings":{"content_width":"full","flex_direction":"row","flex_justify_content":"flex-start","flex_align_items":"flex-end","flex_gap":{"column":"16","row":"16","isLinked":true,"unit":"px","size":16},"margin":{"unit":"px","top":"34","right":"0","bottom":"0","left":"0","isLinked":false},"padding":{"unit":"px","top":"0","right":"0","bottom":"0","left":"0","isLinked":false},"ha_cmc_text":"Happy Addons","_title":"heading","margin_laptop":{"unit":"px","top":"20","right":"0","bottom":"0","left":"0","isLinked":false},"margin_mobile":{"unit":"px","top":"10","right":"0","bottom":"0","left":"0","isLinked":false}},"elements":[{"id":"1544bc9e","settings":{"title":"Vision and Scope","header_size":"h3","typography_typography":"custom","typography_font_family":"Playfair Display","typography_font_size_tablet":{"unit":"px","size":25,"sizes":[]},"typography_font_weight":"600","title_color":"#FFFFFF","_margin":{"unit":"px","top":"-10","right":"0","bottom":"-5","left":"0","isLinked":false},"_padding":{"unit":"px","top":"0","right":"0","bottom":"0","left":"0","isLinked":false},"ha_advanced_tooltip_content":"I am a tooltip","ha_cmc_text":"Happy Addons","typography_font_size_laptop":{"unit":"px","size":48,"sizes":[]},"align_mobile":"left","typography_font_size":{"unit":"px","size":32,"sizes":[]},"typography_font_size_mobile":{"unit":"px","size":25,"sizes":[]},"_margin_mobile":{"unit":"px","top":"-10","right":"0","bottom":"-8","left":"0","isLinked":false},"_element_width":"initial","_element_width_widescreen":"initial","_element_custom_width":{"unit":"%","size":75,"sizes":[]},"_element_custom_width_widescreen":{"unit":"%","size":45,"sizes":[]},"_element_custom_width_laptop":{"unit":"%","size":100,"sizes":[]},"_element_custom_width_tablet":{"unit":"%","size":"","sizes":[]},"_element_custom_width_mobile":{"unit":"%","size":"","sizes":[]}},"elements":[],"isInner":false,"widgetType":"heading","elType":"widget"},{"id":"53a1fe3d","settings":{"title":"(01)","header_size":"span","typography_typography":"custom","typography_font_family":"DM Sans","typography_font_size":{"unit":"px","size":14,"sizes":[]},"typography_font_weight":"500","title_color":"#FFFFFFB3","_margin":{"unit":"px","top":"-4","right":"0","bottom":"0","left":"0","isLinked":false},"_padding":{"unit":"px","top":"0","right":"0","bottom":"0","left":"0","isLinked":false},"ha_advanced_tooltip_content":"I am a tooltip","ha_cmc_text":"Happy Addons","typography_font_size_mobile":{"unit":"px","size":14,"sizes":[]}},"elements":[],"isInner":false,"widgetType":"heading","elType":"widget"}],"isInner":true,"elType":"container"},{"id":"2dd04993","settings":{"editor":"<p>Every project begins with dialogue. We listen, define the brief, and understand the vision \u2013 setting the direction for everything that follows.<\/p>","text_color":"#FFFFFF","_margin":{"unit":"px","top":"-2","right":"0","bottom":"-15","left":"0","isLinked":false},"_padding":{"unit":"px","top":"0","right":"0","bottom":"0","left":"0","isLinked":false},"_element_width":"initial","_element_custom_width":{"unit":"%","size":100,"sizes":[]},"_element_custom_width_laptop":{"unit":"%","size":100,"sizes":[]},"_element_custom_width_tablet":{"unit":"%","size":"","sizes":[]},"_element_custom_width_mobile":{"unit":"%","size":"","sizes":[]},"ha_advanced_tooltip_content":"I am a tooltip","ha_cmc_text":"Happy Addons","typography_typography":"custom","typography_font_family":"DM Sans","typography_font_size":{"unit":"px","size":14,"sizes":[]},"typography_font_weight":"400","typography_font_size_tablet":{"unit":"px","size":15,"sizes":[]}},"elements":[],"isInner":false,"widgetType":"text-editor","elType":"widget"}],"isInner":true,"elType":"container"},{"id":"40839b67","settings":{"content_width":"full","margin":{"unit":"px","top":"0","right":"0","bottom":"0","left":"0","isLinked":false},"padding":{"unit":"px","top":"0","right":"0","bottom":"0","left":"0","isLinked":false},"ha_cmc_text":"Happy Addons","_title":"icon box"},"elements":[{"id":"7758b0bb","settings":{"selected_icon":{"value":"lnr lnr-chart-bars","library":"skb_cife-linearicons-icon"},"view":"stacked","shape":"rounded","align":"left","primary_color":"#FFFFFF","size":{"unit":"px","size":31,"sizes":[]},"icon_padding":{"unit":"px","size":10,"sizes":[]},"border_radius":{"unit":"px","top":"10","right":"10","bottom":"10","left":"10","isLinked":true},"ha_advanced_tooltip_content":"I am a tooltip","ha_cmc_text":"Happy Addons","__globals__":{"primary_color":"","secondary_color":""},"secondary_color":"#173330"},"elements":[],"isInner":false,"widgetType":"icon","elType":"widget"},{"id":"60135e69","settings":{"content_width":"full","flex_direction":"row","flex_justify_content":"flex-start","flex_align_items":"flex-end","flex_gap":{"column":"16","row":"16","isLinked":true,"unit":"px","size":16},"margin":{"unit":"px","top":"29","right":"0","bottom":"0","left":"0","isLinked":false},"padding":{"unit":"px","top":"0","right":"0","bottom":"0","left":"0","isLinked":false},"ha_cmc_text":"Happy Addons","_title":"heading","margin_laptop":{"unit":"px","top":"20","right":"0","bottom":"0","left":"0","isLinked":false},"margin_mobile":{"unit":"px","top":"10","right":"0","bottom":"0","left":"0","isLinked":false}},"elements":[{"id":"2af0ae68","settings":{"title":"Planning","header_size":"h3","typography_typography":"custom","typography_font_family":"Playfair Display","typography_font_size_tablet":{"unit":"px","size":25,"sizes":[]},"typography_font_weight":"600","title_color":"#FFFFFF","_margin":{"unit":"px","top":"-10","right":"0","bottom":"-5","left":"0","isLinked":false},"_padding":{"unit":"px","top":"0","right":"0","bottom":"0","left":"0","isLinked":false},"ha_advanced_tooltip_content":"I am a tooltip","ha_cmc_text":"Happy Addons","typography_font_size_laptop":{"unit":"px","size":48,"sizes":[]},"align_mobile":"left","typography_font_size":{"unit":"px","size":32,"sizes":[]},"typography_font_size_mobile":{"unit":"px","size":25,"sizes":[]},"_margin_mobile":{"unit":"px","top":"-10","right":"0","bottom":"-8","left":"0","isLinked":false},"_element_width":"initial","_element_width_widescreen":"initial","_element_custom_width":{"unit":"%","size":75,"sizes":[]},"_element_custom_width_widescreen":{"unit":"%","size":45,"sizes":[]},"_element_custom_width_laptop":{"unit":"%","size":100,"sizes":[]},"_element_custom_width_tablet":{"unit":"%","size":"","sizes":[]},"_element_custom_width_mobile":{"unit":"%","size":"","sizes":[]}},"elements":[],"isInner":false,"widgetType":"heading","elType":"widget"},{"id":"7327ea9","settings":{"title":"(02)","header_size":"span","typography_typography":"custom","typography_font_family":"DM Sans","typography_font_size":{"unit":"px","size":14,"sizes":[]},"typography_font_weight":"500","title_color":"#FFFFFFB3","_margin":{"unit":"px","top":"-4","right":"0","bottom":"0","left":"0","isLinked":false},"_padding":{"unit":"px","top":"0","right":"0","bottom":"0","left":"0","isLinked":false},"ha_advanced_tooltip_content":"I am a tooltip","ha_cmc_text":"Happy Addons","typography_font_size_mobile":{"unit":"px","size":14,"sizes":[]}},"elements":[],"isInner":false,"widgetType":"heading","elType":"widget"}],"isInner":true,"elType":"container"},{"id":"396268a3","settings":{"editor":"<p>We study the location, light, landscape and context to create a concept that feels grounded and natural \u2013 both functionally and emotionally.<\/p>","text_color":"#FFFFFF","_margin":{"unit":"px","top":"-2","right":"0","bottom":"-15","left":"0","isLinked":false},"_padding":{"unit":"px","top":"0","right":"0","bottom":"0","left":"0","isLinked":false},"_element_width":"initial","_element_custom_width":{"unit":"%","size":100,"sizes":[]},"_element_custom_width_laptop":{"unit":"%","size":100,"sizes":[]},"_element_custom_width_tablet":{"unit":"%","size":"","sizes":[]},"_element_custom_width_mobile":{"unit":"%","size":"","sizes":[]},"ha_advanced_tooltip_content":"I am a tooltip","ha_cmc_text":"Happy Addons","typography_typography":"custom","typography_font_family":"DM Sans","typography_font_size":{"unit":"px","size":14,"sizes":[]},"typography_font_weight":"400","typography_font_size_tablet":{"unit":"px","size":15,"sizes":[]}},"elements":[],"isInner":false,"widgetType":"text-editor","elType":"widget"}],"isInner":true,"elType":"container"}],"isInner":true,"elType":"container"},{"id":"3be8d4a9","settings":{"content_width":"full","flex_direction":"row","flex_justify_content":"space-between","flex_gap":{"column":"40","row":"40","isLinked":true,"unit":"px","size":40},"flex_gap_laptop":{"column":"30","row":"30","isLinked":true,"unit":"px","size":30},"margin":{"unit":"px","top":"0","right":"0","bottom":"0","left":"0","isLinked":false},"padding":{"unit":"px","top":"0","right":"0","bottom":"0","left":"0","isLinked":false},"ha_cmc_text":"Happy Addons","_title":"icon wrapper"},"elements":[{"id":"2b2a54e7","settings":{"content_width":"full","margin":{"unit":"px","top":"0","right":"0","bottom":"0","left":"0","isLinked":false},"padding":{"unit":"px","top":"0","right":"0","bottom":"0","left":"0","isLinked":false},"ha_cmc_text":"Happy Addons","_title":"icon box"},"elements":[{"id":"1dbe6ce5","settings":{"selected_icon":{"value":"fab fa-laravel","library":"fa-brands"},"view":"stacked","shape":"rounded","align":"left","primary_color":"#FFFFFF","size":{"unit":"px","size":35,"sizes":[]},"icon_padding":{"unit":"px","size":5,"sizes":[]},"border_radius":{"unit":"px","top":"10","right":"10","bottom":"10","left":"10","isLinked":true},"ha_advanced_tooltip_content":"I am a tooltip","ha_cmc_text":"Happy Addons","__globals__":{"primary_color":"","secondary_color":""},"secondary_color":"#173330"},"elements":[],"isInner":false,"widgetType":"icon","elType":"widget"},{"id":"623538c7","settings":{"content_width":"full","flex_direction":"row","flex_justify_content":"flex-start","flex_align_items":"flex-end","flex_gap":{"column":"16","row":"16","isLinked":true,"unit":"px","size":16},"margin":{"unit":"px","top":"34","right":"0","bottom":"0","left":"0","isLinked":false},"padding":{"unit":"px","top":"0","right":"0","bottom":"0","left":"0","isLinked":false},"ha_cmc_text":"Happy Addons","_title":"heading","margin_laptop":{"unit":"px","top":"20","right":"0","bottom":"0","left":"0","isLinked":false},"margin_mobile":{"unit":"px","top":"10","right":"0","bottom":"0","left":"0","isLinked":false}},"elements":[{"id":"7349dfc8","settings":{"title":"Designing","header_size":"h3","typography_typography":"custom","typography_font_family":"Playfair Display","typography_font_size_tablet":{"unit":"px","size":25,"sizes":[]},"typography_font_weight":"600","title_color":"#FFFFFF","_margin":{"unit":"px","top":"-10","right":"0","bottom":"-5","left":"0","isLinked":false},"_padding":{"unit":"px","top":"0","right":"0","bottom":"0","left":"0","isLinked":false},"ha_advanced_tooltip_content":"I am a tooltip","ha_cmc_text":"Happy Addons","typography_font_size_laptop":{"unit":"px","size":48,"sizes":[]},"align_mobile":"left","typography_font_size":{"unit":"px","size":32,"sizes":[]},"typography_font_size_mobile":{"unit":"px","size":25,"sizes":[]},"_margin_mobile":{"unit":"px","top":"-10","right":"0","bottom":"-8","left":"0","isLinked":false},"_element_width":"initial","_element_width_widescreen":"initial","_element_custom_width":{"unit":"%","size":75,"sizes":[]},"_element_custom_width_widescreen":{"unit":"%","size":45,"sizes":[]},"_element_custom_width_laptop":{"unit":"%","size":100,"sizes":[]},"_element_custom_width_tablet":{"unit":"%","size":"","sizes":[]},"_element_custom_width_mobile":{"unit":"%","size":"","sizes":[]}},"elements":[],"isInner":false,"widgetType":"heading","elType":"widget"},{"id":"4f5685f2","settings":{"title":"(03)","header_size":"span","typography_typography":"custom","typography_font_family":"DM Sans","typography_font_size":{"unit":"px","size":14,"sizes":[]},"typography_font_weight":"500","title_color":"#FFFFFFB3","_margin":{"unit":"px","top":"-4","right":"0","bottom":"0","left":"0","isLinked":false},"_padding":{"unit":"px","top":"0","right":"0","bottom":"0","left":"0","isLinked":false},"ha_advanced_tooltip_content":"I am a tooltip","ha_cmc_text":"Happy Addons","typography_font_size_mobile":{"unit":"px","size":14,"sizes":[]}},"elements":[],"isInner":false,"widgetType":"heading","elType":"widget"}],"isInner":true,"elType":"container"},{"id":"24667754","settings":{"editor":"<p>From massing to materials, we shape bold yet timeless spaces that balance aesthetics, purpose, and experience.<\/p>","text_color":"#FFFFFF","_margin":{"unit":"px","top":"-2","right":"0","bottom":"-15","left":"0","isLinked":false},"_padding":{"unit":"px","top":"0","right":"0","bottom":"0","left":"0","isLinked":false},"_element_width":"initial","_element_custom_width":{"unit":"%","size":100,"sizes":[]},"_element_custom_width_laptop":{"unit":"%","size":100,"sizes":[]},"_element_custom_width_tablet":{"unit":"%","size":"","sizes":[]},"_element_custom_width_mobile":{"unit":"%","size":"","sizes":[]},"ha_advanced_tooltip_content":"I am a tooltip","ha_cmc_text":"Happy Addons","typography_typography":"custom","typography_font_family":"DM Sans","typography_font_size":{"unit":"px","size":14,"sizes":[]},"typography_font_weight":"400","typography_font_size_tablet":{"unit":"px","size":15,"sizes":[]}},"elements":[],"isInner":false,"widgetType":"text-editor","elType":"widget"}],"isInner":true,"elType":"container"},{"id":"7ca356f5","settings":{"content_width":"full","margin":{"unit":"px","top":"0","right":"0","bottom":"0","left":"0","isLinked":false},"padding":{"unit":"px","top":"0","right":"0","bottom":"0","left":"0","isLinked":false},"ha_cmc_text":"Happy Addons","_title":"icon box"},"elements":[{"id":"1c7b98f5","settings":{"selected_icon":{"value":"fab fa-connectdevelop","library":"fa-brands"},"view":"stacked","shape":"rounded","align":"left","primary_color":"#FFFFFF","size":{"unit":"px","size":33,"sizes":[]},"icon_padding":{"unit":"px","size":7,"sizes":[]},"ha_advanced_tooltip_content":"I am a tooltip","ha_cmc_text":"Happy Addons","__globals__":{"primary_color":"","secondary_color":""},"secondary_color":"#173330"},"elements":[],"isInner":false,"widgetType":"icon","elType":"widget"},{"id":"3d6e67e8","settings":{"content_width":"full","flex_direction":"row","flex_justify_content":"flex-start","flex_align_items":"flex-end","flex_gap":{"column":"16","row":"16","isLinked":true,"unit":"px","size":16},"margin":{"unit":"px","top":"34","right":"0","bottom":"0","left":"0","isLinked":false},"padding":{"unit":"px","top":"0","right":"0","bottom":"0","left":"0","isLinked":false},"ha_cmc_text":"Happy Addons","_title":"heading","margin_laptop":{"unit":"px","top":"20","right":"0","bottom":"0","left":"0","isLinked":false},"margin_mobile":{"unit":"px","top":"10","right":"0","bottom":"0","left":"0","isLinked":false}},"elements":[{"id":"2d39b59e","settings":{"title":"Final step","header_size":"h3","typography_typography":"custom","typography_font_family":"Playfair Display","typography_font_size_tablet":{"unit":"px","size":25,"sizes":[]},"typography_font_weight":"600","title_color":"#FFFFFF","_margin":{"unit":"px","top":"-10","right":"0","bottom":"-5","left":"0","isLinked":false},"_padding":{"unit":"px","top":"0","right":"0","bottom":"0","left":"0","isLinked":false},"ha_advanced_tooltip_content":"I am a tooltip","ha_cmc_text":"Happy Addons","typography_font_size_laptop":{"unit":"px","size":48,"sizes":[]},"align_mobile":"left","typography_font_size":{"unit":"px","size":32,"sizes":[]},"typography_font_size_mobile":{"unit":"px","size":25,"sizes":[]},"_margin_mobile":{"unit":"px","top":"-10","right":"0","bottom":"-8","left":"0","isLinked":false},"_element_width":"initial","_element_width_widescreen":"initial","_element_custom_width":{"unit":"%","size":75,"sizes":[]},"_element_custom_width_widescreen":{"unit":"%","size":45,"sizes":[]},"_element_custom_width_laptop":{"unit":"%","size":100,"sizes":[]},"_element_custom_width_tablet":{"unit":"%","size":"","sizes":[]},"_element_custom_width_mobile":{"unit":"%","size":"","sizes":[]}},"elements":[],"isInner":false,"widgetType":"heading","elType":"widget"},{"id":"4b75eb69","settings":{"title":"(04)","header_size":"span","typography_typography":"custom","typography_font_family":"DM Sans","typography_font_size":{"unit":"px","size":14,"sizes":[]},"typography_font_weight":"500","title_color":"#FFFFFFB3","_margin":{"unit":"px","top":"-4","right":"0","bottom":"0","left":"0","isLinked":false},"_padding":{"unit":"px","top":"0","right":"0","bottom":"0","left":"0","isLinked":false},"ha_advanced_tooltip_content":"I am a tooltip","ha_cmc_text":"Happy Addons","typography_font_size_mobile":{"unit":"px","size":14,"sizes":[]}},"elements":[],"isInner":false,"widgetType":"heading","elType":"widget"}],"isInner":true,"elType":"container"},{"id":"2225f726","settings":{"editor":"<p>Our team prepares precise drawings and documentation \u2013 collaborating with engineers and consultants to ensure feasibility and performance.<\/p>","text_color":"#FFFFFF","_margin":{"unit":"px","top":"-2","right":"0","bottom":"-15","left":"0","isLinked":false},"_padding":{"unit":"px","top":"0","right":"0","bottom":"0","left":"0","isLinked":false},"_element_width":"initial","_element_custom_width":{"unit":"%","size":100,"sizes":[]},"_element_custom_width_laptop":{"unit":"%","size":100,"sizes":[]},"_element_custom_width_tablet":{"unit":"%","size":"","sizes":[]},"_element_custom_width_mobile":{"unit":"%","size":"","sizes":[]},"ha_advanced_tooltip_content":"I am a tooltip","ha_cmc_text":"Happy Addons","typography_typography":"custom","typography_font_family":"DM Sans","typography_font_size":{"unit":"px","size":14,"sizes":[]},"typography_font_weight":"400","typography_font_size_tablet":{"unit":"px","size":15,"sizes":[]}},"elements":[],"isInner":false,"widgetType":"text-editor","elType":"widget"}],"isInner":true,"elType":"container"}],"isInner":true,"elType":"container"}],"isInner":true,"elType":"container"},{"id":"481bd40c","settings":{"content_width":"full","width":{"unit":"%","size":31,"sizes":[]},"width_tablet":{"unit":"%","size":100,"sizes":[]},"width_mobile":{"unit":"%","size":"","sizes":[]},"flex_direction":"column","flex_justify_content":"space-between","flex_gap":{"column":"0","row":"0","isLinked":true,"unit":"px","size":0},"background_background":"classic","background_color":"#FFFFFF0D","border_border":"solid","border_width":{"unit":"px","top":"1","right":"1","bottom":"1","left":"1","isLinked":true},"border_color":"#FFFFFF1A","border_radius":{"unit":"px","top":"7","right":"7","bottom":"7","left":"7","isLinked":true},"margin":{"unit":"px","top":"0","right":"040","bottom":"0","left":"0","isLinked":false},"padding":{"unit":"px","top":"0","right":"030","bottom":"30","left":"30","isLinked":false},"padding_mobile":{"unit":"px","top":"0","right":"20","bottom":"20","left":"20","isLinked":false},"ha_cmc_text":"Happy Addons","_title":"col","hide_tablet":"hidden-tablet","hide_mobile":"hidden-mobile"},"elements":[{"id":"1ebce03c","settings":{"content_width":"full","flex_direction":"row","flex_justify_content":"space-between","flex_align_items":"flex-end","flex_gap":{"column":"16","row":"16","isLinked":true,"unit":"px","size":16},"margin":{"unit":"px","top":"34","right":"0","bottom":"0","left":"0","isLinked":false},"padding":{"unit":"px","top":"0","right":"0","bottom":"0","left":"0","isLinked":false},"ha_cmc_text":"Happy Addons","_title":"heading","flex_gap_mobile":{"column":"0","row":"0","isLinked":true,"unit":"px","size":0},"flex_wrap_mobile":"nowrap"},"elements":[{"id":"96e2d14","settings":{"title":"Build with intention. Inspire for generations.","header_size":"h3","typography_typography":"custom","typography_font_family":"Playfair Display","typography_font_size_tablet":{"unit":"px","size":40,"sizes":[]},"typography_font_weight":"600","title_color":"#FFFFFF","_margin":{"unit":"px","top":"-10","right":"0","bottom":"-5","left":"0","isLinked":false},"_padding":{"unit":"px","top":"0","right":"0","bottom":"0","left":"0","isLinked":false},"ha_advanced_tooltip_content":"I am a tooltip","ha_cmc_text":"Happy Addons","typography_font_size_laptop":{"unit":"px","size":48,"sizes":[]},"_element_custom_width":{"unit":"%","size":75,"sizes":[]},"_element_custom_width_laptop":{"unit":"%","size":100,"sizes":[]},"_element_custom_width_tablet":{"unit":"%","size":"","sizes":[]},"_element_custom_width_mobile":{"unit":"%","size":"","sizes":[]},"typography_font_size":{"unit":"px","size":28,"sizes":[]},"align_mobile":"left","typography_font_size_mobile":{"unit":"px","size":40,"sizes":[]},"typography_line_height":{"unit":"px","size":29,"sizes":[]},"_margin_mobile":{"unit":"px","top":"-10","right":"0","bottom":"-8","left":"0","isLinked":false},"_element_width_widescreen":"initial","_element_custom_width_widescreen":{"unit":"%","size":45,"sizes":[]},"hide_tablet":"hidden-tablet","hide_mobile":"hidden-mobile"},"elements":[],"isInner":false,"widgetType":"heading","elType":"widget"}],"isInner":true,"elType":"container"},{"id":"1190b326","settings":{"image":{"id":2981,"url":"https:\/\/template3.nicolaipalmkvist.com\/wp-content\/uploads\/2025\/04\/1bb111d5-5c9f-4a13-942c-6683e82e1271.png","alt":"","source":"library","size":""},"image_size":"full","align":"right","width":{"unit":"%","size":100,"sizes":[]},"width_tablet":{"unit":"%","size":70,"sizes":[]},"_element_width":"initial","_element_custom_width":{"unit":"%","size":100,"sizes":[]},"ha_advanced_tooltip_content":"I am a tooltip","ha_cmc_text":"Happy Addons","align_tablet":"center","width_mobile":{"unit":"%","size":80,"sizes":[]}},"elements":[],"isInner":false,"widgetType":"image","elType":"widget"},{"id":"1b98e818","settings":{"text":"Reach out now","link":{"url":"","is_external":"","nofollow":"","custom_attributes":""},"text_padding":{"unit":"px","top":"11","right":"30","bottom":"11","left":"30","isLinked":false},"selected_icon":{"value":"fas fa-chevron-right","library":"fa-solid"},"icon_align":"row-reverse","align":"justify","button_text_color":"#000000","background_color":"#FFFFFF","hover_color":"#FFFFFF","__globals__":{"button_text_color":"","hover_color":""},"ha_advanced_tooltip_content":"I am a tooltip","ha_cmc_text":"Happy Addons","__dynamic__":{"link":"[elementor-tag id=\"5a25096\" name=\"internal-url\" settings=\"%7B%22type%22%3A%22post%22%2C%22post_id%22%3A%2231%22%7D\"]"},"typography_typography":"custom","typography_font_family":"DM Sans","typography_font_weight":"400","typography_font_size":{"unit":"px","size":16,"sizes":[]},"typography_text_transform":"uppercase","typography_letter_spacing":{"unit":"px","size":1.5,"sizes":[]},"button_background_hover_color":"#000000","border_radius":{"unit":"px","top":"30","right":"30","bottom":"30","left":"30","isLinked":true},"_margin":{"unit":"px","top":"0","right":"0","bottom":"0","left":"0","isLinked":false},"_offset_orientation_h":"end","_offset_x_end":{"unit":"px","size":30,"sizes":[]},"_offset_y":{"unit":"px","size":390,"sizes":[]},"_transform_rotateZ_effect":{"unit":"px","size":90,"sizes":[]}},"elements":[],"isInner":false,"widgetType":"button","elType":"widget"}],"isInner":true,"elType":"container"}],"isInner":true,"elType":"container"}],"isInner":true,"elType":"container"}],"isInner":false,"elType":"container"},{"id":"1ec0bc89","settings":{"flex_direction":"column","content_width":"full","min_height":{"unit":"px","size":550,"sizes":[]},"min_height_widescreen":{"unit":"vh","size":"","sizes":[]},"min_height_tablet":{"unit":"px","size":450,"sizes":[]},"min_height_mobile":{"unit":"vh","size":"","sizes":[]},"flex_justify_content":"center","flex_align_items":"center","flex_gap":{"column":"50","row":"25","isLinked":false,"unit":"px","size":50},"flex_gap_laptop":{"column":"44","row":"44","isLinked":true,"unit":"px","size":44},"flex_gap_mobile":{"column":"34","row":"34","isLinked":true,"unit":"px","size":34},"background_background":"classic","background_color":"#FFFFFF","border_radius":{"unit":"px","top":"0","right":"0","bottom":"60","left":"60","isLinked":false},"border_radius_tablet":{"unit":"px","top":"0","right":"0","bottom":"30","left":"30","isLinked":false},"margin":{"unit":"px","top":"0","right":"0","bottom":"-100","left":"0","isLinked":false},"padding":{"unit":"%","top":"5","right":"7","bottom":"5","left":"7","isLinked":false},"padding_widescreen":{"unit":"%","top":"","right":"","bottom":"","left":"","isLinked":true},"padding_laptop":{"unit":"%","top":"","right":"","bottom":"","left":"","isLinked":true},"padding_tablet":{"unit":"%","top":"5","right":"5","bottom":"5","left":"5","isLinked":true},"padding_mobile":{"unit":"px","top":"50","right":"015","bottom":"0","left":"15","isLinked":false},"z_index":999,"_title":"Contact Section","flex_gap_tablet":{"column":"30","row":"30","isLinked":false,"unit":"px","size":30},"margin_mobile":{"unit":"px","top":"0","right":"0","bottom":"0","left":"0","isLinked":false},"z_index_mobile":999},"elements":[{"id":"69bf5934","settings":{"title":"Let's build your dream","header_size":"p","align":"center","typography_typography":"custom","typography_font_family":"DM Sans","typography_font_size":{"unit":"px","size":16,"sizes":[]},"typography_font_weight":"400","typography_text_transform":"uppercase","title_color":"#191919","_element_width":"initial","_element_custom_width":{"unit":"%","size":100,"sizes":[]},"_padding":{"unit":"px","top":"0","right":"0","bottom":"0","left":"0","isLinked":false},"_animation":"none","typography_letter_spacing":{"unit":"px","size":0.5,"sizes":[]},"hide_mobile":"hidden-mobile"},"elements":[],"isInner":false,"widgetType":"heading","elType":"widget"},{"id":"77e62c80","settings":{"title":"Is it time to elevate your<br> project to the next level?","align":"center","typography_typography":"custom","typography_font_family":"Playfair Display","typography_font_size":{"unit":"px","size":60,"sizes":[]},"typography_font_size_laptop":{"unit":"px","size":70,"sizes":[]},"typography_font_size_tablet":{"unit":"px","size":40,"sizes":[]},"typography_font_size_mobile":{"unit":"px","size":35,"sizes":[]},"typography_font_weight":"500","typography_line_height":{"unit":"em","size":1,"sizes":[]},"typography_line_height_widescreen":{"unit":"em","size":"","sizes":[]},"typography_line_height_laptop":{"unit":"em","size":"","sizes":[]},"title_color":"#191919","_animation":"none","_animation_delay":300,"_margin_mobile":{"unit":"px","top":"0","right":"0","bottom":"0","left":"0","isLinked":false},"_padding_mobile":{"unit":"px","top":"0","right":"0","bottom":"0","left":"0","isLinked":false},"hide_tablet":"hidden-tablet","hide_mobile":"hidden-mobile"},"elements":[],"isInner":false,"widgetType":"heading","elType":"widget"},{"id":"67fde720","settings":{"title":"Is it time to elevate your project to the next level?","align":"center","typography_typography":"custom","typography_font_family":"Playfair Display","typography_font_size":{"unit":"px","size":60,"sizes":[]},"typography_font_size_laptop":{"unit":"px","size":70,"sizes":[]},"typography_font_size_tablet":{"unit":"px","size":40,"sizes":[]},"typography_font_size_mobile":{"unit":"px","size":35,"sizes":[]},"typography_font_weight":"500","typography_line_height":{"unit":"em","size":1,"sizes":[]},"typography_line_height_widescreen":{"unit":"em","size":"","sizes":[]},"typography_line_height_laptop":{"unit":"em","size":"","sizes":[]},"title_color":"#191919","_animation":"none","_animation_delay":300,"_margin_mobile":{"unit":"px","top":"0","right":"0","bottom":"0","left":"0","isLinked":false},"_padding_mobile":{"unit":"px","top":"0","right":"0","bottom":"0","left":"0","isLinked":false},"hide_widescreen":"hidden-widescreen","hide_desktop":"hidden-desktop","hide_laptop":"hidden-laptop"},"elements":[],"isInner":false,"widgetType":"heading","elType":"widget"},{"id":"2a58ce62","settings":{"editor":"<p>Let's elevate your project\u2014get in touch and discover how we can make it happen.<\/p>","text_color":"#000000","typography_typography":"custom","typography_font_family":"DM Sans","typography_font_size_tablet":{"unit":"px","size":18,"sizes":[]},"typography_font_size_mobile":{"unit":"px","size":16,"sizes":[]},"typography_font_weight":"400","_margin":{"unit":"px","top":"-5","right":"0","bottom":"-10","left":"0","isLinked":false},"_padding":{"unit":"px","top":"0","right":"0","bottom":"0","left":"0","isLinked":false},"_element_custom_width":{"unit":"%","size":100,"sizes":[]},"_element_custom_width_widescreen":{"unit":"%","size":20,"sizes":[]},"_element_custom_width_laptop":{"unit":"%","size":44,"sizes":[]},"_element_custom_width_tablet":{"unit":"%","size":70,"sizes":[]},"_element_custom_width_mobile":{"unit":"%","size":100,"sizes":[]},"ha_advanced_tooltip_content":"I am a tooltip","ha_cmc_text":"Happy Addons","align":"center","typography_font_size":{"unit":"px","size":16,"sizes":[]},"_margin_tablet":{"unit":"px","top":"0","right":"90","bottom":"0","left":"90","isLinked":false},"_margin_mobile":{"unit":"px","top":"0","right":"0","bottom":"0","left":"0","isLinked":false}},"elements":[],"isInner":false,"widgetType":"text-editor","elType":"widget"},{"id":"968c54d","settings":{"text":"Contact us today","link":{"url":"","is_external":"","nofollow":"","custom_attributes":""},"text_padding":{"unit":"px","top":"9","right":"17","bottom":"9","left":"17","isLinked":false},"selected_icon":{"value":"fas fa-chevron-right","library":"fa-solid"},"icon_align":"row-reverse","align":"left","ha_advanced_tooltip_content":"I am a tooltip","ha_cmc_text":"Happy Addons","typography_typography":"custom","typography_font_family":"DM Sans","typography_font_size":{"unit":"px","size":14,"sizes":[]},"typography_font_weight":"400","typography_text_transform":"uppercase","typography_letter_spacing":{"unit":"px","size":1.5,"sizes":[]},"button_text_color":"#FFFFFF","background_color":"#000000","border_radius":{"unit":"px","top":"30","right":"30","bottom":"30","left":"30","isLinked":true},"_margin":{"unit":"px","top":"0","right":"0","bottom":"0","left":"0","isLinked":false},"_offset_orientation_h":"end","_offset_x_end":{"unit":"px","size":30,"sizes":[]},"_offset_y":{"unit":"px","size":390,"sizes":[]},"_transform_rotateZ_effect":{"unit":"px","size":90,"sizes":[]},"__globals__":{"button_text_color":"","hover_color":""},"__dynamic__":{"link":"[elementor-tag id=\"df33538\" name=\"internal-url\" settings=\"%7B%22type%22%3A%22post%22%2C%22post_id%22%3A%2217%22%7D\"]"},"hover_color":"#000000","button_background_hover_color":"#FFFFFF"},"elements":[],"isInner":false,"widgetType":"button","elType":"widget"},{"id":"5180e5a8","settings":{"title":"Trusted by 800+ clients","typography_typography":"custom","typography_font_family":"DM Sans","typography_font_size":{"unit":"px","size":16,"sizes":[]},"typography_font_weight":"400","typography_line_height":{"unit":"px","size":24,"sizes":[]},"_margin":{"unit":"px","top":"0","right":"0","bottom":"0","left":"0","isLinked":false},"__globals__":{"title_color":""},"jkit_transform_rotate":{"unit":"px","size":"","sizes":[]},"jkit_transform_rotate_tablet":{"unit":"px","size":"","sizes":[]},"jkit_transform_rotate_mobile":{"unit":"px","size":"","sizes":[]},"jkit_glass_blur_level":{"unit":"px","size":"","sizes":[]},"jkit_glass_blur_level_tablet":{"unit":"px","size":"","sizes":[]},"jkit_glass_blur_level_mobile":{"unit":"px","size":"","sizes":[]},"jet_family_widget_is_order_orientaion":"false","jet_family_widget_order_orientaion":"","jet_family_widget_order_orientaion_tablet":"","jet_family_widget_order_orientaion_mobile":"","jet_family_widget_is_flex_basis":"false","jet_family_widget_flex_basis":{"unit":"px","size":0,"sizes":[]},"jet_family_widget_flex_basis_tablet":{"unit":"px","size":"","sizes":[]},"jet_family_widget_flex_basis_mobile":{"unit":"px","size":"","sizes":[]},"content_width":"full","_margin_mobile":{"unit":"px","top":"0","right":"0","bottom":"-30","left":"0","isLinked":false},"_margin_tablet":{"unit":"px","top":"-7","right":"0","bottom":"-5","left":"0","isLinked":false},"typography_font_size_mobile":{"unit":"px","size":16,"sizes":[]},"_element_custom_width":{"unit":"%","size":100,"sizes":[]},"align":"center","hide_tablet":"hidden-tablet","motion_fx_devices":["desktop","tablet","mobile"],"sticky_on":["desktop","tablet","mobile"],"title_color":"#000000"},"elements":[],"isInner":false,"widgetType":"heading","elType":"widget"},{"id":"2e9e4355","settings":{"image":{"id":2918,"url":"https:\/\/template3.nicolaipalmkvist.com\/wp-content\/uploads\/2025\/04\/2-9-e1743775261380.png","alt":"","source":"library","size":""},"align":"center","width":{"unit":"%","size":16,"sizes":[]},"image_border_border":"none","image_border_width":{"unit":"px","top":"2","right":"2","bottom":"2","left":"2","isLinked":true},"image_border_color":"#FFFFFF","image_border_radius":{"unit":"px","top":"0","right":"0","bottom":"0","left":"0","isLinked":true},"image_box_shadow_box_shadow":{"horizontal":0,"vertical":0,"blur":10,"spread":0,"color":"rgba(0, 0, 0, 0.28)"},"_margin":{"unit":"px","top":"-27","right":"0","bottom":"5","left":"0","isLinked":false},"_element_width":"auto","width_mobile":{"unit":"%","size":58,"sizes":[]},"width_tablet":{"unit":"%","size":28,"sizes":[]},"motion_fx_devices":["desktop","tablet","mobile"],"sticky_on":["desktop","tablet","mobile"],"_background_color_stop_tablet":{"unit":"%","size":"","sizes":[]},"_background_color_stop_mobile":{"unit":"%","size":"","sizes":[]},"_background_color_b_stop_tablet":{"unit":"%","size":"","sizes":[]},"_background_color_b_stop_mobile":{"unit":"%","size":"","sizes":[]},"_background_gradient_angle_tablet":{"unit":"deg","size":"","sizes":[]},"_background_gradient_angle_mobile":{"unit":"deg","size":"","sizes":[]},"_background_gradient_position_tablet":"center center","_background_gradient_position_mobile":"center center","_background_hover_color_stop_tablet":{"unit":"%","size":"","sizes":[]},"_background_hover_color_stop_mobile":{"unit":"%","size":"","sizes":[]},"_background_hover_color_b_stop_tablet":{"unit":"%","size":"","sizes":[]},"_background_hover_color_b_stop_mobile":{"unit":"%","size":"","sizes":[]},"_background_hover_gradient_angle_tablet":{"unit":"deg","size":"","sizes":[]},"_background_hover_gradient_angle_mobile":{"unit":"deg","size":"","sizes":[]},"_background_hover_gradient_position_tablet":"center center","_background_hover_gradient_position_mobile":"center center","image_size":"medium_large","_margin_tablet":{"unit":"px","top":"-50","right":"0","bottom":"0","left":"0","isLinked":false},"_margin_mobile":{"unit":"px","top":"-30","right":"0","bottom":"0","left":"0","isLinked":false}},"elements":[],"isInner":false,"widgetType":"image","elType":"widget"}],"isInner":false,"elType":"container"}],"settings":{"padding":{"unit":"px","top":"16","right":"16","bottom":"16","left":"16","isLinked":true},"background_background":"classic","background_color":"#191919","padding_mobile":{"unit":"px","top":"0","right":"0","bottom":"0","left":"0","isLinked":true}},"metadata":[]}