{"content":[{"id":"52581ba5","settings":{"flex_direction":"column","content_width":"full","flex_justify_content":"center","flex_align_items":"center","background_background":"classic","background_color":"#191919","margin":{"unit":"px","top":"0","right":"0","bottom":"0","left":"0","isLinked":false},"padding":{"unit":"px","top":"0150","right":"0","bottom":"50","left":"0","isLinked":false},"_title":"footer main section","flex_gap":{"column":"80","row":"80","isLinked":true,"unit":"px","size":80},"flex_gap_tablet":{"column":"60","row":"60","isLinked":true,"unit":"px","size":60},"padding_tablet":{"unit":"px","top":"60","right":"0","bottom":"60","left":"0","isLinked":false},"min_height":{"unit":"vh","size":70,"sizes":[]},"min_height_widescreen":{"unit":"vh","size":"","sizes":[]},"min_height_laptop":{"unit":"vh","size":"","sizes":[]},"min_height_tablet":{"unit":"vh","size":"","sizes":[]},"min_height_mobile":{"unit":"vh","size":"","sizes":[]},"z_index":200},"elements":[{"id":"73bc56c8","settings":{"content_width":"full","width":{"unit":"%","size":88,"sizes":[]},"flex_direction":"row","background_background":"classic","margin":{"unit":"px","top":"0","right":"0","bottom":"0","left":"0","isLinked":false},"padding":{"unit":"px","top":"0","right":"0","bottom":"0","left":"0","isLinked":false},"_title":"footer top","width_mobile":{"unit":"%","size":88,"sizes":[]},"flex_direction_tablet":"column","flex_gap_tablet":{"column":"50","row":"50","isLinked":true,"unit":"px","size":50},"padding_mobile":{"unit":"px","top":"18","right":"0","bottom":"0","left":"0","isLinked":false}},"elements":[{"id":"1e67afd9","settings":{"content_width":"full","width":{"unit":"%","size":40,"sizes":[]},"flex_gap":{"column":"35","row":"35","isLinked":true,"unit":"px","size":35},"margin":{"unit":"px","top":"0","right":"0","bottom":"0","left":"0","isLinked":false},"padding":{"unit":"px","top":"0","right":"0","bottom":"0","left":"0","isLinked":false},"_title":"col","width_tablet":{"unit":"%","size":100,"sizes":[]},"width_mobile":{"unit":"%","size":"","sizes":[]},"flex_align_items_tablet":"center","flex_align_items":"flex-start"},"elements":[{"id":"7c77f126","settings":{"image":{"url":"https:\/\/template3.nicolaipalmkvist.com\/wp-content\/uploads\/2025\/03\/Hvid-PNG.png","id":1780,"size":"","alt":"","source":"library"},"align":"left","width":{"unit":"%","size":32,"sizes":[]},"align_tablet":"center"},"elements":[],"isInner":false,"widgetType":"image","elType":"widget"},{"id":"a1e578","settings":{"icon_list":[{"text":"+254 243 656 68","selected_icon":{"value":"","library":""},"_id":"88333a3","link":{"url":"#","is_external":"","nofollow":"","custom_attributes":""}},{"text":"Start project","selected_icon":{"value":" arrow_right-up","library":"skb_cife-elegant-icon"},"link":{"url":"#","is_external":"","nofollow":"","custom_attributes":""},"_id":"12262be"}],"space_between":{"unit":"px","size":10,"sizes":[]},"icon_color":"#FFFFFF","icon_typography_typography":"custom","icon_typography_font_family":"DM Sans","icon_typography_font_size":{"unit":"px","size":20,"sizes":[]},"icon_typography_font_size_laptop":{"unit":"px","size":18,"sizes":[]},"icon_typography_font_weight":"400","text_color":"#FFFFFF","icon_align_tablet":"center","icon_align_mobile":"center","icon_typography_font_size_mobile":{"unit":"px","size":16,"sizes":[]}},"elements":[],"isInner":false,"widgetType":"icon-list","elType":"widget"},{"id":"155d328f","settings":{"social_icon_list":[{"social_icon":{"value":" ti-pinterest","library":"skb_cife-themify-icon"},"_id":"1399591"},{"_id":"24b35a3","social_icon":{"value":"fab fa-x-twitter","library":"fa-brands"}},{"_id":"b5e11e9","social_icon":{"value":"fab fa-instagram","library":"fa-brands"}}],"shape":"circle","icon_color":"custom","icon_primary_color":"#FFFFFF","icon_secondary_color":"#191919","icon_size":{"unit":"px","size":20,"sizes":[]},"icon_padding":{"unit":"px","size":10,"sizes":[]},"icon_padding_tablet":{"unit":"px","size":"","sizes":[]},"icon_padding_mobile":{"unit":"px","size":"","sizes":[]},"icon_spacing":{"unit":"px","size":12,"sizes":[]},"align":"left"},"elements":[],"isInner":false,"widgetType":"social-icons","elType":"widget"}],"isInner":true,"elType":"container"},{"id":"2f39dddf","settings":{"content_width":"full","width":{"unit":"%","size":20,"sizes":[]},"flex_gap":{"column":"34","row":"34","isLinked":true,"unit":"px","size":34},"margin":{"unit":"px","top":"0","right":"0","bottom":"0","left":"0","isLinked":false},"padding":{"unit":"px","top":"0","right":"0","bottom":"0","left":"0","isLinked":false},"_title":"col","width_tablet":{"unit":"%","size":100,"sizes":[]},"width_mobile":{"unit":"%","size":"","sizes":[]}},"elements":[{"id":"5a33a21b","settings":{"title":"pages","header_size":"h5","typography_typography":"custom","typography_font_family":"Playfair Display","typography_font_size":{"unit":"px","size":16,"sizes":[]},"typography_font_weight":"400","typography_text_transform":"uppercase","typography_letter_spacing":{"unit":"px","size":1.5,"sizes":[]},"title_color":"#FFFFFF","align_tablet":"center","typography_line_height":{"unit":"em","size":1.2,"sizes":[]},"typography_line_height_widescreen":{"unit":"em","size":"","sizes":[]},"typography_line_height_laptop":{"unit":"em","size":"","sizes":[]},"typography_font_size_tablet":{"unit":"px","size":23,"sizes":[]}},"elements":[],"isInner":false,"widgetType":"heading","elType":"widget"},{"id":"5b156149","settings":{"icon_list":[{"text":"home","selected_icon":{"value":"","library":""},"_id":"9d3a32f","__dynamic__":{"link":"[elementor-tag id=\"62d2f8f\" name=\"internal-url\" settings=\"%7B%22type%22%3A%22post%22%2C%22post_id%22%3A%2210%22%7D\"]"}},{"text":"Solutions","selected_icon":{"value":"","library":""},"_id":"10f7aee","__dynamic__":{"link":"[elementor-tag id=\"5e22912\" name=\"internal-url\" settings=\"%7B%22type%22%3A%22post%22%2C%22post_id%22%3A%2213%22%7D\"]"}},{"text":"about","selected_icon":{"value":"","library":""},"_id":"f98faa6","__dynamic__":{"link":"[elementor-tag id=\"619a8ab\" name=\"internal-url\" settings=\"%7B%22type%22%3A%22post%22%2C%22post_id%22%3A%2215%22%7D\"]"}},{"text":"contact","selected_icon":{"value":"","library":""},"_id":"d8a3ddb","__dynamic__":{"link":"[elementor-tag id=\"3ae3813\" name=\"internal-url\" settings=\"%7B%22type%22%3A%22post%22%2C%22post_id%22%3A%2217%22%7D\"]"}}],"space_between":{"unit":"px","size":24,"sizes":[]},"icon_typography_typography":"custom","icon_typography_font_family":"DM Sans","icon_typography_font_size":{"unit":"px","size":17,"sizes":[]},"icon_typography_font_weight":"400","icon_typography_text_transform":"capitalize","text_color":"#999999","text_color_hover":"#FFFFFF","icon_align_tablet":"center"},"elements":[],"isInner":false,"widgetType":"icon-list","elType":"widget"}],"isInner":true,"elType":"container"},{"id":"677a616d","settings":{"content_width":"full","width":{"unit":"%","size":20,"sizes":[]},"flex_gap":{"column":"34","row":"34","isLinked":true,"unit":"px","size":34},"margin":{"unit":"px","top":"0","right":"0","bottom":"0","left":"0","isLinked":false},"padding":{"unit":"px","top":"0","right":"0","bottom":"0","left":"0","isLinked":false},"_title":"col","width_tablet":{"unit":"%","size":100,"sizes":[]},"width_mobile":{"unit":"%","size":"","sizes":[]},"hide_tablet":"hidden-tablet","hide_mobile":"hidden-mobile"},"elements":[{"id":"3ca647b9","settings":{"title":"Projects","header_size":"h5","typography_typography":"custom","typography_font_family":"DM Sans","typography_font_size":{"unit":"px","size":16,"sizes":[]},"typography_font_weight":"400","typography_text_transform":"uppercase","typography_letter_spacing":{"unit":"px","size":1.5,"sizes":[]},"title_color":"#FFFFFF","align_tablet":"center","typography_line_height":{"unit":"em","size":1.2,"sizes":[]},"typography_line_height_widescreen":{"unit":"em","size":"","sizes":[]},"typography_line_height_laptop":{"unit":"em","size":"","sizes":[]}},"elements":[],"isInner":false,"widgetType":"heading","elType":"widget"},{"id":"5cdb3b04","settings":{"icon_list":[{"text":"The Red Tower","selected_icon":{"value":"","library":""},"link":{"url":"#","is_external":"","nofollow":"","custom_attributes":""},"_id":"9d3a32f","__dynamic__":{"link":"[elementor-tag id=\"35d5bd3\" name=\"internal-url\" settings=\"%7B%22type%22%3A%22post%22%2C%22post_id%22%3A%2213%22%7D\"]"}},{"text":"White Residences","selected_icon":{"value":"","library":""},"link":{"url":"#","is_external":"","nofollow":"","custom_attributes":""},"__dynamic__":{"link":"[elementor-tag id=\"35d5bd3\" name=\"internal-url\" settings=\"%7B%22type%22%3A%22post%22%2C%22post_id%22%3A%2213%22%7D\"]"},"_id":"4899c71"},{"text":"Stacked Form Blocks","selected_icon":{"value":"","library":""},"link":{"url":"#","is_external":"","nofollow":"","custom_attributes":""},"__dynamic__":{"link":"[elementor-tag id=\"35d5bd3\" name=\"internal-url\" settings=\"%7B%22type%22%3A%22post%22%2C%22post_id%22%3A%2213%22%7D\"]"},"_id":"60e5be2"},{"text":"Blue Crest Tower","selected_icon":{"value":"","library":""},"link":{"url":"#","is_external":"","nofollow":"","custom_attributes":""},"__dynamic__":{"link":"[elementor-tag id=\"35d5bd3\" name=\"internal-url\" settings=\"%7B%22type%22%3A%22post%22%2C%22post_id%22%3A%2213%22%7D\"]"},"_id":"a72d386"}],"space_between":{"unit":"px","size":24,"sizes":[]},"icon_typography_typography":"custom","icon_typography_font_family":"DM Sans","icon_typography_font_size":{"unit":"px","size":17,"sizes":[]},"icon_typography_font_weight":"400","icon_typography_text_transform":"capitalize","text_color":"#999999","text_color_hover":"#FFFFFF","icon_align_tablet":"center"},"elements":[],"isInner":false,"widgetType":"icon-list","elType":"widget"}],"isInner":true,"elType":"container"},{"id":"4b433ec3","settings":{"content_width":"full","width":{"unit":"%","size":20,"sizes":[]},"flex_gap":{"column":"34","row":"34","isLinked":true,"unit":"px","size":34},"margin":{"unit":"px","top":"0","right":"0","bottom":"0","left":"0","isLinked":false},"padding":{"unit":"px","top":"0","right":"0","bottom":"0","left":"0","isLinked":false},"_title":"col","width_tablet":{"unit":"%","size":100,"sizes":[]},"width_mobile":{"unit":"%","size":"","sizes":[]},"hide_tablet":"hidden-tablet","hide_mobile":"hidden-mobile"},"elements":[{"id":"fac8412","settings":{"title":"Contact us","header_size":"h5","typography_typography":"custom","typography_font_family":"DM Sans","typography_font_size":{"unit":"px","size":16,"sizes":[]},"typography_font_weight":"400","typography_text_transform":"uppercase","typography_letter_spacing":{"unit":"px","size":1.5,"sizes":[]},"title_color":"#FFFFFF","align_tablet":"center","typography_line_height":{"unit":"em","size":1.2,"sizes":[]},"typography_line_height_widescreen":{"unit":"em","size":"","sizes":[]},"typography_line_height_laptop":{"unit":"em","size":"","sizes":[]}},"elements":[],"isInner":false,"widgetType":"heading","elType":"widget"},{"id":"5c034382","settings":{"icon_list":[{"text":"Call us","selected_icon":{"value":"","library":""},"link":{"url":"#","is_external":"","nofollow":"","custom_attributes":""},"_id":"9d3a32f","__dynamic__":{"link":"[elementor-tag id=\"d4bb43f\" name=\"internal-url\" settings=\"%7B%22type%22%3A%22post%22%2C%22post_id%22%3A%2217%22%7D\"]"}},{"text":"Send email","selected_icon":{"value":"","library":""},"link":{"url":"#","is_external":"","nofollow":"","custom_attributes":""},"_id":"10f7aee","__dynamic__":{"link":"[elementor-tag id=\"324feca\" name=\"internal-url\" settings=\"%7B%22type%22%3A%22post%22%2C%22post_id%22%3A%2217%22%7D\"]"}}],"space_between":{"unit":"px","size":24,"sizes":[]},"icon_typography_typography":"custom","icon_typography_font_family":"DM Sans","icon_typography_font_size":{"unit":"px","size":17,"sizes":[]},"icon_typography_font_weight":"400","icon_typography_text_transform":"capitalize","text_color":"#999999","text_color_hover":"#FFFFFF","icon_align_tablet":"center"},"elements":[],"isInner":false,"widgetType":"icon-list","elType":"widget"}],"isInner":true,"elType":"container"}],"isInner":true,"elType":"container"},{"id":"1a090aa2","settings":{"content_width":"full","width":{"unit":"%","size":88,"sizes":[]},"flex_direction":"row","background_background":"classic","margin":{"unit":"px","top":"0","right":"0","bottom":"0","left":"0","isLinked":false},"padding":{"unit":"px","top":"0","right":"0","bottom":"0","left":"0","isLinked":false},"_title":"footer top","width_mobile":{"unit":"%","size":88,"sizes":[]},"flex_justify_content_mobile":"center","flex_align_items_mobile":"center"},"elements":[{"id":"3bdc54ab","settings":{"content_width":"full","width":{"unit":"%","size":100,"sizes":[]},"flex_gap":{"column":"35","row":"35","isLinked":true,"unit":"px","size":35},"margin":{"unit":"px","top":"0","right":"0","bottom":"-40","left":"0","isLinked":false},"padding":{"unit":"px","top":"0","right":"0","bottom":"0","left":"0","isLinked":false},"_title":"col"},"elements":[{"id":"2e802c1f","settings":{"width":{"unit":"%","size":34,"sizes":[]},"align":"center","look":"line_text","text":"Nordicus Architects","color":"#999999","text_color":"#999999","typography_typography":"custom","typography_font_family":"DM Sans","typography_font_size":{"unit":"px","size":16,"sizes":[]},"typography_font_weight":"400","typography_text_transform":"uppercase","typography_line_height":{"unit":"em","size":1,"sizes":[]},"typography_letter_spacing":{"unit":"px","size":2.5,"sizes":[]},"text_spacing":{"unit":"px","size":32,"sizes":[]},"width_tablet":{"unit":"%","size":69,"sizes":[]},"width_mobile":{"unit":"%","size":100,"sizes":[]},"text_spacing_mobile":{"unit":"px","size":15,"sizes":[]}},"elements":[],"isInner":false,"widgetType":"divider","elType":"widget"}],"isInner":true,"elType":"container"}],"isInner":true,"elType":"container"}],"isInner":false,"elType":"container"}],"settings":[],"metadata":[]}