{"content":[{"id":"3ae148e7","settings":{"flex_direction":"column","content_width":"full","flex_justify_content":"center","flex_align_items":"center","background_background":"classic","margin":{"unit":"px","top":"0","right":"0","bottom":"0","left":"0","isLinked":false},"padding":{"unit":"px","top":"15","right":"15","bottom":"15","left":"15","isLinked":true},"_title":"Desktop Header Section","__globals__":{"background_color":""},"hide_tablet":"hidden-tablet","hide_mobile":"hidden-mobile","z_index":999,"ha_cmc_text":"Happy Addons","sticky":"top"},"elements":[{"id":"583d0dfa","settings":{"content_width":"full","width":{"unit":"%","size":100,"sizes":[]},"min_height":{"unit":"px","size":70,"sizes":[]},"background_background":"classic","background_color":"#FFFFFF","border_radius":{"unit":"px","top":"10","right":"10","bottom":"10","left":"10","isLinked":true},"margin":{"unit":"px","top":"0","right":"0","bottom":"0","left":"0","isLinked":false},"padding":{"unit":"px","top":"10","right":"10","bottom":"10","left":"30","isLinked":false},"flex_direction":"row","flex_justify_content":"space-around","flex_align_items":"center","_title":"Inner header area","ha_cmc_text":"Happy Addons"},"elements":[{"id":"6019633e","settings":{"content_width":"full","width":{"unit":"%","size":33,"sizes":[]},"flex_direction":"row","flex_justify_content":"flex-start","flex_align_items":"center","flex_gap":{"column":"","row":"","isLinked":true,"unit":"px","size":null},"margin":{"unit":"px","top":"0","right":"0","bottom":"0","left":"0","isLinked":false},"padding":{"unit":"px","top":"0","right":"0","bottom":"0","left":"0","isLinked":false},"ha_cmc_text":"Happy Addons"},"elements":[{"id":"31573ed1","settings":{"view":"inline","icon_list":[{"text":"Home","selected_icon":{"value":"","library":""},"_id":"d1011bf","link":{"url":"https:\/\/template1.nicolaipalmkvist.com\/","is_external":"","nofollow":"","custom_attributes":""}}],"icon_typography_typography":"custom","icon_typography_font_family":"Cabin","icon_typography_font_size":{"unit":"px","size":15,"sizes":[]},"icon_typography_font_weight":"500","ha_advanced_tooltip_content":"I am a tooltip","ha_cmc_text":"Happy Addons"},"elements":[],"isInner":false,"widgetType":"icon-list","elType":"widget"},{"id":"27aecdcc","settings":{"view":"inline","icon_list":[{"text":"Services","selected_icon":{"value":"","library":""},"_id":"d1011bf","__dynamic__":{"link":"[elementor-tag id=\"55a8d31\" name=\"popup\" settings=\"%7B%22popup%22%3A%221407%22%7D\"]"}},{"text":"","selected_icon":{"value":" arrow_carrot-down","library":"skb_cife-elegant-icon"},"__dynamic__":{"link":"[elementor-tag id=\"55a8d31\" name=\"popup\" settings=\"%7B%22popup%22%3A%221407%22%7D\"]"},"_id":"e9d4191"}],"icon_typography_typography":"custom","icon_typography_font_family":"Cabin","icon_typography_font_size":{"unit":"px","size":15,"sizes":[]},"icon_typography_font_weight":"500","ha_advanced_tooltip_content":"I am a tooltip","ha_cmc_text":"Happy Addons","space_between":{"unit":"px","size":5,"sizes":[]}},"elements":[],"isInner":false,"widgetType":"icon-list","elType":"widget"},{"id":"790afd71","settings":{"view":"inline","icon_list":[{"text":"Projects","selected_icon":{"value":"","library":""},"_id":"d1011bf","link":{"url":"https:\/\/template1.nicolaipalmkvist.com\/projects\/","is_external":"","nofollow":"","custom_attributes":""}}],"icon_typography_typography":"custom","icon_typography_font_family":"Cabin","icon_typography_font_size":{"unit":"px","size":15,"sizes":[]},"icon_typography_font_weight":"500","ha_advanced_tooltip_content":"I am a tooltip","ha_cmc_text":"Happy Addons","_margin":{"unit":"px","top":"0","right":"0","bottom":"0","left":"-9","isLinked":false}},"elements":[],"isInner":false,"widgetType":"icon-list","elType":"widget"},{"id":"22d56204","settings":{"view":"inline","icon_list":[{"text":"Contact","selected_icon":{"value":"","library":""},"_id":"d1011bf","link":{"url":"https:\/\/template1.nicolaipalmkvist.com\/contact\/","is_external":"","nofollow":"","custom_attributes":""}}],"icon_typography_typography":"custom","icon_typography_font_family":"Cabin","icon_typography_font_size":{"unit":"px","size":15,"sizes":[]},"icon_typography_font_weight":"500","ha_advanced_tooltip_content":"I am a tooltip","ha_cmc_text":"Happy Addons"},"elements":[],"isInner":false,"widgetType":"icon-list","elType":"widget"}],"isInner":true,"elType":"container"},{"id":"16745b80","settings":{"content_width":"full","width":{"unit":"%","size":33,"sizes":[]},"flex_direction":"row","flex_justify_content":"center","flex_align_items":"center","flex_gap":{"column":"","row":"","isLinked":true,"unit":"px","size":null},"margin":{"unit":"px","top":"0","right":"0","bottom":"0","left":"0","isLinked":false},"padding":{"unit":"px","top":"0","right":"0","bottom":"0","left":"0","isLinked":false},"ha_cmc_text":"Happy Addons"},"elements":[{"id":"59b3dc36","settings":{"image":{"url":"https:\/\/template1.nicolaipalmkvist.com\/wp-content\/uploads\/2025\/02\/logooo.svg","id":1603,"size":"","alt":"","source":"library"},"width":{"unit":"%","size":100,"sizes":[]},"_element_width":"initial","_element_custom_width":{"unit":"%","size":29,"sizes":[]},"link_to":"custom","__dynamic__":{"link":"[elementor-tag id=\"5c61e47\" name=\"site-url\" settings=\"%7B%7D\"]"}},"elements":[],"isInner":false,"widgetType":"image","elType":"widget"}],"isInner":true,"elType":"container"},{"id":"6fa4d032","settings":{"content_width":"full","width":{"unit":"%","size":33,"sizes":[]},"flex_direction":"row","flex_justify_content":"flex-end","flex_align_items":"center","margin":{"unit":"px","top":"0","right":"0","bottom":"0","left":"0","isLinked":false},"padding":{"unit":"px","top":"0","right":"0","bottom":"0","left":"0","isLinked":false},"_title":"btn area","flex_gap":{"column":"","row":"","isLinked":true,"unit":"px","size":null},"width_laptop":{"unit":"%","size":"","sizes":[]},"width_tablet":{"unit":"%","size":"","sizes":[]},"width_mobile":{"unit":"%","size":"","sizes":[]},"ha_cmc_text":"Happy Addons"},"elements":[{"id":"26af8a21","settings":{"content_width":"full","width":{"unit":"%","size":75,"sizes":[]},"flex_direction":"row","flex_justify_content":"flex-end","flex_align_items":"center","flex_gap":{"column":"5","row":"5","isLinked":true,"unit":"px","size":5},"margin":{"unit":"px","top":"0","right":"0","bottom":"0","left":"0","isLinked":false},"padding":{"unit":"px","top":"0","right":"0","bottom":"0","left":"0","isLinked":false},"ha_cmc_text":"Happy Addons"},"elements":[{"id":"7c29127a","settings":{"source_json":{"url":"https:\/\/template1.nicolaipalmkvist.com\/wp-content\/uploads\/2025\/02\/AVAu4MG7kI.json","id":75,"size":"","alt":"","source":"library"},"loop":"yes","width":{"unit":"%","size":60,"sizes":[]},"_margin":{"unit":"px","top":"-1","right":"0","bottom":"-8","left":"0","isLinked":false},"_padding":{"unit":"px","top":"0","right":"0","bottom":"0","left":"0","isLinked":false},"ha_advanced_tooltip_content":"I am a tooltip","ha_cmc_text":"Happy Addons"},"elements":[],"isInner":false,"widgetType":"lottie","elType":"widget"},{"id":"24122a5c","settings":{"title":"Open for work","header_size":"span","typography_typography":"custom","typography_font_family":"Cabin","typography_font_weight":"500","ha_advanced_tooltip_content":"I am a tooltip","ha_cmc_text":"Happy Addons","typography_font_size":{"unit":"px","size":16,"sizes":[]}},"elements":[],"isInner":false,"widgetType":"heading","elType":"widget"}],"isInner":true,"elType":"container"},{"id":"140fa87","settings":{"text":"Contact","link":{"url":"https:\/\/template1.nicolaipalmkvist.com\/contact\/","is_external":"","nofollow":"","custom_attributes":""},"text_padding":{"unit":"px","top":"9","right":"9","bottom":"9","left":"30","isLinked":false},"selected_icon":{"value":"fas fa-chevron-right","library":"fa-solid"},"icon_align":"row-reverse","icon_indent":{"unit":"px","size":20,"sizes":[]},"_css_classes":"btn-icon","align":"right","content_align":"center","_element_custom_width":{"unit":"%","size":50,"sizes":[]},"_element_custom_width_laptop":{"unit":"%","size":100,"sizes":[]},"_element_custom_width_tablet":{"unit":"%","size":"","sizes":[]},"_element_custom_width_mobile":{"unit":"%","size":"","sizes":[]},"_element_custom_width_widescreen":{"unit":"%","size":30,"sizes":[]},"ha_advanced_tooltip_content":"I am a tooltip","ha_cmc_text":"Happy Addons","typography_typography":"custom","typography_font_family":"Cabin","typography_font_size":{"unit":"px","size":14,"sizes":[]},"typography_font_weight":"500","_margin":{"unit":"px","top":"0","right":"20","bottom":"0","left":"0","isLinked":false}},"elements":[],"isInner":false,"widgetType":"button","elType":"widget"}],"isInner":true,"elType":"container"}],"isInner":true,"elType":"container"}],"isInner":false,"elType":"container"},{"id":"3789d718","settings":{"flex_direction":"column","content_width":"full","flex_justify_content":"center","flex_align_items":"center","background_background":"classic","margin":{"unit":"px","top":"0","right":"0","bottom":"0","left":"0","isLinked":false},"padding":{"unit":"px","top":"10","right":"10","bottom":"10","left":"10","isLinked":true},"_title":"Tablet Header Section","__globals__":{"background_color":""},"hide_widescreen":"hidden-widescreen","hide_desktop":"hidden-desktop","hide_laptop":"hidden-laptop","z_index":999,"ha_cmc_text":"Happy Addons","sticky":"top"},"elements":[{"id":"3bbb2412","settings":{"content_width":"full","width":{"unit":"%","size":100,"sizes":[]},"min_height":{"unit":"px","size":70,"sizes":[]},"background_background":"classic","background_color":"#FFFFFF","border_radius":{"unit":"px","top":"10","right":"10","bottom":"10","left":"10","isLinked":true},"margin":{"unit":"px","top":"0","right":"0","bottom":"0","left":"0","isLinked":false},"padding":{"unit":"px","top":"10","right":"10","bottom":"10","left":"30","isLinked":false},"flex_direction":"row","flex_justify_content":"space-between","flex_align_items":"center","_title":"Inner header area","padding_tablet":{"unit":"px","top":"20","right":"20","bottom":"20","left":"20","isLinked":true},"ha_cmc_text":"Happy Addons"},"elements":[{"id":"27f59165","settings":{"image":{"url":"https:\/\/template1.nicolaipalmkvist.com\/wp-content\/uploads\/2025\/02\/logooo.svg","id":1603,"size":"","alt":"","source":"library"},"width":{"unit":"%","size":100,"sizes":[]},"_element_width":"initial","_element_custom_width":{"unit":"%","size":29,"sizes":[]},"link_to":"custom","__dynamic__":{"link":"[elementor-tag id=\"5c61e47\" name=\"site-url\" settings=\"%7B%7D\"]"},"align_tablet":"left","width_tablet":{"unit":"%","size":70,"sizes":[]}},"elements":[],"isInner":false,"widgetType":"image","elType":"widget"},{"id":"6053ee4a","settings":{"selected_icon":{"value":"fas fa-bars","library":"fa-solid"},"size_tablet":{"unit":"px","size":24,"sizes":[]},"size_mobile":{"unit":"px","size":22,"sizes":[]},"_margin_tablet":{"unit":"px","top":"-1","right":"0","bottom":"-9","left":"0","isLinked":false},"_padding_tablet":{"unit":"px","top":"0","right":"0","bottom":"0","left":"0","isLinked":false},"__dynamic__":{"link":"[elementor-tag id=\"e038f3d\" name=\"popup\" settings=\"%7B%22popup%22%3A%2288%22%7D\"]"},"ha_advanced_tooltip_content":"I am a tooltip","ha_cmc_text":"Happy Addons"},"elements":[],"isInner":false,"widgetType":"icon","elType":"widget"}],"isInner":true,"elType":"container"}],"isInner":false,"elType":"container"}],"settings":{"ha_grid_zindex":"1000"},"metadata":[]}