{"content":[{"id":"5db97a7b","settings":{"flex_direction":"column","content_width":"full","width":{"unit":"%","size":100,"sizes":[]},"flex_justify_content":"center","flex_align_items":"center","background_background":"classic","margin":{"unit":"px","top":"0","right":"0","bottom":"0","left":"0","isLinked":false},"padding":{"unit":"px","top":"10","right":"10","bottom":"10","left":"10","isLinked":true},"__globals__":{"background_color":""},"ha_cmc_text":"Happy Addons"},"elements":[{"id":"59ddc870","settings":{"content_width":"full","min_height":{"unit":"px","size":70,"sizes":[]},"background_background":"classic","background_color":"#FFFFFF","border_radius":{"unit":"px","top":"10","right":"10","bottom":"10","left":"10","isLinked":true},"margin":{"unit":"px","top":"0","right":"0","bottom":"0","left":"0","isLinked":false},"padding":{"unit":"px","top":"20","right":"20","bottom":"20","left":"20","isLinked":true},"padding_tablet":{"unit":"px","top":"30","right":"30","bottom":"30","left":"30","isLinked":true},"padding_mobile":{"unit":"px","top":"24","right":"24","bottom":"24","left":"24","isLinked":true},"ha_cmc_text":"Happy Addons"},"elements":[{"id":"806ed11","settings":{"content_width":"full","width":{"unit":"%","size":100,"sizes":[]},"width_tablet":{"unit":"%","size":100,"sizes":[]},"width_mobile":{"unit":"%","size":"","sizes":[]},"flex_direction":"column","flex_direction_tablet":"column","flex_justify_content":"flex-start","flex_justify_content_tablet":"flex-start","flex_align_items":"flex-start","flex_align_items_tablet":"flex-start","flex_gap":{"column":"","row":"","isLinked":true,"unit":"px","size":null},"margin":{"unit":"px","top":"0","right":"0","bottom":"0","left":"0","isLinked":false},"padding":{"unit":"px","top":"0","right":"0","bottom":"0","left":"0","isLinked":false},"ha_cmc_text":"Happy Addons"},"elements":[{"id":"3c44acba","settings":{"view":"inline","icon_list":[{"text":"Home","selected_icon":{"value":"","library":""},"_id":"d1011bf","link":{"url":"https:\/\/template1.nicolaipalmkvist.com\/","is_external":"","nofollow":"","custom_attributes":""}}],"icon_typography_typography":"custom","icon_typography_font_family":"Cabin","icon_typography_font_size":{"unit":"px","size":15,"sizes":[]},"icon_typography_font_size_tablet":{"unit":"px","size":18,"sizes":[]},"icon_typography_font_weight":"500","ha_advanced_tooltip_content":"I am a tooltip","ha_cmc_text":"Happy Addons","_title":"home"},"elements":[],"isInner":false,"widgetType":"icon-list","elType":"widget"},{"id":"7ec164d2","settings":{"content_width":"full","flex_gap":{"column":"","row":"","isLinked":true,"unit":"px","size":null},"margin_tablet":{"unit":"px","top":"0","right":"0","bottom":"0","left":"0","isLinked":false},"padding":{"unit":"px","top":"0","right":"0","bottom":"0","left":"0","isLinked":false},"padding_tablet":{"unit":"px","top":"0","right":"0","bottom":"0","left":"0","isLinked":false},"ha_cmc_text":"Happy Addons","_title":"services wrapper"},"elements":[{"id":"2b4d52b2","settings":{"view":"inline","icon_list":[{"text":"Services","selected_icon":{"value":" arrow_carrot-right","library":"skb_cife-elegant-icon"},"_id":"d1011bf","__dynamic__":[]}],"icon_typography_typography":"custom","icon_typography_font_family":"Cabin","icon_typography_font_size":{"unit":"px","size":15,"sizes":[]},"icon_typography_font_size_tablet":{"unit":"px","size":18,"sizes":[]},"icon_typography_font_weight":"500","ha_advanced_tooltip_content":"I am a tooltip","ha_cmc_text":"Happy Addons","_title":"services"},"elements":[],"isInner":false,"widgetType":"icon-list","elType":"widget"},{"id":"56be54f6","settings":{"content_width":"full","margin_tablet":{"unit":"px","top":"0","right":"0","bottom":"0","left":"0","isLinked":false},"padding_tablet":{"unit":"px","top":"0","right":"0","bottom":"0","left":"40","isLinked":false},"padding_mobile":{"unit":"px","top":"0","right":"0","bottom":"0","left":"30","isLinked":false},"ha_cmc_text":"Happy Addons","_title":"sub menu items"},"elements":[{"id":"73fff279","settings":{"view":"inline","icon_list":[{"text":"UX & Design","selected_icon":{"value":"","library":""},"_id":"d1011bf","__dynamic__":[],"link":{"url":"https:\/\/template1.nicolaipalmkvist.com\/design-ux\/","is_external":"","nofollow":"","custom_attributes":""}}],"icon_typography_typography":"custom","icon_typography_font_family":"Cabin","icon_typography_font_size":{"unit":"px","size":15,"sizes":[]},"icon_typography_font_size_tablet":{"unit":"px","size":16,"sizes":[]},"icon_typography_font_weight":"500","_margin_tablet":{"unit":"px","top":"0","right":"0","bottom":"0","left":"0","isLinked":false},"ha_advanced_tooltip_content":"I am a tooltip","ha_cmc_text":"Happy Addons","_title":"web design"},"elements":[],"isInner":false,"widgetType":"icon-list","elType":"widget"},{"id":"4a63f740","settings":{"view":"inline","icon_list":[{"text":"Subpage 2","selected_icon":{"value":"","library":""},"_id":"d1011bf","__dynamic__":[],"link":{"url":"https:\/\/template1.nicolaipalmkvist.com\/design-ux\/","is_external":"","nofollow":"","custom_attributes":""}}],"icon_typography_typography":"custom","icon_typography_font_family":"Cabin","icon_typography_font_size":{"unit":"px","size":15,"sizes":[]},"icon_typography_font_size_tablet":{"unit":"px","size":16,"sizes":[]},"icon_typography_font_weight":"500","_margin_tablet":{"unit":"px","top":"0","right":"0","bottom":"0","left":"0","isLinked":false},"ha_advanced_tooltip_content":"I am a tooltip","ha_cmc_text":"Happy Addons","_title":"webflow development"},"elements":[],"isInner":false,"widgetType":"icon-list","elType":"widget"},{"id":"1848c995","settings":{"view":"inline","icon_list":[{"text":"Subpage 3","selected_icon":{"value":"","library":""},"_id":"d1011bf","__dynamic__":[],"link":{"url":"https:\/\/template1.nicolaipalmkvist.com\/design-ux\/","is_external":"","nofollow":"","custom_attributes":""}}],"icon_typography_typography":"custom","icon_typography_font_family":"Cabin","icon_typography_font_size":{"unit":"px","size":15,"sizes":[]},"icon_typography_font_size_tablet":{"unit":"px","size":16,"sizes":[]},"icon_typography_font_weight":"500","_margin_tablet":{"unit":"px","top":"0","right":"0","bottom":"0","left":"0","isLinked":false},"ha_advanced_tooltip_content":"I am a tooltip","ha_cmc_text":"Happy Addons","_title":"template customization"},"elements":[],"isInner":false,"widgetType":"icon-list","elType":"widget"},{"id":"17f87466","settings":{"view":"inline","icon_list":[{"text":"Subpage 4","selected_icon":{"value":"","library":""},"_id":"d1011bf","__dynamic__":[],"link":{"url":"https:\/\/template1.nicolaipalmkvist.com\/design-ux\/","is_external":"","nofollow":"","custom_attributes":""}}],"icon_typography_typography":"custom","icon_typography_font_family":"Cabin","icon_typography_font_size":{"unit":"px","size":15,"sizes":[]},"icon_typography_font_size_tablet":{"unit":"px","size":16,"sizes":[]},"icon_typography_font_weight":"500","_margin_tablet":{"unit":"px","top":"0","right":"0","bottom":"0","left":"0","isLinked":false},"ha_advanced_tooltip_content":"I am a tooltip","ha_cmc_text":"Happy Addons","_title":"website migration"},"elements":[],"isInner":false,"widgetType":"icon-list","elType":"widget"}],"isInner":true,"elType":"container"}],"isInner":true,"elType":"container"},{"id":"4589a055","settings":{"view":"inline","icon_list":[{"text":"Projects","selected_icon":{"value":"","library":""},"_id":"d1011bf","link":{"url":"https:\/\/template1.nicolaipalmkvist.com\/projects\/","is_external":"","nofollow":"","custom_attributes":""}}],"icon_typography_typography":"custom","icon_typography_font_family":"Cabin","icon_typography_font_size":{"unit":"px","size":15,"sizes":[]},"icon_typography_font_size_tablet":{"unit":"px","size":18,"sizes":[]},"icon_typography_font_weight":"500","ha_advanced_tooltip_content":"I am a tooltip","ha_cmc_text":"Happy Addons","_title":"projects"},"elements":[],"isInner":false,"widgetType":"icon-list","elType":"widget"},{"id":"693b0f5e","settings":{"view":"inline","icon_list":[{"text":"Contact","selected_icon":{"value":"","library":""},"_id":"d1011bf","link":{"url":"https:\/\/template1.nicolaipalmkvist.com\/contact\/","is_external":"","nofollow":"","custom_attributes":""}}],"icon_typography_typography":"custom","icon_typography_font_family":"Cabin","icon_typography_font_size":{"unit":"px","size":15,"sizes":[]},"icon_typography_font_size_tablet":{"unit":"px","size":18,"sizes":[]},"icon_typography_font_weight":"500","ha_advanced_tooltip_content":"I am a tooltip","ha_cmc_text":"Happy Addons","_title":"contact"},"elements":[],"isInner":false,"widgetType":"icon-list","elType":"widget"}],"isInner":true,"elType":"container"},{"id":"3e365202","settings":{"width_tablet":{"unit":"%","size":100,"sizes":[]},"align_tablet":"center","text":"Divider","color":"#1733301A","gap_tablet":{"unit":"px","size":0,"sizes":[]},"__globals__":{"color":""},"ha_advanced_tooltip_content":"I am a tooltip","ha_cmc_text":"Happy Addons"},"elements":[],"isInner":false,"widgetType":"divider","elType":"widget"},{"id":"3c7db8be","settings":{"text":"Reach out","link":{"url":"https:\/\/template1.nicolaipalmkvist.com\/contact\/","is_external":"","nofollow":"","custom_attributes":""},"text_padding":{"unit":"px","top":"9","right":"9","bottom":"9","left":"30","isLinked":false},"selected_icon":{"value":"fas fa-chevron-right","library":"fa-solid"},"icon_align":"row-reverse","icon_indent":{"unit":"px","size":20,"sizes":[]},"_css_classes":"btn-icon","align":"justify","content_align":"space-between","_element_width":"initial","_element_custom_width":{"unit":"%","size":100,"sizes":[]},"_element_custom_width_laptop":{"unit":"%","size":100,"sizes":[]},"_element_custom_width_tablet":{"unit":"%","size":"","sizes":[]},"_element_custom_width_mobile":{"unit":"%","size":"","sizes":[]},"_element_custom_width_widescreen":{"unit":"%","size":100,"sizes":[]},"align_tablet":"justify","content_align_tablet":"space-between","typography_typography":"custom","typography_font_family":"Cabin","typography_font_size":{"unit":"px","size":19,"sizes":[]},"typography_font_size_tablet":{"unit":"px","size":19,"sizes":[]},"typography_font_size_mobile":{"unit":"px","size":15,"sizes":[]},"typography_font_weight":"500","ha_advanced_tooltip_content":"I am a tooltip","ha_cmc_text":"Happy Addons","_title":"Button"},"elements":[],"isInner":false,"widgetType":"button","elType":"widget"}],"isInner":true,"elType":"container"}],"isInner":false,"elType":"container"}],"settings":{"width":{"unit":"vw","size":100,"sizes":[]},"height_type":"fit_to_screen","entrance_animation_tablet":"slideInDown","exit_animation_tablet":"slideInDown","width_widescreen":{"unit":"vw","size":"","sizes":[]},"width_laptop":{"unit":"vw","size":"","sizes":[]},"width_tablet":{"unit":"vw","size":"","sizes":[]},"width_mobile":{"unit":"vw","size":"","sizes":[]},"entrance_animation":"slideInDown","exit_animation":"slideInDown","entrance_animation_duration":{"unit":"px","size":0.5,"sizes":[]},"background_background":"classic","background_color":"#02010100","box_shadow_box_shadow_type":"","horizontal_position_tablet":"center","vertical_position_tablet":"top","close_button_vertical_tablet":{"unit":"px","size":30,"sizes":[]},"close_button_vertical_mobile":{"unit":"px","size":"","sizes":[]},"close_button_horizontal_tablet":{"unit":"px","size":25,"sizes":[]},"close_button_horizontal_mobile":{"unit":"px","size":"","sizes":[]},"icon_size_tablet":{"unit":"px","size":25,"sizes":[]},"ha_grid_zindex":"1000"},"metadata":[],"display_settings":{"triggers":[],"timing":[]}}