{"content":[{"id":"678f90f8","settings":{"flex_direction":"column","flex_justify_content":"center","flex_align_items":"center","background_background":"classic","background_image":{"url":"https:\/\/template1.nicolaipalmkvist.com\/wp-content\/uploads\/2025\/03\/background-blue-1.png","id":1575,"size":"","alt":"","source":"library"},"background_position":"initial","background_xpos":{"unit":"%","size":50,"sizes":[]},"background_xpos_widescreen":{"unit":"%","size":"","sizes":[]},"background_xpos_laptop":{"unit":"%","size":"","sizes":[]},"background_xpos_tablet":{"unit":"%","size":0,"sizes":[]},"background_xpos_mobile":{"unit":"%","size":69,"sizes":[]},"background_ypos":{"unit":"%","size":"","sizes":[]},"background_ypos_widescreen":{"unit":"%","size":"","sizes":[]},"background_ypos_laptop":{"unit":"%","size":"","sizes":[]},"background_ypos_tablet":{"unit":"%","size":0,"sizes":[]},"background_ypos_mobile":{"unit":"%","size":0,"sizes":[]},"background_repeat":"no-repeat","background_size":"cover","margin":{"unit":"px","top":"0","right":"0","bottom":"0","left":"0","isLinked":false},"padding":{"unit":"px","top":"100","right":"0","bottom":"100","left":"0","isLinked":false},"padding_laptop":{"unit":"px","top":"60","right":"0","bottom":"60","left":"0","isLinked":false},"ha_cmc_text":"Happy Addons","_title":"Clients review section","background_overlay_background":"classic","__globals__":{"background_overlay_color":"globals\/colors?id=primary"},"width":{"unit":"%","size":1200,"sizes":[]},"boxed_width":{"unit":"px","size":1200,"sizes":[]},"padding_mobile":{"unit":"px","top":"60","right":"20","bottom":"100","left":"20","isLinked":false}},"elements":[{"id":"51ff35cb","settings":{"content_width":"full","width":{"unit":"%","size":100,"sizes":[]},"width_tablet":{"unit":"%","size":85,"sizes":[]},"width_mobile":{"unit":"%","size":93,"sizes":[]},"min_height":{"unit":"px","size":350,"sizes":[]},"min_height_laptop":{"unit":"px","size":360,"sizes":[]},"min_height_tablet":{"unit":"px","size":345,"sizes":[]},"min_height_mobile":{"unit":"px","size":570,"sizes":[]},"flex_direction":"row","flex_justify_content":"space-between","flex_justify_content_mobile":"space-between","flex_align_items":"stretch","flex_align_items_mobile":"stretch","flex_gap_mobile":{"column":"0","row":"0","isLinked":true,"unit":"px","size":0},"margin":{"unit":"px","top":"0","right":"0","bottom":"0","left":"0","isLinked":false},"padding":{"unit":"px","top":"0","right":"0","bottom":"0","left":"0","isLinked":false},"ha_cmc_text":"Happy Addons","_title":"row","width_laptop":{"unit":"%","size":85,"sizes":[]}},"elements":[{"id":"452202dd","settings":{"content_width":"full","flex_justify_content":"space-between","flex_justify_content_mobile":"flex-start","flex_gap_mobile":{"column":"34","row":"34","isLinked":true,"unit":"px","size":34},"margin":{"unit":"px","top":"0","right":"0","bottom":"0","left":"0","isLinked":true},"padding":{"unit":"px","top":"0","right":"0","bottom":"0","left":"0","isLinked":false},"ha_cmc_text":"Happy Addons","_title":"col"},"elements":[{"id":"6f7c5462","settings":{"title":"What Our Clients Have to Say About Us","_margin":{"unit":"px","top":"-10","right":"0","bottom":"-5","left":"0","isLinked":false},"_padding":{"unit":"px","top":"0","right":"0","bottom":"0","left":"0","isLinked":false},"align_mobile":"left","typography_typography":"custom","typography_font_family":"Cabin","typography_font_size_laptop":{"unit":"px","size":48,"sizes":[]},"typography_font_size_tablet":{"unit":"px","size":40,"sizes":[]},"typography_font_size_mobile":{"unit":"px","size":34,"sizes":[]},"typography_font_weight":"600","title_color":"#FFFFFF","_margin_mobile":{"unit":"px","top":"-10","right":"0","bottom":"-8","left":"0","isLinked":false},"_element_width":"initial","_element_width_widescreen":"initial","_element_custom_width":{"unit":"%","size":81,"sizes":[]},"_element_custom_width_widescreen":{"unit":"%","size":45,"sizes":[]},"_element_custom_width_laptop":{"unit":"%","size":84,"sizes":[]},"_element_custom_width_tablet":{"unit":"%","size":100,"sizes":[]},"_element_custom_width_mobile":{"unit":"%","size":100,"sizes":[]},"ha_advanced_tooltip_content":"I am a tooltip","ha_cmc_text":"Happy Addons","typography_font_size":{"unit":"px","size":50,"sizes":[]}},"elements":[],"isInner":false,"widgetType":"heading","elType":"widget"},{"id":"267f3b2a","settings":{"text":"Let's talk now","link":{"url":"https:\/\/template1.nicolaipalmkvist.com\/contact\/","is_external":"","nofollow":"","custom_attributes":""},"text_padding":{"unit":"px","top":"9","right":"9","bottom":"9","left":"30","isLinked":false},"selected_icon":{"value":"fas fa-chevron-right","library":"fa-solid"},"icon_align":"row-reverse","icon_indent":{"unit":"px","size":20,"sizes":[]},"_css_classes":"btn-icong","align":"left","content_align":"center","_element_width":"initial","_element_custom_width":{"unit":"%","size":55,"sizes":[]},"_element_custom_width_laptop":{"unit":"%","size":100,"sizes":[]},"_element_custom_width_tablet":{"unit":"%","size":"","sizes":[]},"_element_custom_width_mobile":{"unit":"%","size":"","sizes":[]},"_element_custom_width_widescreen":{"unit":"%","size":30,"sizes":[]},"button_text_color":"#173330","background_color":"#FFFFFF","hover_color":"#17333099","__globals__":{"button_text_color":"globals\/colors?id=primary","hover_color":""},"ha_advanced_tooltip_content":"I am a tooltip","ha_cmc_text":"Happy Addons","__dynamic__":{"link":"[elementor-tag id=\"26345a7\" name=\"internal-url\" settings=\"%7B%22type%22%3A%22post%22%2C%22post_id%22%3A%2231%22%7D\"]"}},"elements":[],"isInner":false,"widgetType":"button","elType":"widget"}],"isInner":true,"elType":"container"},{"id":"314b7e8f","settings":{"content_width":"full","margin":{"unit":"px","top":"0","right":"0","bottom":"0","left":"0","isLinked":false},"margin_mobile":{"unit":"px","top":"0","right":"0","bottom":"0","left":"0","isLinked":false},"padding":{"unit":"px","top":"0","right":"0","bottom":"0","left":"0","isLinked":false},"padding_mobile":{"unit":"px","top":"25","right":"0","bottom":"0","left":"0","isLinked":false},"ha_cmc_text":"Happy Addons","_title":"col"},"elements":[{"id":"31fd2b10","settings":{"carousel_name":"Carousel","carousel_items":[{"slide_title":"Slide #1","_id":"1c15e76"},{"slide_title":"Slide #2","_id":"870ff6a"}],"slides_to_show":"1","slides_to_show_tablet":"1","autoplay":"","pause_on_hover":"","pause_on_interaction":"","navigation_previous_icon":{"value":"fas fa-angle-left","library":"fa-solid"},"navigation_previous_icon_horizontal_position":{"unit":"%","size":0,"sizes":[]},"navigation_previous_icon_horizontal_position_widescreen":{"unit":"%","size":"","sizes":[]},"navigation_previous_icon_horizontal_position_laptop":{"unit":"%","size":"","sizes":[]},"navigation_previous_icon_horizontal_position_tablet":{"unit":"%","size":"","sizes":[]},"navigation_previous_icon_horizontal_position_mobile":{"unit":"%","size":"","sizes":[]},"navigation_previous_icon_vertical_position":{"unit":"%","size":65,"sizes":[]},"navigation_previous_icon_vertical_position_widescreen":{"unit":"%","size":"","sizes":[]},"navigation_previous_icon_vertical_position_laptop":{"unit":"%","size":"","sizes":[]},"navigation_previous_icon_vertical_position_tablet":{"unit":"%","size":"","sizes":[]},"navigation_previous_icon_vertical_position_mobile":{"unit":"%","size":"","sizes":[]},"navigation_next_icon":{"value":"fas fa-angle-right","library":"fa-solid"},"navigation_next_icon_horizontal_orientation":"start","navigation_next_icon_horizontal_position":{"unit":"%","size":-8,"sizes":[]},"navigation_next_icon_horizontal_position_widescreen":{"unit":"%","size":-5,"sizes":[]},"navigation_next_icon_horizontal_position_laptop":{"unit":"%","size":-12,"sizes":[]},"navigation_next_icon_horizontal_position_tablet":{"unit":"%","size":-14,"sizes":[]},"navigation_next_icon_horizontal_position_mobile":{"unit":"%","size":"","sizes":[]},"navigation_next_icon_vertical_position":{"unit":"%","size":65,"sizes":[]},"navigation_next_icon_vertical_position_widescreen":{"unit":"%","size":"","sizes":[]},"navigation_next_icon_vertical_position_laptop":{"unit":"%","size":"","sizes":[]},"navigation_next_icon_vertical_position_tablet":{"unit":"%","size":"","sizes":[]},"navigation_next_icon_vertical_position_mobile":{"unit":"%","size":"","sizes":[]},"pagination":"","arrows_size":{"unit":"px","size":20,"sizes":[]},"arrow_normal_color":"#FFFFFF","arrows_normal_background_background":"classic","arrows_border_radius":{"unit":"px","top":"7","right":"7","bottom":"7","left":"7","isLinked":true},"arrows_padding":{"unit":"px","top":"10","right":"10","bottom":"10","left":"10","isLinked":true},"_margin":{"unit":"px","top":"0","right":"0","bottom":"0","left":"0","isLinked":false},"_padding":{"unit":"px","top":"0","right":"0","bottom":"0","left":"0","isLinked":false},"ha_advanced_tooltip_content":"I am a tooltip","ha_cmc_text":"Happy Addons","__globals__":{"arrow_normal_color":""}},"elements":[{"id":"23f6ed09","settings":{"_title":"Slide #1","flex_justify_content":"center","margin":{"unit":"px","top":"0","right":"0","bottom":"0","left":"0","isLinked":false},"padding":{"unit":"px","top":"0","right":"0","bottom":"0","left":"0","isLinked":false},"ha_cmc_text":"Happy Addons"},"elements":[{"id":"7a2bf9f3","settings":{"flex_direction":"column","content_width":"full","margin":{"unit":"px","top":"0","right":"0","bottom":"0","left":"0","isLinked":true},"padding":{"unit":"px","top":"0","right":"0","bottom":"10","left":"0","isLinked":false},"ha_cmc_text":"Happy Addons","_title":"Container"},"elements":[{"id":"48af220a","settings":{"image":{"url":"https:\/\/template1.nicolaipalmkvist.com\/wp-content\/uploads\/2025\/03\/Youtube-post-community-25-e1742119071253.png","id":1816,"size":"","alt":"","source":"library"},"image_size":"full","align":"left","width":{"unit":"%","size":27,"sizes":[]},"width_widescreen":{"unit":"%","size":24,"sizes":[]},"width_mobile":{"unit":"%","size":40,"sizes":[]},"css_filters_brightness":{"unit":"px","size":0,"sizes":[]},"css_filters_contrast":{"unit":"px","size":0,"sizes":[]},"css_filters_saturate":{"unit":"px","size":0,"sizes":[]},"_margin":{"unit":"px","top":"0","right":"0","bottom":"0","left":"0","isLinked":false},"_padding":{"unit":"px","top":"0","right":"0","bottom":"0","left":"0","isLinked":false},"_element_width":"initial","_element_custom_width":{"unit":"%","size":100,"sizes":[]},"ha_advanced_tooltip_content":"I am a tooltip","ha_cmc_text":"Happy Addons"},"elements":[],"isInner":false,"widgetType":"image","elType":"widget"},{"id":"6242c85d","settings":{"editor":"<p>\"Agenzi has been an invaluable partner for years. Their dedication to quality and attention to detail make them my go-to choice for any future projects. If you're looking for a studio that truly values their work, I highly recommend them\"<\/p>","text_color":"#FFFFFF","typography_typography":"custom","typography_font_family":"Cabin","typography_font_size":{"unit":"px","size":27,"sizes":[]},"typography_font_size_laptop":{"unit":"px","size":24,"sizes":[]},"typography_font_size_tablet":{"unit":"px","size":20,"sizes":[]},"typography_font_weight":"400","typography_line_height":{"unit":"em","size":1.2,"sizes":[]},"typography_line_height_widescreen":{"unit":"em","size":"","sizes":[]},"typography_line_height_laptop":{"unit":"em","size":"","sizes":[]},"_margin":{"unit":"px","top":"10","right":"0","bottom":"10","left":"0","isLinked":false},"_padding":{"unit":"px","top":"0","right":"0","bottom":"0","left":"0","isLinked":false},"_element_width_widescreen":"initial","_element_custom_width_widescreen":{"unit":"%","size":85,"sizes":[]},"ha_advanced_tooltip_content":"I am a tooltip","ha_cmc_text":"Happy Addons"},"elements":[],"isInner":false,"widgetType":"text-editor","elType":"widget"},{"id":"79353d12","settings":{"testimonial_content":"","testimonial_image":{"url":"https:\/\/template1.nicolaipalmkvist.com\/wp-content\/uploads\/2025\/03\/Man2.webp","id":1817,"size":"","alt":"","source":"library"},"testimonial_name":"Thomas Clarckson","testimonial_job":"CEO, N\u00fcmph","content_content_color":"#FFFFFF","name_text_color":"#FFFFFF","job_text_color":"#FFFFFF","testimonial_alignment":"left"},"elements":[],"isInner":false,"widgetType":"testimonial","elType":"widget"}],"isInner":true,"elType":"container"}],"isInner":true,"elType":"container","isLocked":true},{"id":"1878372c","settings":{"_title":"Slide #2","margin":{"unit":"px","top":"0","right":"0","bottom":"0","left":"0","isLinked":false},"margin_mobile":{"unit":"px","top":"0","right":"0","bottom":"0","left":"0","isLinked":false},"padding":{"unit":"px","top":"0","right":"0","bottom":"0","left":"0","isLinked":false},"padding_mobile":{"unit":"px","top":"0","right":"0","bottom":"0","left":"0","isLinked":false},"ha_cmc_text":"Happy Addons"},"elements":[{"id":"73bfa27","settings":{"flex_direction":"column","content_width":"full","margin":{"unit":"px","top":"0","right":"0","bottom":"0","left":"0","isLinked":true},"padding":{"unit":"px","top":"0","right":"0","bottom":"10","left":"0","isLinked":false},"ha_cmc_text":"Happy Addons","_title":"Container"},"elements":[{"id":"419342b","settings":{"image":{"url":"https:\/\/template1.nicolaipalmkvist.com\/wp-content\/uploads\/2025\/03\/logo122-e1742131347894.png","id":1865,"size":"","alt":"","source":"library"},"image_size":"full","align":"left","width":{"unit":"%","size":21,"sizes":[]},"width_widescreen":{"unit":"%","size":24,"sizes":[]},"width_mobile":{"unit":"%","size":40,"sizes":[]},"css_filters_brightness":{"unit":"px","size":0,"sizes":[]},"css_filters_contrast":{"unit":"px","size":0,"sizes":[]},"css_filters_saturate":{"unit":"px","size":0,"sizes":[]},"_margin":{"unit":"px","top":"0","right":"0","bottom":"-16","left":"0","isLinked":false},"_padding":{"unit":"px","top":"0","right":"0","bottom":"0","left":"0","isLinked":false},"_element_width":"initial","_element_custom_width":{"unit":"%","size":100,"sizes":[]},"ha_advanced_tooltip_content":"I am a tooltip","ha_cmc_text":"Happy Addons"},"elements":[],"isInner":false,"widgetType":"image","elType":"widget"},{"id":"343781bf","settings":{"editor":"<p>\"Agenzi is, without a doubt, the go-to expert in branding. We've been working with them for over a year now, and their strategic approach has completely transformed how we present our brand.\"<\/p>","text_color":"#FFFFFF","typography_typography":"custom","typography_font_family":"Cabin","typography_font_size":{"unit":"px","size":27,"sizes":[]},"typography_font_size_laptop":{"unit":"px","size":24,"sizes":[]},"typography_font_size_tablet":{"unit":"px","size":20,"sizes":[]},"typography_font_weight":"400","typography_line_height":{"unit":"em","size":1.2,"sizes":[]},"typography_line_height_widescreen":{"unit":"em","size":"","sizes":[]},"typography_line_height_laptop":{"unit":"em","size":"","sizes":[]},"_margin":{"unit":"px","top":"10","right":"0","bottom":"10","left":"0","isLinked":false},"_padding":{"unit":"px","top":"0","right":"0","bottom":"0","left":"0","isLinked":false},"_element_width_widescreen":"initial","_element_custom_width_widescreen":{"unit":"%","size":85,"sizes":[]},"ha_advanced_tooltip_content":"I am a tooltip","ha_cmc_text":"Happy Addons"},"elements":[],"isInner":false,"widgetType":"text-editor","elType":"widget"},{"id":"6b7b717c","settings":{"testimonial_content":"","testimonial_image":{"url":"https:\/\/template1.nicolaipalmkvist.com\/wp-content\/uploads\/2025\/03\/11.png","id":1625,"size":"","alt":"","source":"library"},"testimonial_name":"Louie Henrikson","testimonial_job":"Owener, Arturel","content_content_color":"#FFFFFF","name_text_color":"#FFFFFF","job_text_color":"#FFFFFF","testimonial_alignment":"left"},"elements":[],"isInner":false,"widgetType":"testimonial","elType":"widget"}],"isInner":true,"elType":"container"}],"isInner":true,"elType":"container","isLocked":true}],"isInner":false,"widgetType":"nested-carousel","elType":"widget"}],"isInner":true,"elType":"container"}],"isInner":true,"elType":"container"}],"isInner":false,"elType":"container"}],"settings":{"ha_grid_zindex":"1000"},"metadata":[]}