{"content":[{"id":"250af654","settings":{"flex_direction":"column","content_width":"full","width":{"unit":"%","size":100,"sizes":[]},"flex_justify_content":"center","flex_align_items":"center","flex_gap":{"column":"0","row":"0","isLinked":true,"unit":"px","size":0},"background_background":"classic","margin":{"unit":"%","top":"0","right":"0","bottom":"0","left":"-0.6","isLinked":false},"margin_widescreen":{"unit":"%","top":"","right":"","bottom":"","left":"","isLinked":true},"margin_laptop":{"unit":"%","top":"","right":"","bottom":"","left":"","isLinked":true},"margin_tablet":{"unit":"%","top":"","right":"","bottom":"","left":"","isLinked":true},"margin_mobile":{"unit":"%","top":"","right":"","bottom":"","left":"","isLinked":true},"padding":{"unit":"px","top":"0","right":"0","bottom":"0","left":"0","isLinked":false},"ha_cmc_text":"Happy Addons","_title":"sub menu main section"},"elements":[{"id":"b1b0b28","settings":{"content_width":"full","width":{"unit":"%","size":97,"sizes":[]},"width_mobile":{"unit":"%","size":93,"sizes":[]},"flex_direction":"column","flex_gap":{"column":"","row":"","isLinked":true,"unit":"px","size":null},"flex_gap_mobile":{"column":"24","row":"24","isLinked":true,"unit":"px","size":24},"background_background":"classic","background_color":"#FFFFFF","border_radius":{"unit":"px","top":"9","right":"9","bottom":"0","left":"0","isLinked":false},"margin":{"unit":"%","top":"0","right":"0","bottom":"0","left":"0","isLinked":false},"margin_widescreen":{"unit":"%","top":"","right":"","bottom":"","left":"","isLinked":true},"margin_laptop":{"unit":"%","top":"","right":"","bottom":"","left":"","isLinked":true},"margin_tablet":{"unit":"%","top":"","right":"","bottom":"","left":"","isLinked":true},"margin_mobile":{"unit":"%","top":"","right":"","bottom":"","left":"","isLinked":true},"padding":{"unit":"px","top":"25","right":"34","bottom":"30","left":"34","isLinked":false},"padding_tablet":{"unit":"px","top":"10","right":"25","bottom":"30","left":"25","isLinked":false},"padding_mobile":{"unit":"px","top":"30","right":"10","bottom":"30","left":"10","isLinked":false},"ha_cmc_text":"Happy Addons","_title":"row"},"elements":[{"id":"5325b930","settings":{"content_width":"full","flex_direction":"row","flex_justify_content":"space-between","flex_justify_content_tablet":"space-between","flex_align_items":"center","flex_wrap_mobile":"nowrap","margin":{"unit":"px","top":"0","right":"0","bottom":"0","left":"0","isLinked":false},"padding":{"unit":"px","top":"0","right":"0","bottom":"0","left":"0","isLinked":false},"ha_cmc_text":"Happy Addons","_title":"web design"},"elements":[{"id":"4dcbc13b","settings":{"content_width":"full","width_mobile":{"unit":"%","size":75,"sizes":[]},"flex_direction":"row","flex_direction_mobile":"column","flex_justify_content":"flex-start","flex_align_items":"flex-end","flex_align_items_mobile":"flex-start","flex_gap":{"column":"15","row":"15","isLinked":true,"unit":"px","size":15},"flex_gap_mobile":{"column":"10","row":"10","isLinked":true,"unit":"px","size":10},"margin":{"unit":"px","top":"0","right":"0","bottom":"0","left":"0","isLinked":false},"padding":{"unit":"px","top":"0","right":"0","bottom":"0","left":"0","isLinked":false},"ha_cmc_text":"Happy Addons","_title":"service title"},"elements":[{"id":"5bb59696","settings":{"title":"Design & UX","header_size":"div","typography_typography":"custom","typography_font_family":"Cabin","typography_font_size":{"unit":"px","size":27,"sizes":[]},"typography_font_size_tablet":{"unit":"px","size":25,"sizes":[]},"typography_font_size_mobile":{"unit":"px","size":22,"sizes":[]},"typography_font_weight":"500","typography_line_height_mobile":{"unit":"em","size":1.2,"sizes":[]},"ha_advanced_tooltip_content":"I am a tooltip","ha_cmc_text":"Happy Addons","title_hover_color":"#DAF42F","__globals__":{"title_hover_color":""},"title_color":"#173330","__dynamic__":{"link":"[elementor-tag id=\"b2d07c6\" name=\"internal-url\" settings=\"%7B%22type%22%3A%22post%22%2C%22post_id%22%3A%22759%22%7D\"]"}},"elements":[],"isInner":false,"widgetType":"heading","elType":"widget"},{"id":"21211919","settings":{"title":"(01)","header_size":"span","typography_typography":"custom","typography_font_family":"Cabin","typography_font_size":{"unit":"px","size":14,"sizes":[]},"typography_font_weight":"500","title_color":"#173330CC","_margin":{"unit":"px","top":"-4","right":"0","bottom":"-4","left":"0","isLinked":false},"_padding":{"unit":"px","top":"0","right":"0","bottom":"0","left":"0","isLinked":false},"ha_advanced_tooltip_content":"I am a tooltip","ha_cmc_text":"Happy Addons","__globals__":{"title_color":""},"link":{"url":"https:\/\/template1.nicolaipalmkvist.com\/design-ux\/","is_external":"","nofollow":"","custom_attributes":""}},"elements":[],"isInner":false,"widgetType":"heading","elType":"widget"}],"isInner":true,"elType":"container"},{"id":"e23a44","settings":{"content_width":"full","width_mobile":{"unit":"%","size":15,"sizes":[]},"flex_direction":"row","flex_justify_content":"flex-end","flex_gap":{"column":"15","row":"15","isLinked":true,"unit":"px","size":15},"margin":{"unit":"px","top":"0","right":"0","bottom":"0","left":"0","isLinked":false},"padding":{"unit":"px","top":"0","right":"0","bottom":"0","left":"0","isLinked":false},"ha_cmc_text":"Happy Addons","_title":"button icon"},"elements":[{"id":"47c422bb","settings":{"selected_icon":{"value":"lnr lnr-arrow-right","library":"skb_cife-linearicons-icon"},"view":"framed","shape":"square","primary_color":"#FFFFFF","size":{"unit":"px","size":20,"sizes":[]},"border_radius":{"unit":"px","top":"50","right":"50","bottom":"50","left":"50","isLinked":true},"_padding":{"unit":"px","top":"0","right":"0","bottom":"0","left":"0","isLinked":false},"_element_custom_width":{"unit":"px","size":"","sizes":[]},"_css_classes":"arrow-green-btn","ha_advanced_tooltip_content":"I am a tooltip","ha_cmc_text":"Happy Addons","__globals__":{"primary_color":"","secondary_color":""},"border_width":{"unit":"px","top":"0","right":"0","bottom":"0","left":"0","isLinked":false},"secondary_color":"#173330","__dynamic__":{"link":"[elementor-tag id=\"15c4e33\" name=\"internal-url\" settings=\"%7B%22type%22%3A%22post%22%2C%22post_id%22%3A%22759%22%7D\"]"}},"elements":[],"isInner":false,"widgetType":"icon","elType":"widget"}],"isInner":true,"elType":"container"}],"isInner":true,"elType":"container"},{"id":"2066ac9a","settings":{"content_width":"full","flex_direction":"row","flex_justify_content":"space-between","flex_align_items":"center","flex_wrap_mobile":"nowrap","margin":{"unit":"px","top":"0","right":"0","bottom":"0","left":"0","isLinked":false},"padding":{"unit":"px","top":"0","right":"0","bottom":"0","left":"0","isLinked":false},"ha_cmc_text":"Happy Addons","_title":"webflow development"},"elements":[{"id":"6c2fabec","settings":{"content_width":"full","width_mobile":{"unit":"%","size":75,"sizes":[]},"flex_direction":"row","flex_justify_content":"flex-start","flex_align_items":"flex-end","flex_gap":{"column":"15","row":"15","isLinked":true,"unit":"px","size":15},"flex_gap_mobile":{"column":"10","row":"10","isLinked":true,"unit":"px","size":10},"flex_wrap_mobile":"wrap","margin":{"unit":"px","top":"0","right":"0","bottom":"0","left":"0","isLinked":false},"padding":{"unit":"px","top":"0","right":"0","bottom":"0","left":"0","isLinked":false},"ha_cmc_text":"Happy Addons","_title":"service title"},"elements":[{"id":"ed73514","settings":{"title":"Digital marketing\n","header_size":"div","typography_typography":"custom","typography_font_family":"Cabin","typography_font_size":{"unit":"px","size":27,"sizes":[]},"typography_font_size_tablet":{"unit":"px","size":25,"sizes":[]},"typography_font_size_mobile":{"unit":"px","size":22,"sizes":[]},"typography_font_weight":"500","typography_line_height_mobile":{"unit":"em","size":1.2,"sizes":[]},"ha_advanced_tooltip_content":"I am a tooltip","ha_cmc_text":"Happy Addons","title_hover_color":"#DAF42F","__globals__":{"title_hover_color":""},"title_color":"#173330","__dynamic__":{"link":"[elementor-tag id=\"3c1ed83\" name=\"internal-url\" settings=\"%7B%22type%22%3A%22post%22%2C%22post_id%22%3A%22759%22%7D\"]"}},"elements":[],"isInner":false,"widgetType":"heading","elType":"widget"},{"id":"1d6e3ccd","settings":{"title":"(02)","header_size":"span","typography_typography":"custom","typography_font_family":"Cabin","typography_font_size":{"unit":"px","size":14,"sizes":[]},"typography_font_weight":"500","title_color":"#173330CC","_margin":{"unit":"px","top":"-4","right":"0","bottom":"-4","left":"0","isLinked":false},"_padding":{"unit":"px","top":"0","right":"0","bottom":"0","left":"0","isLinked":false},"ha_advanced_tooltip_content":"I am a tooltip","ha_cmc_text":"Happy Addons","__globals__":{"title_color":""},"link":{"url":"https:\/\/template1.nicolaipalmkvist.com\/design-ux\/","is_external":"","nofollow":"","custom_attributes":""}},"elements":[],"isInner":false,"widgetType":"heading","elType":"widget"}],"isInner":true,"elType":"container"},{"id":"62b4c89f","settings":{"content_width":"full","width_mobile":{"unit":"%","size":15,"sizes":[]},"flex_direction":"row","flex_justify_content":"flex-end","flex_align_items":"center","flex_gap":{"column":"15","row":"15","isLinked":true,"unit":"px","size":15},"margin":{"unit":"px","top":"0","right":"0","bottom":"0","left":"0","isLinked":false},"padding":{"unit":"px","top":"0","right":"0","bottom":"0","left":"0","isLinked":false},"ha_cmc_text":"Happy Addons","_title":"button icon"},"elements":[{"id":"633c17c","settings":{"selected_icon":{"value":"lnr lnr-arrow-right","library":"skb_cife-linearicons-icon"},"view":"framed","shape":"square","primary_color":"#FFFFFF","size":{"unit":"px","size":20,"sizes":[]},"border_radius":{"unit":"px","top":"50","right":"50","bottom":"50","left":"50","isLinked":true},"_padding":{"unit":"px","top":"0","right":"0","bottom":"0","left":"0","isLinked":false},"_element_custom_width":{"unit":"px","size":"","sizes":[]},"_css_classes":"arrow-green-btn","ha_advanced_tooltip_content":"I am a tooltip","ha_cmc_text":"Happy Addons","__globals__":{"primary_color":"","secondary_color":""},"border_width":{"unit":"px","top":"0","right":"0","bottom":"0","left":"0","isLinked":false},"secondary_color":"#173330","__dynamic__":{"link":"[elementor-tag id=\"0650e24\" name=\"internal-url\" settings=\"%7B%22type%22%3A%22post%22%2C%22post_id%22%3A%22759%22%7D\"]"}},"elements":[],"isInner":false,"widgetType":"icon","elType":"widget"}],"isInner":true,"elType":"container"}],"isInner":true,"elType":"container"},{"id":"5752cdea","settings":{"content_width":"full","flex_direction":"row","flex_justify_content":"space-between","flex_align_items":"center","flex_wrap_mobile":"nowrap","margin":{"unit":"px","top":"0","right":"0","bottom":"0","left":"0","isLinked":false},"padding":{"unit":"px","top":"0","right":"0","bottom":"0","left":"0","isLinked":false},"ha_cmc_text":"Happy Addons","_title":"template customization"},"elements":[{"id":"1d28bb0c","settings":{"content_width":"full","width_mobile":{"unit":"%","size":75,"sizes":[]},"flex_direction":"row","flex_justify_content":"flex-start","flex_justify_content_mobile":"flex-start","flex_align_items":"flex-end","flex_align_items_mobile":"flex-end","flex_gap":{"column":"15","row":"15","isLinked":true,"unit":"px","size":15},"flex_gap_mobile":{"column":"10","row":"10","isLinked":true,"unit":"px","size":10},"flex_wrap_mobile":"wrap","margin":{"unit":"px","top":"0","right":"0","bottom":"0","left":"0","isLinked":false},"padding":{"unit":"px","top":"0","right":"0","bottom":"0","left":"0","isLinked":false},"ha_cmc_text":"Happy Addons","_title":"service title"},"elements":[{"id":"4710e166","settings":{"title":"Branding\n","header_size":"div","typography_typography":"custom","typography_font_family":"Cabin","typography_font_size":{"unit":"px","size":27,"sizes":[]},"typography_font_size_tablet":{"unit":"px","size":25,"sizes":[]},"typography_font_size_mobile":{"unit":"px","size":22,"sizes":[]},"typography_font_weight":"500","typography_line_height_mobile":{"unit":"em","size":1.2,"sizes":[]},"ha_advanced_tooltip_content":"I am a tooltip","ha_cmc_text":"Happy Addons","title_hover_color":"#DAF42F","__globals__":{"title_hover_color":""},"title_color":"#173330","__dynamic__":{"link":"[elementor-tag id=\"4df21a4\" name=\"internal-url\" settings=\"%7B%22type%22%3A%22post%22%2C%22post_id%22%3A%22759%22%7D\"]"}},"elements":[],"isInner":false,"widgetType":"heading","elType":"widget"},{"id":"23dc8b9f","settings":{"title":"(03)","header_size":"span","typography_typography":"custom","typography_font_family":"Cabin","typography_font_size":{"unit":"px","size":14,"sizes":[]},"typography_font_weight":"500","title_color":"#173330CC","_margin":{"unit":"px","top":"-4","right":"0","bottom":"-4","left":"0","isLinked":false},"_padding":{"unit":"px","top":"0","right":"0","bottom":"0","left":"0","isLinked":false},"ha_advanced_tooltip_content":"I am a tooltip","ha_cmc_text":"Happy Addons","__globals__":{"title_color":""},"link":{"url":"https:\/\/template1.nicolaipalmkvist.com\/design-ux\/","is_external":"","nofollow":"","custom_attributes":""}},"elements":[],"isInner":false,"widgetType":"heading","elType":"widget"}],"isInner":true,"elType":"container"},{"id":"5b9b736c","settings":{"content_width":"full","width_mobile":{"unit":"%","size":15,"sizes":[]},"flex_direction":"row","flex_justify_content":"flex-end","flex_align_items":"center","flex_gap":{"column":"15","row":"15","isLinked":true,"unit":"px","size":15},"margin":{"unit":"px","top":"0","right":"0","bottom":"0","left":"0","isLinked":false},"padding":{"unit":"px","top":"0","right":"0","bottom":"0","left":"0","isLinked":false},"ha_cmc_text":"Happy Addons","_title":"button icon"},"elements":[{"id":"767f000d","settings":{"selected_icon":{"value":"lnr lnr-arrow-right","library":"skb_cife-linearicons-icon"},"view":"framed","shape":"square","primary_color":"#FFFFFF","size":{"unit":"px","size":20,"sizes":[]},"border_radius":{"unit":"px","top":"50","right":"50","bottom":"50","left":"50","isLinked":true},"_padding":{"unit":"px","top":"0","right":"0","bottom":"0","left":"0","isLinked":false},"_element_custom_width":{"unit":"px","size":"","sizes":[]},"_css_classes":"arrow-green-btn","ha_advanced_tooltip_content":"I am a tooltip","ha_cmc_text":"Happy Addons","__globals__":{"primary_color":"","secondary_color":""},"border_width":{"unit":"px","top":"0","right":"0","bottom":"0","left":"0","isLinked":false},"secondary_color":"#173330","__dynamic__":{"link":"[elementor-tag id=\"b9eae4c\" name=\"internal-url\" settings=\"%7B%22type%22%3A%22post%22%2C%22post_id%22%3A%22759%22%7D\"]"}},"elements":[],"isInner":false,"widgetType":"icon","elType":"widget"}],"isInner":true,"elType":"container"}],"isInner":true,"elType":"container"},{"id":"1b6b9827","settings":{"content_width":"full","flex_direction":"row","flex_justify_content":"space-between","flex_align_items":"center","flex_wrap_mobile":"nowrap","margin":{"unit":"px","top":"0","right":"0","bottom":"0","left":"0","isLinked":false},"padding":{"unit":"px","top":"0","right":"0","bottom":"0","left":"0","isLinked":false},"ha_cmc_text":"Happy Addons","_title":"website migration"},"elements":[{"id":"26ec34e7","settings":{"content_width":"full","width_mobile":{"unit":"%","size":75,"sizes":[]},"flex_direction":"row","flex_justify_content":"flex-start","flex_align_items":"flex-end","flex_gap":{"column":"15","row":"15","isLinked":true,"unit":"px","size":15},"flex_gap_mobile":{"column":"10","row":"10","isLinked":true,"unit":"px","size":10},"flex_wrap_mobile":"wrap","margin":{"unit":"px","top":"0","right":"0","bottom":"0","left":"0","isLinked":false},"padding":{"unit":"px","top":"0","right":"0","bottom":"0","left":"0","isLinked":false},"ha_cmc_text":"Happy Addons","_title":"service title"},"elements":[{"id":"616f351e","settings":{"title":"Apps","header_size":"div","typography_typography":"custom","typography_font_family":"Cabin","typography_font_size":{"unit":"px","size":27,"sizes":[]},"typography_font_size_tablet":{"unit":"px","size":25,"sizes":[]},"typography_font_size_mobile":{"unit":"px","size":22,"sizes":[]},"typography_font_weight":"500","typography_line_height_mobile":{"unit":"em","size":1.2,"sizes":[]},"ha_advanced_tooltip_content":"I am a tooltip","ha_cmc_text":"Happy Addons","title_hover_color":"#DAF42F","__globals__":{"title_hover_color":""},"title_color":"#173330","__dynamic__":{"link":"[elementor-tag id=\"e9b5cb1\" name=\"internal-url\" settings=\"%7B%22type%22%3A%22post%22%2C%22post_id%22%3A%22759%22%7D\"]"}},"elements":[],"isInner":false,"widgetType":"heading","elType":"widget"},{"id":"37a1bed8","settings":{"title":"(04)","header_size":"span","typography_typography":"custom","typography_font_family":"Cabin","typography_font_size":{"unit":"px","size":14,"sizes":[]},"typography_font_weight":"500","title_color":"#173330CC","_margin":{"unit":"px","top":"-4","right":"0","bottom":"-4","left":"0","isLinked":false},"_padding":{"unit":"px","top":"0","right":"0","bottom":"0","left":"0","isLinked":false},"ha_advanced_tooltip_content":"I am a tooltip","ha_cmc_text":"Happy Addons","__globals__":{"title_color":""},"link":{"url":"https:\/\/template1.nicolaipalmkvist.com\/design-ux\/","is_external":"","nofollow":"","custom_attributes":""}},"elements":[],"isInner":false,"widgetType":"heading","elType":"widget"}],"isInner":true,"elType":"container"},{"id":"773730a7","settings":{"content_width":"full","width_mobile":{"unit":"%","size":15,"sizes":[]},"flex_direction":"row","flex_justify_content":"flex-end","flex_align_items":"center","flex_gap":{"column":"15","row":"15","isLinked":true,"unit":"px","size":15},"margin":{"unit":"px","top":"0","right":"0","bottom":"0","left":"0","isLinked":false},"padding":{"unit":"px","top":"0","right":"0","bottom":"0","left":"0","isLinked":false},"ha_cmc_text":"Happy Addons","_title":"button icon"},"elements":[{"id":"47259dde","settings":{"selected_icon":{"value":"lnr lnr-arrow-right","library":"skb_cife-linearicons-icon"},"view":"framed","shape":"square","primary_color":"#FFFFFF","size":{"unit":"px","size":20,"sizes":[]},"border_radius":{"unit":"px","top":"50","right":"50","bottom":"50","left":"50","isLinked":true},"_padding":{"unit":"px","top":"0","right":"0","bottom":"0","left":"0","isLinked":false},"_element_custom_width":{"unit":"px","size":"","sizes":[]},"_css_classes":"arrow-green-btn","ha_advanced_tooltip_content":"I am a tooltip","ha_cmc_text":"Happy Addons","__globals__":{"primary_color":"","secondary_color":""},"border_width":{"unit":"px","top":"0","right":"0","bottom":"0","left":"0","isLinked":false},"secondary_color":"#173330","__dynamic__":{"link":"[elementor-tag id=\"f98d751\" name=\"internal-url\" settings=\"%7B%22type%22%3A%22post%22%2C%22post_id%22%3A%22759%22%7D\"]"}},"elements":[],"isInner":false,"widgetType":"icon","elType":"widget"}],"isInner":true,"elType":"container"}],"isInner":true,"elType":"container"}],"isInner":true,"elType":"container"},{"id":"67797647","settings":{"content_width":"full","width":{"unit":"%","size":97,"sizes":[]},"width_mobile":{"unit":"%","size":93,"sizes":[]},"background_background":"classic","background_color":"#FFFFFF","border_radius":{"unit":"px","top":"0","right":"0","bottom":"9","left":"9","isLinked":false},"margin":{"unit":"px","top":"0","right":"0","bottom":"0","left":"0","isLinked":false},"padding":{"unit":"px","top":"0","right":"34","bottom":"40","left":"34","isLinked":false},"padding_tablet":{"unit":"px","top":"0","right":"25","bottom":"30","left":"25","isLinked":false},"padding_mobile":{"unit":"px","top":"0","right":"25","bottom":"30","left":"25","isLinked":false},"ha_cmc_text":"Happy Addons","_title":"row"},"elements":[{"id":"3137eb75","settings":{"width":{"unit":"%","size":75,"sizes":[]},"width_laptop":{"unit":"%","size":100,"sizes":[]},"width_mobile":{"unit":"%","size":93,"sizes":[]},"align":"center","text":"Divider","color":"#1733301A","gap":{"unit":"px","size":0,"sizes":[]},"ha_advanced_tooltip_content":"I am a tooltip","ha_cmc_text":"Happy Addons"},"elements":[],"isInner":false,"widgetType":"divider","elType":"widget"},{"id":"5b39c8fb","settings":{"text":"Reach out for a custom service","link":{"url":"","is_external":"","nofollow":"","custom_attributes":""},"selected_icon":{"value":"huge huge-arrow-up-right-01-round","library":"huge-icons"},"icon_align":"row-reverse","icon_indent":{"unit":"px","size":10,"sizes":[]},"typography_typography":"custom","typography_font_family":"Cabin","typography_font_size":{"unit":"px","size":15,"sizes":[]},"typography_font_weight":"500","button_text_color":"#173330","background_color":"#17333000","border_radius":{"unit":"px","top":"0","right":"0","bottom":"0","left":"0","isLinked":true},"text_padding":{"unit":"px","top":"0","right":"0","bottom":"0","left":"0","isLinked":true},"ha_advanced_tooltip_content":"I am a tooltip","ha_cmc_text":"Happy Addons","__globals__":{"button_text_color":""},"__dynamic__":{"link":"[elementor-tag id=\"ed09728\" name=\"internal-url\" settings=\"%7B%22type%22%3A%22post%22%2C%22post_id%22%3A%2231%22%7D\"]"}},"elements":[],"isInner":false,"widgetType":"button","elType":"widget"}],"isInner":true,"elType":"container"}],"isInner":false,"elType":"container"}],"settings":{"width":{"unit":"vw","size":100,"sizes":[]},"height":{"unit":"vh","size":100,"sizes":[]},"vertical_position":"top","overlay":"","close_button":"","entrance_animation":"fadeInDown","exit_animation":"fadeInDown","entrance_animation_duration":{"unit":"px","size":0.3,"sizes":[]},"ha_grid_zindex":"1000","background_background":"classic","background_color":"#FFFFFF00","box_shadow_box_shadow_type":"","margin":{"unit":"%","top":"6.5","right":"0","bottom":"0","left":"0","isLinked":false},"width_widescreen":{"unit":"vw","size":"","sizes":[]},"width_laptop":{"unit":"vw","size":"","sizes":[]},"width_tablet":{"unit":"vw","size":"","sizes":[]},"width_mobile":{"unit":"vw","size":"","sizes":[]},"height_widescreen":{"unit":"vh","size":"","sizes":[]},"height_laptop":{"unit":"vh","size":"","sizes":[]},"height_tablet":{"unit":"vh","size":"","sizes":[]},"height_mobile":{"unit":"vh","size":"","sizes":[]},"margin_widescreen":{"unit":"%","top":"5","right":"0","bottom":"0","left":"0","isLinked":false},"margin_laptop":{"unit":"%","top":"8","right":"0","bottom":"0","left":"0","isLinked":false},"margin_tablet":{"unit":"%","top":"","right":"","bottom":"","left":"","isLinked":true},"margin_mobile":{"unit":"%","top":"","right":"","bottom":"","left":"","isLinked":true}},"metadata":[],"display_settings":{"triggers":[],"timing":[]}}