{"content":[{"id":"1ae10b34","settings":{"flex_direction":"column","content_width":"full","flex_justify_content":"center","flex_align_items":"center","background_background":"classic","background_image":{"url":"https:\/\/template1.nicolaipalmkvist.com\/wp-content\/uploads\/2025\/06\/Contemplative-Man-by-Window.jpeg","id":2286,"size":"","alt":"","source":"library"},"background_position":"initial","background_xpos":{"unit":"%","size":50,"sizes":[]},"background_xpos_widescreen":{"unit":"%","size":"","sizes":[]},"background_xpos_laptop":{"unit":"%","size":"","sizes":[]},"background_xpos_tablet":{"unit":"%","size":0,"sizes":[]},"background_xpos_mobile":{"unit":"%","size":0,"sizes":[]},"background_repeat":"no-repeat","background_size":"cover","margin":{"unit":"%","top":"-10","right":"0","bottom":"0","left":"0","isLinked":false},"padding":{"unit":"em","top":"10","right":"0","bottom":"2","left":"0","isLinked":false},"_title":"Hero Section","min_height":{"unit":"vh","size":80,"sizes":[]},"min_height_widescreen":{"unit":"vh","size":100,"sizes":[]},"min_height_laptop":{"unit":"vh","size":"","sizes":[]},"min_height_tablet":{"unit":"vh","size":"","sizes":[]},"min_height_mobile":{"unit":"vh","size":"","sizes":[]},"flex_gap":{"column":"0","row":"0","isLinked":true,"unit":"px","size":0},"padding_widescreen":{"unit":"em","top":"10","right":"0","bottom":"2","left":"0","isLinked":false},"padding_laptop":{"unit":"em","top":"10","right":"0","bottom":"3","left":"0","isLinked":false},"padding_tablet":{"unit":"em","top":"8","right":"0","bottom":"2.5","left":"0","isLinked":false},"padding_mobile":{"unit":"em","top":"8","right":"0","bottom":"2.5","left":"0","isLinked":false},"margin_widescreen":{"unit":"%","top":"","right":"","bottom":"","left":"","isLinked":true},"margin_laptop":{"unit":"%","top":"-14","right":"0","bottom":"0","left":"0","isLinked":false},"margin_tablet":{"unit":"%","top":"","right":"","bottom":"","left":"","isLinked":true},"margin_mobile":{"unit":"%","top":"-30","right":"0","bottom":"0","left":"0","isLinked":false},"flex_gap_tablet":{"column":"0","row":"0","isLinked":true,"unit":"px","size":0},"flex_gap_mobile":{"column":"0","row":"0","isLinked":true,"unit":"px","size":0},"ha_cmc_text":"Happy Addons","background_position_mobile":"center center"},"elements":[{"id":"6a0f8ad1","settings":{"content_width":"full","width":{"unit":"%","size":40,"sizes":[]},"width_laptop":{"unit":"%","size":70,"sizes":[]},"width_tablet":{"unit":"%","size":85,"sizes":[]},"width_mobile":{"unit":"%","size":93,"sizes":[]},"flex_direction":"row","flex_justify_content":"flex-start","flex_align_items":"flex-end","flex_gap":{"column":"0","row":"0","isLinked":true,"unit":"px","size":0},"margin":{"unit":"px","top":"0","right":"0","bottom":"0","left":"0","isLinked":false},"padding":{"unit":"px","top":"0","right":"0","bottom":"0","left":"0","isLinked":false},"ha_cmc_text":"Happy Addons","_title":"row","background_background":"classic","background_image":{"url":"","id":"","size":"","alt":"","source":"library"},"background_position":"bottom right","background_position_tablet":"bottom right","background_position_mobile":"top right","background_xpos":{"unit":"%","size":100,"sizes":[]},"background_xpos_widescreen":{"unit":"%","size":"","sizes":[]},"background_xpos_laptop":{"unit":"%","size":"","sizes":[]},"background_xpos_tablet":{"unit":"%","size":0,"sizes":[]},"background_xpos_mobile":{"unit":"%","size":0,"sizes":[]},"background_ypos":{"unit":"%","size":100,"sizes":[]},"background_ypos_widescreen":{"unit":"%","size":"","sizes":[]},"background_ypos_laptop":{"unit":"%","size":"","sizes":[]},"background_ypos_tablet":{"unit":"%","size":100,"sizes":[]},"background_ypos_mobile":{"unit":"%","size":0,"sizes":[]},"background_repeat":"no-repeat","background_size":"contain","padding_laptop":{"unit":"px","top":"0","right":"0","bottom":"0","left":"0","isLinked":false}},"elements":[{"id":"4e4a649f","settings":{"content_width":"full","margin":{"unit":"px","top":"0","right":"0","bottom":"0","left":"0","isLinked":false},"padding":{"unit":"px","top":"0","right":"0","bottom":"0","left":"0","isLinked":false},"ha_cmc_text":"Happy Addons","_title":"col","min_height":{"unit":"px","size":350,"sizes":[]},"width_laptop":{"unit":"%","size":100,"sizes":[]},"width_tablet":{"unit":"%","size":"","sizes":[]},"width_mobile":{"unit":"%","size":"","sizes":[]},"flex_justify_content":"flex-end"},"elements":[{"id":"38f32779","settings":{"content_width":"full","width":{"unit":"%","size":100,"sizes":[]},"width_tablet":{"unit":"%","size":85,"sizes":[]},"width_mobile":{"unit":"%","size":93,"sizes":[]},"flex_justify_content":"flex-start","flex_align_items":"center","background_background":"classic","margin":{"unit":"px","top":"0","right":"0","bottom":"0","left":"0","isLinked":false},"padding":{"unit":"px","top":"0","right":"0","bottom":"0","left":"0","isLinked":false},"_title":"inner row","flex_direction":"row","flex_gap":{"column":"16","row":"16","isLinked":true,"unit":"px","size":16},"flex_justify_content_mobile":"center","flex_align_items_mobile":"center","flex_gap_tablet":{"column":"","row":"","isLinked":true,"unit":"px","size":null},"flex_gap_mobile":{"column":"16","row":"16","isLinked":true,"unit":"px","size":16},"ha_cmc_text":"Happy Addons","width_laptop":{"unit":"%","size":100,"sizes":[]}},"elements":[{"id":"29376e2a","settings":{"text":"20 years of experience","selected_icon":{"value":"fas fa-check-circle","library":"fa-solid"},"icon_indent":{"unit":"px","size":12,"sizes":[]},"button_text_color":"#FFFFFF","background_color":"#FFFFFF0D","button_background_hover_color":"#FFFFFF26","border_radius":{"unit":"px","top":"7","right":"7","bottom":"7","left":"7","isLinked":true},"text_padding":{"unit":"px","top":"14","right":"16","bottom":"14","left":"16","isLinked":false},"ha_advanced_tooltip_content":"I am a tooltip","ha_cmc_text":"Happy Addons"},"elements":[],"isInner":false,"widgetType":"button","elType":"widget"},{"id":"69524966","settings":{"rating_icon":{"value":"fas fa-star","library":"fa-solid"},"icon_size":{"unit":"px","size":14,"sizes":[]},"icon_gap":{"unit":"px","size":8,"sizes":[]},"ha_advanced_tooltip_content":"I am a tooltip","ha_cmc_text":"Happy Addons","__globals__":{"icon_color":"globals\/colors?id=50dfb37"}},"elements":[],"isInner":false,"widgetType":"rating","elType":"widget"},{"id":"df7b673","settings":{"editor":"<p>Rated 5\/5 on Trustpilot<\/p>","text_color":"#FFFFFFB3","_margin":{"unit":"px","top":"-5","right":"0","bottom":"-18","left":"0","isLinked":false},"_padding":{"unit":"px","top":"0","right":"0","bottom":"0","left":"0","isLinked":false},"ha_advanced_tooltip_content":"I am a tooltip","ha_cmc_text":"Happy Addons"},"elements":[],"isInner":false,"widgetType":"text-editor","elType":"widget"}],"isInner":true,"elType":"container"},{"id":"6ba34e79","settings":{"title":"Let's talk today","header_size":"h1","align":"left","typography_typography":"custom","typography_font_family":"Prata","typography_font_size_mobile":{"unit":"px","size":40,"sizes":[]},"typography_font_weight":"600","typography_line_height":{"unit":"em","size":1,"sizes":[]},"typography_line_height_widescreen":{"unit":"em","size":"","sizes":[]},"typography_line_height_laptop":{"unit":"em","size":"","sizes":[]},"title_color":"#FFFFFF","_margin":{"unit":"px","top":"-8","right":"0","bottom":"8","left":"0","isLinked":false},"_padding":{"unit":"px","top":"0","right":"0","bottom":"0","left":"0","isLinked":false},"_element_width":"initial","_element_custom_width":{"unit":"%","size":100,"sizes":[]},"_element_custom_width_widescreen":{"unit":"%","size":100,"sizes":[]},"_element_custom_width_laptop":{"unit":"%","size":100,"sizes":[]},"_element_custom_width_tablet":{"unit":"%","size":70,"sizes":[]},"_element_custom_width_mobile":{"unit":"%","size":100,"sizes":[]},"typography_font_size_laptop":{"unit":"px","size":94,"sizes":[]},"typography_font_size_tablet":{"unit":"px","size":50,"sizes":[]},"ha_advanced_tooltip_content":"I am a tooltip","ha_cmc_text":"Happy Addons","typography_font_size":{"unit":"px","size":70,"sizes":[]},"align_mobile":"center"},"elements":[],"isInner":false,"widgetType":"heading","elType":"widget"}],"isInner":true,"elType":"container"}],"isInner":true,"elType":"container"}],"isInner":false,"elType":"container"},{"id":"73b8b39c","settings":{"flex_direction":"column","content_width":"full","flex_justify_content":"space-between","flex_align_items":"center","flex_gap":{"column":"0","row":"0","isLinked":false,"unit":"px","size":0},"margin":{"unit":"px","top":"0","right":"0","bottom":"0","left":"0","isLinked":false},"padding":{"unit":"px","top":"60","right":"0","bottom":"60","left":"0","isLinked":false},"ha_cmc_text":"Happy Addons","_title":"Contact Form Section"},"elements":[{"id":"24792186","settings":{"content_width":"full","width":{"unit":"%","size":40,"sizes":[]},"flex_gap":{"column":"20","row":"20","isLinked":true,"unit":"px","size":20},"margin":{"unit":"px","top":"0","right":"0","bottom":"0","left":"0","isLinked":false},"padding":{"unit":"px","top":"0","right":"0","bottom":"0","left":"0","isLinked":false},"ha_cmc_text":"Happy Addons","_title":"row","width_laptop":{"unit":"%","size":70,"sizes":[]},"width_tablet":{"unit":"%","size":85,"sizes":[]},"width_mobile":{"unit":"%","size":93,"sizes":[]}},"elements":[{"id":"28369440","settings":{"form_name":"Contact Form","form_fields":[{"custom_id":"name","field_label":"Your name","placeholder":"Your name","dynamic":{"active":true},"_id":"a1efbf6"},{"custom_id":"email","field_type":"email","required":"true","field_label":"Your email","placeholder":"Your email","_id":"f84de44"},{"_id":"b2d92c2","field_label":"Your phone","placeholder":"Phone number","custom_id":"field_b2d92c2"},{"_id":"d59bcca","field_label":"Your company","placeholder":"Company name","custom_id":"field_d59bcca"},{"custom_id":"message","field_type":"textarea","field_label":"Your message","placeholder":"Your message here...","_id":"e2cec37"},{"_id":"dcd0c3c","field_type":"radio","field_label":"Select your budget range","field_options":"Under $3000 USD\n$3000 USD - $10,000 USD\nOver $10,000 USD","custom_id":"field_dcd0c3c"},{"_id":"25c0ce2","field_type":"checkbox","field_label":"What services do you need?","field_options":"Web design\nElementor development\nTemplate customization\nOther","custom_id":"field_25c0ce2"}],"input_size":"md","step_next_label":"Next","step_previous_label":"Previous","button_text":"Submit","email_content":"[all-fields]","email_content_2":"[all-fields]","success_message":"Your submission was successful.","error_message":"Your submission failed because of an error.","server_message":"Your submission failed because of a server error.","invalid_message":"Your submission failed because the form is invalid.","required_field_message":"This field is required.","column_gap":{"unit":"px","size":15,"sizes":[]},"row_gap":{"unit":"px","size":20,"sizes":[]},"label_spacing":{"unit":"px","size":10,"sizes":[]},"label_typography_typography":"custom","label_typography_font_family":"Cabin","label_typography_font_size":{"unit":"px","size":14,"sizes":[]},"label_typography_font_weight":"500","label_typography_line_height":{"unit":"em","size":1.2,"sizes":[]},"label_typography_line_height_widescreen":{"unit":"em","size":"","sizes":[]},"label_typography_line_height_laptop":{"unit":"em","size":"","sizes":[]},"html_color":"#000000","field_typography_typography":"custom","field_typography_font_family":"Cabin","field_typography_font_size":{"unit":"px","size":14,"sizes":[]},"field_typography_font_weight":"500","field_border_color":"#2D2D2D1A","field_border_radius":{"unit":"px","top":"9","right":"9","bottom":"9","left":"9","isLinked":true},"_css_classes":"reachout-form","ha_advanced_tooltip_content":"I am a tooltip","ha_cmc_text":"Happy Addons","button_border_radius":{"unit":"px","top":"9","right":"9","bottom":"9","left":"9","isLinked":true},"button_text_padding":{"unit":"px","top":"16","right":"32","bottom":"16","left":"32","isLinked":false},"custom_messages":"yes","message_typography_typography":"custom","message_typography_font_family":"Cabin","message_typography_font_size":{"unit":"px","size":16,"sizes":[]},"message_typography_font_weight":"400","message_typography_line_height":{"unit":"em","size":1.6,"sizes":[]},"message_typography_line_height_widescreen":{"unit":"em","size":"","sizes":[]},"message_typography_line_height_laptop":{"unit":"em","size":"","sizes":[]},"error_message_color":"#F42C2C","inline_message_color":"#2D2D2D","__globals__":{"success_message_color":"","html_color":"","button_background_color":"","previous_button_background_color":""},"label_color":"#000000","html_typography_typography":"custom","html_typography_font_family":"Cabin","html_typography_font_weight":"400","field_text_color":"#173330","button_typography_typography":"custom","button_typography_font_family":"Cabin","button_typography_font_weight":"500","button_background_color":"#EF5A33","previous_button_background_color":"#EF5A33","success_message_color":"#173330","button_text_color":"#000000"},"elements":[],"isInner":false,"widgetType":"form","elType":"widget"},{"id":"47965c18","settings":{"editor":"<p>Or schedule a call <span style=\"text-decoration: underline;\"><a href=\"https:\/\/calendly.com\/\"><strong><span style=\"color: #173330;\">here.<\/span><\/strong><\/a><\/span><\/p>","text_color":"#173330B3","typography_typography":"custom","typography_font_family":"Cabin","typography_font_size":{"unit":"px","size":15,"sizes":[]},"typography_font_weight":"500","typography_line_height":{"unit":"em","size":1.3,"sizes":[]},"typography_line_height_widescreen":{"unit":"em","size":"","sizes":[]},"typography_line_height_laptop":{"unit":"em","size":"","sizes":[]},"_margin":{"unit":"px","top":"-2","right":"0","bottom":"-15","left":"0","isLinked":false},"_padding":{"unit":"px","top":"0","right":"0","bottom":"0","left":"0","isLinked":false},"ha_advanced_tooltip_content":"I am a tooltip","ha_cmc_text":"Happy Addons"},"elements":[],"isInner":false,"widgetType":"text-editor","elType":"widget"},{"id":"1e997abc","settings":{"html":"<style>\n\nbody {\n\toverflow-x: hidden;\n}\n\/*button css start*\/\n.btn-icon span.elementor-button-content-wrapper, .btn-icong span.elementor-button-content-wrapper  {\n    align-items: center;\n}\n.btn-icon span.elementor-button-icon {\n    background: #EF5A33;\n    padding: 7px;\n    border-radius: 100%;\n}\n.btn-icon svg.e-font-icon-svg.e-fas-chevron-right {\n    font-size: 20px;\n    fill: #ffffff !important;\n}\n.btn-icong span.elementor-button-icon{\n    background: #173330;\n    padding: 7px;\n    border-radius: 100%;\n}\n.btn-icong svg.e-font-icon-svg.e-fas-chevron-right {\n    font-size: 20px;\n    fill: #DAF42F !important;\n}\n\/*button css end*\/\n\n\/*hero section css start*\/\n.many-logo-outline {\n    -webkit-background-image: linear-gradient(#fff3,#fff0);\n    -moz-background-image: linear-gradient(#fff3,#fff0);\n    border-radius: 50%;\n    padding: 1px;\n    background-clip: padding-box;\n}\n.many-logo-wrap {\n    background-color: #1f3933;\n    border-radius: 50%;\n    justify-content: center;\n    align-items: center;\n    width: 3.5em;\n    height: 3.5em;\n    display: flex;\n}\n\/*hero section css end*\/\n\/*services box css start*\/\n.arrow-btn a.elementor-icon {\n    align-items: center;\n    display: flex\n;\n    height: 4em;\n    width: 2.4em;\n}\n\/*services box css end*\/\n\n\/*client review section css start*\/\n.elementor-swiper-button.elementor-swiper-button-prev {\n    background: #DAF42F;\n}\n.elementor-swiper-button.elementor-swiper-button-prev i.hm.hm-arrow-left1 {\n    color: #173330;\n}\n\/*client review section css end*\/\n\/*ready to scale section css start*\/\n.many-whitebg {\n    background: #1f39330d;\n}\n\/*client review section css end*\/\n\n\n\/*sub menu popup icon btn css start*\/\n.arrow-green-btn a.elementor-icon {\n    align-items: center;\n    display: flex\n;\n    height: 2.8em;\n    width: 1.8em;\n}\n\/*sub menu popup icon btn css end*\/\n\n\n\/*contact form css start*\/\n.reachout-form input {\n    box-shadow: 0 1px 2px 0 #1733301a;\n}\n.reachout-form .elementor-field-type-radio.elementor-field-group.elementor-column.elementor-field-group-field_dcd0c3c.elementor-col-100, .reachout-form .elementor-field-type-checkbox.elementor-field-group.elementor-column.elementor-field-group-field_25c0ce2.elementor-col-100 {\n    width: 50%;\n}\n.reachout-form .elementor-field-type-radio.elementor-field-group.elementor-column.elementor-field-group-field_dcd0c3c.elementor-col-100 {\n    display: inline-block;\n}\n.reachout-form span.elementor-field-option {\n    margin: 0 0 6px 0;\n}\n@media all and (max-width: 600px){\n\t.reachout-form .elementor-field-type-radio.elementor-field-group.elementor-column.elementor-field-group-field_dcd0c3c.elementor-col-100, .reachout-form .elementor-field-type-checkbox.elementor-field-group.elementor-column.elementor-field-group-field_25c0ce2.elementor-col-100 {\n\t\twidth: 100%;\n\t}\n}\n\/*contact form css end*\/<\/style>"},"elements":[],"isInner":false,"widgetType":"html","elType":"widget"}],"isInner":true,"elType":"container"}],"isInner":false,"elType":"container"},{"id":"753fac1b","settings":{"content_width":"full","flex_direction":"column","flex_justify_content":"center","flex_align_items":"center","flex_gap":{"column":"0","row":"0","isLinked":true,"unit":"px","size":0},"ha_cmc_text":"Happy Addons","_title":"Divider Section"},"elements":[{"id":"5da04383","settings":{"width":{"unit":"%","size":75,"sizes":[]},"width_laptop":{"unit":"%","size":85,"sizes":[]},"width_mobile":{"unit":"%","size":93,"sizes":[]},"align":"center","text":"Divider","color":"#1733301A","gap":{"unit":"px","size":0,"sizes":[]},"ha_advanced_tooltip_content":"I am a tooltip","ha_cmc_text":"Happy Addons"},"elements":[],"isInner":false,"widgetType":"divider","elType":"widget"}],"isInner":false,"elType":"container"}],"settings":{"hide_title":"yes","ha_grid_zindex":"1000"},"metadata":[]}