{"content":[{"id":"3b118512","settings":{"flex_direction":"column","flex_justify_content":"center","flex_align_items":"center","flex_gap":{"column":"55","row":"55","isLinked":true,"unit":"px","size":55},"margin":{"unit":"px","top":"0","right":"0","bottom":"0","left":"0","isLinked":false},"padding":{"unit":"px","top":"100","right":"0","bottom":"100","left":"0","isLinked":false},"_title":"Ready to scale section","flex_gap_mobile":{"column":"44","row":"44","isLinked":true,"unit":"px","size":44},"ha_cmc_text":"Happy Addons","boxed_width":{"unit":"px","size":1200,"sizes":[]},"padding_mobile":{"unit":"px","top":"40","right":"0","bottom":"0","left":"0","isLinked":false},"padding_tablet":{"unit":"px","top":"50","right":"0","bottom":"50","left":"0","isLinked":false}},"elements":[{"id":"78bd06ba","settings":{"content_width":"full","width":{"unit":"%","size":100,"sizes":[]},"flex_justify_content":"center","_title":"row","width_tablet":{"unit":"%","size":85,"sizes":[]},"width_mobile":{"unit":"%","size":93,"sizes":[]},"margin":{"unit":"px","top":"0","right":"0","bottom":"0","left":"0","isLinked":false},"padding":{"unit":"px","top":"0","right":"0","bottom":"0","left":"0","isLinked":false},"ha_cmc_text":"Happy Addons","width_laptop":{"unit":"%","size":85,"sizes":[]},"padding_mobile":{"unit":"px","top":"0","right":"0","bottom":"40","left":"0","isLinked":false}},"elements":[{"id":"3a491002","settings":{"editor":"<p>Let's elevate your project\u2014get in touch and discover how we can make it happen.<\/p>","text_color":"#000000","typography_typography":"custom","typography_font_family":"Cabin","typography_font_size_tablet":{"unit":"px","size":18,"sizes":[]},"typography_font_size_mobile":{"unit":"px","size":16,"sizes":[]},"typography_font_weight":"400","_margin":{"unit":"px","top":"-5","right":"0","bottom":"-10","left":"0","isLinked":false},"_padding":{"unit":"px","top":"0","right":"0","bottom":"0","left":"0","isLinked":false},"_element_custom_width":{"unit":"%","size":100,"sizes":[]},"_element_custom_width_widescreen":{"unit":"%","size":20,"sizes":[]},"_element_custom_width_laptop":{"unit":"%","size":44,"sizes":[]},"_element_custom_width_tablet":{"unit":"%","size":70,"sizes":[]},"_element_custom_width_mobile":{"unit":"%","size":100,"sizes":[]},"ha_advanced_tooltip_content":"I am a tooltip","ha_cmc_text":"Happy Addons","align":"center","hide_mobile":"hidden-mobile"},"elements":[],"isInner":false,"widgetType":"text-editor","elType":"widget"},{"id":"431c0da6","settings":{"title":"Is it time to elevate your<br> project to the next level?","_margin":{"unit":"px","top":"-10","right":"0","bottom":"-5","left":"0","isLinked":false},"_padding":{"unit":"px","top":"0","right":"0","bottom":"0","left":"0","isLinked":false},"align_mobile":"center","typography_typography":"custom","typography_font_family":"Prata","typography_font_size_laptop":{"unit":"px","size":48,"sizes":[]},"typography_font_size_tablet":{"unit":"px","size":35,"sizes":[]},"typography_font_size_mobile":{"unit":"px","size":26,"sizes":[]},"typography_font_weight":"600","_margin_mobile":{"unit":"px","top":"-10","right":"0","bottom":"-12","left":"0","isLinked":false},"ha_advanced_tooltip_content":"I am a tooltip","ha_cmc_text":"Happy Addons","_element_width":"inherit","_element_custom_width":{"unit":"%","size":52,"sizes":[]},"_margin_widescreen":{"unit":"px","top":"-10","right":"0","bottom":"-14","left":"0","isLinked":false},"_margin_laptop":{"unit":"px","top":"-10","right":"0","bottom":"-14","left":"0","isLinked":false},"_margin_tablet":{"unit":"px","top":"-10","right":"0","bottom":"-4","left":"0","isLinked":false},"_element_custom_width_widescreen":{"unit":"%","size":35,"sizes":[]},"_element_custom_width_laptop":{"unit":"%","size":60,"sizes":[]},"_element_custom_width_tablet":{"unit":"%","size":70,"sizes":[]},"_element_custom_width_mobile":{"unit":"%","size":100,"sizes":[]},"align":"center","typography_font_size":{"unit":"px","size":45,"sizes":[]},"title_color":"#000000"},"elements":[],"isInner":false,"widgetType":"heading","elType":"widget"},{"id":"36e32439","settings":{"text":"Contact us today","link":{"url":"https:\/\/template1.nicolaipalmkvist.com\/contact\/","is_external":"","nofollow":"","custom_attributes":""},"text_padding":{"unit":"px","top":"9","right":"9","bottom":"9","left":"30","isLinked":false},"selected_icon":{"value":"fas fa-chevron-right","library":"fa-solid"},"icon_align":"row-reverse","icon_indent":{"unit":"px","size":20,"sizes":[]},"_css_classes":"btn-icon","align":"center","content_align":"center","_element_width":"inherit","_element_custom_width":{"unit":"%","size":55,"sizes":[]},"_element_custom_width_laptop":{"unit":"%","size":100,"sizes":[]},"_element_custom_width_tablet":{"unit":"%","size":"","sizes":[]},"_element_custom_width_mobile":{"unit":"%","size":"","sizes":[]},"_element_custom_width_widescreen":{"unit":"%","size":30,"sizes":[]},"ha_advanced_tooltip_content":"I am a tooltip","ha_cmc_text":"Happy Addons","background_color":"#000000"},"elements":[],"isInner":false,"widgetType":"button","elType":"widget"},{"id":"26a3f980","settings":{"title":"Trusted by 800+ clients","typography_typography":"custom","typography_font_family":"Cabin","typography_font_size":{"unit":"px","size":15,"sizes":[]},"typography_font_weight":"400","typography_line_height":{"unit":"px","size":24,"sizes":[]},"_margin":{"unit":"px","top":"0","right":"0","bottom":"0","left":"0","isLinked":false},"__globals__":{"title_color":""},"jkit_transform_rotate":{"unit":"px","size":"","sizes":[]},"jkit_transform_rotate_tablet":{"unit":"px","size":"","sizes":[]},"jkit_transform_rotate_mobile":{"unit":"px","size":"","sizes":[]},"jkit_glass_blur_level":{"unit":"px","size":"","sizes":[]},"jkit_glass_blur_level_tablet":{"unit":"px","size":"","sizes":[]},"jkit_glass_blur_level_mobile":{"unit":"px","size":"","sizes":[]},"jet_family_widget_is_order_orientaion":"false","jet_family_widget_order_orientaion":"","jet_family_widget_order_orientaion_tablet":"","jet_family_widget_order_orientaion_mobile":"","jet_family_widget_is_flex_basis":"false","jet_family_widget_flex_basis":{"unit":"px","size":0,"sizes":[]},"jet_family_widget_flex_basis_tablet":{"unit":"px","size":"","sizes":[]},"jet_family_widget_flex_basis_mobile":{"unit":"px","size":"","sizes":[]},"content_width":"full","_margin_mobile":{"unit":"px","top":"0","right":"0","bottom":"0","left":"0","isLinked":true},"_margin_tablet":{"unit":"px","top":"-7","right":"0","bottom":"-5","left":"0","isLinked":false},"typography_font_size_mobile":{"unit":"px","size":16,"sizes":[]},"_element_custom_width":{"unit":"%","size":100,"sizes":[]},"align":"center","hide_tablet":"hidden-tablet","motion_fx_devices":["desktop","tablet","mobile"],"sticky_on":["desktop","tablet","mobile"],"title_color":"#000000"},"elements":[],"isInner":false,"widgetType":"heading","elType":"widget"},{"id":"780e3e1f","settings":{"image":{"id":1550,"url":"https:\/\/template1.nicolaipalmkvist.com\/wp-content\/uploads\/2025\/03\/Customers-e1742031449132.png","alt":"","source":"library","size":""},"align":"center","width":{"unit":"%","size":9,"sizes":[]},"image_border_border":"none","image_border_width":{"unit":"px","top":"2","right":"2","bottom":"2","left":"2","isLinked":true},"image_border_color":"#FFFFFF","image_border_radius":{"unit":"px","top":"0","right":"0","bottom":"0","left":"0","isLinked":true},"image_box_shadow_box_shadow":{"horizontal":0,"vertical":0,"blur":10,"spread":0,"color":"rgba(0, 0, 0, 0.28)"},"_margin":{"unit":"px","top":"-13","right":"0","bottom":"5","left":"0","isLinked":false},"_element_width":"auto","width_mobile":{"unit":"%","size":53,"sizes":[]},"width_tablet":{"unit":"%","size":28,"sizes":[]},"motion_fx_devices":["desktop","tablet","mobile"],"sticky_on":["desktop","tablet","mobile"],"_background_color_stop_tablet":{"unit":"%","size":"","sizes":[]},"_background_color_stop_mobile":{"unit":"%","size":"","sizes":[]},"_background_color_b_stop_tablet":{"unit":"%","size":"","sizes":[]},"_background_color_b_stop_mobile":{"unit":"%","size":"","sizes":[]},"_background_gradient_angle_tablet":{"unit":"deg","size":"","sizes":[]},"_background_gradient_angle_mobile":{"unit":"deg","size":"","sizes":[]},"_background_gradient_position_tablet":"center center","_background_gradient_position_mobile":"center center","_background_hover_color_stop_tablet":{"unit":"%","size":"","sizes":[]},"_background_hover_color_stop_mobile":{"unit":"%","size":"","sizes":[]},"_background_hover_color_b_stop_tablet":{"unit":"%","size":"","sizes":[]},"_background_hover_color_b_stop_mobile":{"unit":"%","size":"","sizes":[]},"_background_hover_gradient_angle_tablet":{"unit":"deg","size":"","sizes":[]},"_background_hover_gradient_angle_mobile":{"unit":"deg","size":"","sizes":[]},"_background_hover_gradient_position_tablet":"center center","_background_hover_gradient_position_mobile":"center center","image_size":"full"},"elements":[],"isInner":false,"widgetType":"image","elType":"widget"}],"isInner":true,"elType":"container"}],"isInner":false,"elType":"container"},{"id":"3622a3e","settings":{"flex_direction":"column","content_width":"full","flex_justify_content":"center","flex_align_items":"center","margin":{"unit":"px","top":"0","right":"0","bottom":"0","left":"0","isLinked":false},"padding":{"unit":"px","top":"0","right":"0","bottom":"0","left":"0","isLinked":false},"ha_cmc_text":"Happy Addons","_title":"Footer Section","flex_gap":{"column":"55","row":"55","isLinked":true,"unit":"px","size":55},"flex_gap_mobile":{"column":"40","row":"12","isLinked":false,"unit":"px","size":40}},"elements":[{"id":"604306d7","settings":{"content_width":"full","width":{"unit":"%","size":75,"sizes":[]},"background_background":"classic","background_image":{"url":"https:\/\/template1.nicolaipalmkvist.com\/wp-content\/uploads\/2025\/03\/Minimalist-Orange-Chair.jpeg","id":2240,"size":"","alt":"","source":"library"},"background_position":"bottom center","background_xpos":{"unit":"%","size":50,"sizes":[]},"background_xpos_widescreen":{"unit":"%","size":"","sizes":[]},"background_xpos_laptop":{"unit":"%","size":"","sizes":[]},"background_xpos_tablet":{"unit":"%","size":0,"sizes":[]},"background_xpos_mobile":{"unit":"%","size":0,"sizes":[]},"background_ypos":{"unit":"%","size":"","sizes":[]},"background_ypos_widescreen":{"unit":"%","size":"","sizes":[]},"background_ypos_laptop":{"unit":"%","size":"","sizes":[]},"background_ypos_tablet":{"unit":"%","size":0,"sizes":[]},"background_ypos_mobile":{"unit":"%","size":0,"sizes":[]},"background_repeat":"no-repeat","background_size":"cover","margin":{"unit":"px","top":"0","right":"0","bottom":"0","left":"0","isLinked":false},"padding":{"unit":"px","top":"40","right":"40","bottom":"24","left":"40","isLinked":false},"ha_cmc_text":"Happy Addons","_title":"row","width_laptop":{"unit":"%","size":85,"sizes":[]},"width_tablet":{"unit":"%","size":90,"sizes":[]},"width_mobile":{"unit":"%","size":93,"sizes":[]},"flex_direction":"column","flex_justify_content":"flex-start","flex_gap":{"column":"100","row":"100","isLinked":true,"unit":"px","size":100},"background_overlay_background":"classic","background_overlay_opacity":{"unit":"px","size":0.6,"sizes":[]},"border_radius":{"unit":"px","top":"8","right":"8","bottom":"8","left":"8","isLinked":true},"padding_mobile":{"unit":"px","top":"24","right":"24","bottom":"20","left":"24","isLinked":false},"__globals__":{"background_overlay_color":""},"flex_gap_mobile":{"column":"0","row":"0","isLinked":false,"unit":"px","size":0},"background_color":"#000000","background_overlay_color":"#000000"},"elements":[{"id":"6a5a19c5","settings":{"content_width":"full","flex_direction":"row","flex_justify_content":"space-between","flex_align_items":"center","margin":{"unit":"px","top":"0","right":"0","bottom":"0","left":"0","isLinked":false},"padding":{"unit":"px","top":"0","right":"0","bottom":"0","left":"0","isLinked":false},"ha_cmc_text":"Happy Addons","_title":"inner row","flex_gap_mobile":{"column":"30","row":"30","isLinked":true,"unit":"px","size":30}},"elements":[{"id":"16bce19d","settings":{"content_width":"full","margin":{"unit":"px","top":"0","right":"0","bottom":"0","left":"0","isLinked":false},"padding":{"unit":"px","top":"0","right":"0","bottom":"0","left":"0","isLinked":false},"ha_cmc_text":"Happy Addons","_title":"col","width_tablet":{"unit":"%","size":65,"sizes":[]},"width_mobile":{"unit":"%","size":"","sizes":[]},"flex_direction":"row","flex_align_items":"flex-start","flex_gap":{"column":"5","row":"5","isLinked":true,"unit":"px","size":5},"flex_gap_mobile":{"column":"15","row":"15","isLinked":true,"unit":"px","size":15},"width":{"unit":"%","size":44,"sizes":[]}},"elements":[{"id":"5a52257f","settings":{"image":{"url":"https:\/\/template1.nicolaipalmkvist.com\/wp-content\/uploads\/2025\/02\/Untitled-design-3.svg","id":2181,"size":"","alt":"","source":"library"},"image_size":"full","link_to":"custom","link":{"url":"https:\/\/template1.nicolaipalmkvist.com\/","is_external":"","nofollow":"","custom_attributes":""},"align":"left","width":{"unit":"%","size":81,"sizes":[]},"space":{"unit":"%","size":100,"sizes":[]},"_element_width":"auto","_element_custom_width":{"unit":"%","size":100,"sizes":[]},"ha_advanced_tooltip_content":"I am a tooltip","ha_cmc_text":"Happy Addons","align_mobile":"center","width_tablet":{"unit":"%","size":53,"sizes":[]},"width_mobile":{"unit":"%","size":49,"sizes":[]}},"elements":[],"isInner":false,"widgetType":"image","elType":"widget"}],"isInner":true,"elType":"container"},{"id":"7e494555","settings":{"content_width":"full","margin":{"unit":"px","top":"0","right":"0","bottom":"0","left":"0","isLinked":false},"padding":{"unit":"px","top":"0","right":"0","bottom":"0","left":"0","isLinked":false},"ha_cmc_text":"Happy Addons","_title":"col","width_tablet":{"unit":"%","size":65,"sizes":[]},"width_mobile":{"unit":"%","size":"","sizes":[]},"flex_direction":"row","flex_align_items":"flex-start","flex_gap":{"column":"5","row":"5","isLinked":true,"unit":"px","size":5},"flex_gap_mobile":{"column":"15","row":"15","isLinked":true,"unit":"px","size":15},"hide_tablet":"hidden-tablet","hide_mobile":"hidden-mobile"},"elements":[{"id":"3c10fad3","settings":{"text":"All our team members are certified professionals","selected_icon":{"value":" icon_check_alt","library":"skb_cife-elegant-icon"},"icon_indent":{"unit":"px","size":12,"sizes":[]},"button_text_color":"#FFFFFF","background_color":"#FFFFFF0D","button_background_hover_color":"#FFFFFF26","border_radius":{"unit":"px","top":"7","right":"7","bottom":"7","left":"7","isLinked":true},"text_padding":{"unit":"px","top":"14","right":"16","bottom":"14","left":"16","isLinked":false},"ha_advanced_tooltip_content":"I am a tooltip","ha_cmc_text":"Happy Addons","_element_width":"inherit","_element_custom_width":{"unit":"%","size":15,"sizes":[]},"link":{"url":"","is_external":"","nofollow":"","custom_attributes":""},"align_mobile":"left"},"elements":[],"isInner":false,"widgetType":"button","elType":"widget"}],"isInner":true,"elType":"container"},{"id":"26078cc6","settings":{"content_width":"full","margin":{"unit":"px","top":"0","right":"0","bottom":"0","left":"0","isLinked":false},"padding":{"unit":"px","top":"0","right":"0","bottom":"0","left":"0","isLinked":false},"ha_cmc_text":"Happy Addons","_title":"col","width_tablet":{"unit":"%","size":35,"sizes":[]},"width_mobile":{"unit":"%","size":"","sizes":[]},"flex_direction":"row","flex_justify_content":"flex-end","flex_justify_content_mobile":"center","flex_align_items":"flex-start","flex_align_items_mobile":"center"},"elements":[{"id":"1a67df26","settings":{"social_icon_list":[{"social_icon":{"value":"fab fa-instagram","library":"fa-brands"},"_id":"c498f57"},{"social_icon":{"value":"fab fa-pinterest","library":"fa-brands"},"_id":"2481cd1"}],"shape":"circle","align":"right","icon_color":"custom","icon_primary_color":"#FFFFFF","icon_secondary_color":"#EF5A33","icon_size":{"unit":"px","size":16,"sizes":[]},"hover_primary_color":"#FFFFFF","ha_advanced_tooltip_content":"I am a tooltip","ha_cmc_text":"Happy Addons","__globals__":{"icon_secondary_color":"","hover_secondary_color":"globals\/colors?id=primary"},"align_mobile":"right","hover_secondary_color":"#173330"},"elements":[],"isInner":false,"widgetType":"social-icons","elType":"widget"}],"isInner":true,"elType":"container"}],"isInner":true,"elType":"container"},{"id":"1f5f7477","settings":{"content_width":"full","flex_direction":"row","flex_justify_content":"space-between","flex_align_items":"center","margin":{"unit":"px","top":"0","right":"0","bottom":"0","left":"0","isLinked":false},"padding":{"unit":"px","top":"20","right":"0","bottom":"0","left":"0","isLinked":false},"ha_cmc_text":"Happy Addons","_title":"inner row","border_border":"solid","border_width":{"unit":"px","top":"1","right":"0","bottom":"0","left":"0","isLinked":false},"border_width_mobile":{"unit":"px","top":"0","right":"0","bottom":"0","left":"0","isLinked":true},"border_color":"#FFFFFF1A","border_radius":{"unit":"px","top":"0","right":"0","bottom":"0","left":"0","isLinked":false},"padding_mobile":{"unit":"px","top":"14","right":"0","bottom":"0","left":"0","isLinked":false}},"elements":[{"id":"1ee0ebb7","settings":{"content_width":"full","margin":{"unit":"px","top":"0","right":"0","bottom":"0","left":"0","isLinked":false},"padding":{"unit":"px","top":"0","right":"0","bottom":"0","left":"0","isLinked":false},"ha_cmc_text":"Happy Addons","_title":"col","flex_direction":"row","flex_justify_content":"space-between","flex_align_items":"flex-start","flex_gap":{"column":"20","row":"20","isLinked":true,"unit":"px","size":20},"flex_gap_mobile":{"column":"20","row":"20","isLinked":true,"unit":"px","size":20},"flex_align_items_mobile":"center"},"elements":[{"id":"ed0f3d9","settings":{"view":"inline","icon_list":[{"text":"Home","selected_icon":{"value":"","library":""},"_id":"930213f","link":{"url":"https:\/\/template1.nicolaipalmkvist.com\/","is_external":"","nofollow":"","custom_attributes":""}},{"text":"Services","selected_icon":{"value":"","library":""},"link":{"url":"#","is_external":"","nofollow":"","custom_attributes":""},"_id":"48a8e55"},{"text":"Projects","selected_icon":{"value":"","library":""},"link":{"url":"https:\/\/template1.nicolaipalmkvist.com\/projects\/","is_external":"","nofollow":"","custom_attributes":""},"_id":"d59cee9"},{"text":"Contact","selected_icon":{"value":"","library":""},"link":{"url":"https:\/\/template1.nicolaipalmkvist.com\/contact\/","is_external":"","nofollow":"","custom_attributes":""},"_id":"ea9f4ee"}],"space_between":{"unit":"px","size":22,"sizes":[]},"icon_typography_typography":"custom","icon_typography_font_family":"Cabin","icon_typography_font_size":{"unit":"px","size":14,"sizes":[]},"icon_typography_font_weight":"500","text_color":"#FFFFFF","_element_width":"auto","ha_advanced_tooltip_content":"I am a tooltip","ha_cmc_text":"Happy Addons","hide_mobile":"hidden-mobile","_title":"desktop Icon List","_element_width_tablet":"inherit"},"elements":[],"isInner":false,"widgetType":"icon-list","elType":"widget"},{"id":"4ad97138","settings":{"icon_list":[{"text":"Home","selected_icon":{"value":"","library":""},"_id":"930213f","link":{"url":"https:\/\/template1.nicolaipalmkvist.com\/","is_external":"","nofollow":"","custom_attributes":""}},{"text":"Services","selected_icon":{"value":"","library":""},"link":{"url":"#","is_external":"","nofollow":"","custom_attributes":""},"_id":"48a8e55"},{"text":"Projects","selected_icon":{"value":"","library":""},"link":{"url":"https:\/\/template1.nicolaipalmkvist.com\/projects\/","is_external":"","nofollow":"","custom_attributes":""},"_id":"d59cee9"},{"text":"Contact","selected_icon":{"value":"","library":""},"link":{"url":"https:\/\/template1.nicolaipalmkvist.com\/contact\/","is_external":"","nofollow":"","custom_attributes":""},"_id":"ea9f4ee"}],"space_between":{"unit":"px","size":22,"sizes":[]},"space_between_mobile":{"unit":"px","size":16,"sizes":[]},"icon_typography_typography":"custom","icon_typography_font_family":"Cabin","icon_typography_font_size":{"unit":"px","size":14,"sizes":[]},"icon_typography_font_weight":"500","text_color":"#FFFFFF","_element_width":"auto","ha_advanced_tooltip_content":"I am a tooltip","ha_cmc_text":"Happy Addons","hide_widescreen":"hidden-widescreen","hide_desktop":"hidden-desktop","hide_laptop":"hidden-laptop","hide_tablet":"hidden-tablet","_title":"mobile Icon List","icon_align_mobile":"center","_element_width_mobile":"inherit"},"elements":[],"isInner":false,"widgetType":"icon-list","elType":"widget"},{"id":"1cc5c4ce","settings":{"view":"inline","icon_list":[{"text":"Grow your business with us","selected_icon":{"value":"","library":""},"_id":"930213f"},{"text":"Contact","selected_icon":{"value":"","library":""},"_id":"ea9f4ee","__dynamic__":{"link":"[elementor-tag id=\"54d6ad5\" name=\"internal-url\" settings=\"%7B%22type%22%3A%22post%22%2C%22post_id%22%3A%2231%22%7D\"]"}}],"space_between":{"unit":"px","size":22,"sizes":[]},"space_between_mobile":{"unit":"px","size":42,"sizes":[]},"divider":"yes","divider_color":"#FFFFFF1A","icon_typography_typography":"custom","icon_typography_font_family":"Cabin","icon_typography_font_size":{"unit":"px","size":14,"sizes":[]},"icon_typography_font_weight":"500","text_color":"#FFFFFF","_element_width":"auto","_element_width_mobile":"inherit","ha_advanced_tooltip_content":"I am a tooltip","ha_cmc_text":"Happy Addons","hide_mobile":"hidden-mobile","_title":"desktop Icon List","_element_width_tablet":"inherit"},"elements":[],"isInner":false,"widgetType":"icon-list","elType":"widget"},{"id":"2e0cce9c","settings":{"view":"inline","icon_list":[{"text":"Grow your business with us","selected_icon":{"value":"","library":""},"_id":"930213f"},{"text":"Contact","selected_icon":{"value":"","library":""},"_id":"ea9f4ee","__dynamic__":{"link":"[elementor-tag id=\"2ccd455\" name=\"internal-url\" settings=\"%7B%22type%22%3A%22post%22%2C%22post_id%22%3A%2231%22%7D\"]"}}],"space_between":{"unit":"px","size":22,"sizes":[]},"space_between_mobile":{"unit":"px","size":19,"sizes":[]},"divider_color":"#FFFFFF1A","icon_typography_typography":"custom","icon_typography_font_family":"Cabin","icon_typography_font_size":{"unit":"px","size":14,"sizes":[]},"icon_typography_font_weight":"500","text_color":"#FFFFFF","_margin_mobile":{"unit":"px","top":"0","right":"0","bottom":"0","left":"0","isLinked":false},"_padding_mobile":{"unit":"px","top":"12","right":"0","bottom":"0","left":"0","isLinked":false},"_element_width":"auto","_element_width_mobile":"inherit","ha_advanced_tooltip_content":"I am a tooltip","ha_cmc_text":"Happy Addons","_border_border":"solid","_border_width_mobile":{"unit":"px","top":"1","right":"0","bottom":"0","left":"0","isLinked":false},"_border_color":"#FFFFFF1A","_border_radius_mobile":{"unit":"px","top":"0","right":"0","bottom":"0","left":"0","isLinked":false},"hide_widescreen":"hidden-widescreen","hide_desktop":"hidden-desktop","hide_laptop":"hidden-laptop","hide_tablet":"hidden-tablet","_title":"desktop Icon List","icon_align_mobile":"center"},"elements":[],"isInner":false,"widgetType":"icon-list","elType":"widget"}],"isInner":true,"elType":"container"}],"isInner":true,"elType":"container"}],"isInner":true,"elType":"container"},{"id":"5fd915bb","settings":{"content_width":"full","width":{"unit":"%","size":75,"sizes":[]},"width_laptop":{"unit":"%","size":85,"sizes":[]},"width_tablet":{"unit":"%","size":"","sizes":[]},"width_mobile":{"unit":"%","size":93,"sizes":[]},"flex_direction":"row","flex_justify_content":"center","flex_align_items":"center","margin":{"unit":"px","top":"0","right":"0","bottom":"0","left":"0","isLinked":false},"padding":{"unit":"px","top":"0","right":"0","bottom":"20","left":"0","isLinked":false},"padding_mobile":{"unit":"px","top":"0","right":"0","bottom":"16","left":"0","isLinked":false},"ha_cmc_text":"Happy Addons","_title":"row"},"elements":[{"id":"44b7f4b4","settings":{"view":"inline","icon_list":[{"text":"Build with Elementor Pagebuilder","selected_icon":{"value":"","library":""},"_id":"930213f","link":{"url":"https:\/\/nicolaipalmkvist.com\/","is_external":"on","nofollow":"","custom_attributes":""}},{"text":"Find more templates at Nicolaipalmkvist.com","selected_icon":{"value":"","library":""},"link":{"url":"https:\/\/nicolaipalmkvist.com\/","is_external":"on","nofollow":"","custom_attributes":""},"_id":"48a8e55"}],"space_between":{"unit":"px","size":22,"sizes":[]},"icon_typography_typography":"custom","icon_typography_font_family":"Cabin","icon_typography_font_size":{"unit":"px","size":14,"sizes":[]},"icon_typography_font_weight":"500","text_color":"#000000","_element_width":"auto","ha_advanced_tooltip_content":"I am a tooltip","ha_cmc_text":"Happy Addons","hide_mobile":"hidden-mobile","_title":"desktop Icon List","divider":"yes","divider_height":{"unit":"%","size":56,"sizes":[]},"divider_color":"#BBBBBB"},"elements":[],"isInner":false,"widgetType":"icon-list","elType":"widget"}],"isInner":true,"elType":"container"}],"isInner":false,"elType":"container"}],"settings":{"ha_grid_zindex":"1000"},"metadata":[]}