{"content":[{"id":"52b2ed77","settings":{"flex_direction":"column","content_width":"full","width":{"unit":"%","size":100,"sizes":[]},"flex_justify_content":"center","flex_align_items":"center","background_background":"classic","margin":{"unit":"px","top":"0","right":"0","bottom":"0","left":"0","isLinked":false},"padding":{"unit":"px","top":"10","right":"10","bottom":"10","left":"10","isLinked":true},"__globals__":{"background_color":""},"ha_cmc_text":"Happy Addons"},"elements":[{"id":"628210bb","settings":{"content_width":"full","min_height":{"unit":"px","size":70,"sizes":[]},"background_background":"classic","background_color":"#FFFFFF","border_radius":{"unit":"px","top":"10","right":"10","bottom":"10","left":"10","isLinked":true},"margin":{"unit":"px","top":"0","right":"0","bottom":"0","left":"0","isLinked":false},"padding":{"unit":"px","top":"20","right":"20","bottom":"20","left":"20","isLinked":true},"padding_tablet":{"unit":"px","top":"30","right":"30","bottom":"30","left":"30","isLinked":true},"padding_mobile":{"unit":"px","top":"24","right":"24","bottom":"24","left":"24","isLinked":true},"ha_cmc_text":"Happy Addons"},"elements":[{"id":"23ebaa75","settings":{"content_width":"full","width":{"unit":"%","size":100,"sizes":[]},"width_tablet":{"unit":"%","size":100,"sizes":[]},"width_mobile":{"unit":"%","size":"","sizes":[]},"flex_direction":"column","flex_direction_tablet":"column","flex_justify_content":"flex-start","flex_justify_content_tablet":"flex-start","flex_align_items":"flex-start","flex_align_items_tablet":"flex-start","flex_gap":{"column":"","row":"","isLinked":true,"unit":"px","size":null},"margin":{"unit":"px","top":"0","right":"0","bottom":"0","left":"0","isLinked":false},"padding":{"unit":"px","top":"0","right":"0","bottom":"0","left":"0","isLinked":false},"ha_cmc_text":"Happy Addons"},"elements":[{"id":"68567bda","settings":{"view":"inline","icon_list":[{"text":"Home","selected_icon":{"value":"","library":""},"_id":"d1011bf","link":{"url":"https:\/\/template1.nicolaipalmkvist.com\/","is_external":"","nofollow":"","custom_attributes":""}}],"icon_typography_typography":"custom","icon_typography_font_family":"Cabin","icon_typography_font_size":{"unit":"px","size":15,"sizes":[]},"icon_typography_font_size_tablet":{"unit":"px","size":18,"sizes":[]},"icon_typography_font_weight":"500","ha_advanced_tooltip_content":"I am a tooltip","ha_cmc_text":"Happy Addons","_title":"home","text_color":"#000000","text_color_hover":"#EF5A33","__globals__":{"text_color_hover":""}},"elements":[],"isInner":false,"widgetType":"icon-list","elType":"widget"},{"id":"577a2ab3","settings":{"content_width":"full","flex_gap":{"column":"","row":"","isLinked":true,"unit":"px","size":null},"margin_tablet":{"unit":"px","top":"0","right":"0","bottom":"0","left":"0","isLinked":false},"padding":{"unit":"px","top":"0","right":"0","bottom":"0","left":"0","isLinked":false},"padding_tablet":{"unit":"px","top":"0","right":"0","bottom":"0","left":"0","isLinked":false},"ha_cmc_text":"Happy Addons","_title":"services wrapper"},"elements":[{"id":"1ea6c846","settings":{"view":"inline","icon_list":[{"text":"Services","selected_icon":{"value":" arrow_carrot-right","library":"skb_cife-elegant-icon"},"_id":"d1011bf","__dynamic__":[]}],"icon_typography_typography":"custom","icon_typography_font_family":"Cabin","icon_typography_font_size":{"unit":"px","size":15,"sizes":[]},"icon_typography_font_size_tablet":{"unit":"px","size":18,"sizes":[]},"icon_typography_font_weight":"500","ha_advanced_tooltip_content":"I am a tooltip","ha_cmc_text":"Happy Addons","_title":"services","text_color":"#000000","text_color_hover":"#EF5A33","__globals__":{"text_color_hover":""}},"elements":[],"isInner":false,"widgetType":"icon-list","elType":"widget"},{"id":"5fa5eaf3","settings":{"content_width":"full","margin_tablet":{"unit":"px","top":"0","right":"0","bottom":"0","left":"0","isLinked":false},"padding_tablet":{"unit":"px","top":"0","right":"0","bottom":"0","left":"40","isLinked":false},"padding_mobile":{"unit":"px","top":"0","right":"0","bottom":"0","left":"30","isLinked":false},"ha_cmc_text":"Happy Addons","_title":"sub menu items"},"elements":[{"id":"1d25fc7f","settings":{"view":"inline","icon_list":[{"text":"UX & Design","selected_icon":{"value":"","library":""},"_id":"d1011bf","__dynamic__":[],"link":{"url":"https:\/\/template1.nicolaipalmkvist.com\/design-ux\/","is_external":"","nofollow":"","custom_attributes":""}}],"icon_typography_typography":"custom","icon_typography_font_family":"Cabin","icon_typography_font_size":{"unit":"px","size":15,"sizes":[]},"icon_typography_font_size_tablet":{"unit":"px","size":16,"sizes":[]},"icon_typography_font_weight":"500","_margin_tablet":{"unit":"px","top":"0","right":"0","bottom":"0","left":"0","isLinked":false},"ha_advanced_tooltip_content":"I am a tooltip","ha_cmc_text":"Happy Addons","_title":"web design","text_color":"#000000","text_color_hover":"#EF5A33","__globals__":{"text_color_hover":""}},"elements":[],"isInner":false,"widgetType":"icon-list","elType":"widget"},{"id":"73f833c3","settings":{"view":"inline","icon_list":[{"text":"Web design","selected_icon":{"value":"","library":""},"_id":"d1011bf","__dynamic__":[],"link":{"url":"https:\/\/template1.nicolaipalmkvist.com\/design-ux\/","is_external":"","nofollow":"","custom_attributes":""}}],"icon_typography_typography":"custom","icon_typography_font_family":"Cabin","icon_typography_font_size":{"unit":"px","size":15,"sizes":[]},"icon_typography_font_size_tablet":{"unit":"px","size":16,"sizes":[]},"icon_typography_font_weight":"500","_margin_tablet":{"unit":"px","top":"0","right":"0","bottom":"0","left":"0","isLinked":false},"ha_advanced_tooltip_content":"I am a tooltip","ha_cmc_text":"Happy Addons","_title":"web design","text_color":"#000000","text_color_hover":"#EF5A33","__globals__":{"text_color_hover":""}},"elements":[],"isInner":false,"widgetType":"icon-list","elType":"widget"},{"id":"4870fd77","settings":{"view":"inline","icon_list":[{"text":"Web development","selected_icon":{"value":"","library":""},"_id":"d1011bf","__dynamic__":[],"link":{"url":"https:\/\/template1.nicolaipalmkvist.com\/design-ux\/","is_external":"","nofollow":"","custom_attributes":""}}],"icon_typography_typography":"custom","icon_typography_font_family":"Cabin","icon_typography_font_size":{"unit":"px","size":15,"sizes":[]},"icon_typography_font_size_tablet":{"unit":"px","size":16,"sizes":[]},"icon_typography_font_weight":"500","_margin_tablet":{"unit":"px","top":"0","right":"0","bottom":"0","left":"0","isLinked":false},"ha_advanced_tooltip_content":"I am a tooltip","ha_cmc_text":"Happy Addons","_title":"web design","text_color":"#000000","text_color_hover":"#EF5A33","__globals__":{"text_color_hover":""}},"elements":[],"isInner":false,"widgetType":"icon-list","elType":"widget"}],"isInner":true,"elType":"container"}],"isInner":true,"elType":"container"},{"id":"6236b58f","settings":{"view":"inline","icon_list":[{"text":"Projects","selected_icon":{"value":"","library":""},"_id":"d1011bf","link":{"url":"https:\/\/template1.nicolaipalmkvist.com\/projects\/","is_external":"","nofollow":"","custom_attributes":""}}],"icon_typography_typography":"custom","icon_typography_font_family":"Cabin","icon_typography_font_size":{"unit":"px","size":15,"sizes":[]},"icon_typography_font_size_tablet":{"unit":"px","size":18,"sizes":[]},"icon_typography_font_weight":"500","ha_advanced_tooltip_content":"I am a tooltip","ha_cmc_text":"Happy Addons","_title":"projects","text_color":"#000000","text_color_hover":"#EF5A33","__globals__":{"text_color_hover":""}},"elements":[],"isInner":false,"widgetType":"icon-list","elType":"widget"},{"id":"6835efef","settings":{"view":"inline","icon_list":[{"text":"Contact","selected_icon":{"value":"","library":""},"_id":"d1011bf","link":{"url":"https:\/\/template1.nicolaipalmkvist.com\/contact\/","is_external":"","nofollow":"","custom_attributes":""}}],"icon_typography_typography":"custom","icon_typography_font_family":"Cabin","icon_typography_font_size":{"unit":"px","size":15,"sizes":[]},"icon_typography_font_size_tablet":{"unit":"px","size":18,"sizes":[]},"icon_typography_font_weight":"500","ha_advanced_tooltip_content":"I am a tooltip","ha_cmc_text":"Happy Addons","_title":"contact","text_color":"#000000","text_color_hover":"#EF5A33","__globals__":{"text_color_hover":""}},"elements":[],"isInner":false,"widgetType":"icon-list","elType":"widget"}],"isInner":true,"elType":"container"},{"id":"1704e99","settings":{"width_tablet":{"unit":"%","size":100,"sizes":[]},"align_tablet":"center","text":"Divider","color":"#1733301A","gap_tablet":{"unit":"px","size":0,"sizes":[]},"__globals__":{"color":""},"ha_advanced_tooltip_content":"I am a tooltip","ha_cmc_text":"Happy Addons"},"elements":[],"isInner":false,"widgetType":"divider","elType":"widget"},{"id":"9c8330e","settings":{"text":"Reach out","link":{"url":"https:\/\/template1.nicolaipalmkvist.com\/contact\/","is_external":"","nofollow":"","custom_attributes":""},"text_padding":{"unit":"px","top":"9","right":"9","bottom":"9","left":"30","isLinked":false},"selected_icon":{"value":"fas fa-chevron-right","library":"fa-solid"},"icon_align":"row-reverse","icon_indent":{"unit":"px","size":20,"sizes":[]},"_css_classes":"btn-icon","align":"justify","content_align":"space-between","_element_width":"initial","_element_custom_width":{"unit":"%","size":100,"sizes":[]},"_element_custom_width_laptop":{"unit":"%","size":100,"sizes":[]},"_element_custom_width_tablet":{"unit":"%","size":"","sizes":[]},"_element_custom_width_mobile":{"unit":"%","size":"","sizes":[]},"_element_custom_width_widescreen":{"unit":"%","size":100,"sizes":[]},"align_tablet":"justify","content_align_tablet":"space-between","typography_typography":"custom","typography_font_family":"Cabin","typography_font_size":{"unit":"px","size":19,"sizes":[]},"typography_font_size_tablet":{"unit":"px","size":19,"sizes":[]},"typography_font_size_mobile":{"unit":"px","size":15,"sizes":[]},"typography_font_weight":"500","ha_advanced_tooltip_content":"I am a tooltip","ha_cmc_text":"Happy Addons","_title":"Button","button_text_color":"#EF5A33","background_color":"#000000","hover_color":"#000000","border_radius_mobile":{"unit":"px","top":"3","right":"3","bottom":"3","left":"3","isLinked":true},"__globals__":{"background_color":"","hover_color":"","button_text_color":"","button_background_hover_color":"globals\/colors?id=50dfb37"}},"elements":[],"isInner":false,"widgetType":"button","elType":"widget"}],"isInner":true,"elType":"container"}],"isInner":false,"elType":"container"}],"settings":{"width":{"unit":"vw","size":100,"sizes":[]},"height_type":"fit_to_screen","entrance_animation_tablet":"slideInDown","exit_animation_tablet":"slideInDown","width_widescreen":{"unit":"vw","size":"","sizes":[]},"width_laptop":{"unit":"vw","size":"","sizes":[]},"width_tablet":{"unit":"vw","size":"","sizes":[]},"width_mobile":{"unit":"vw","size":"","sizes":[]},"entrance_animation":"slideInDown","exit_animation":"slideInDown","entrance_animation_duration":{"unit":"px","size":0.5,"sizes":[]},"background_background":"classic","background_color":"#02010100","box_shadow_box_shadow_type":"","horizontal_position_tablet":"center","vertical_position_tablet":"top","close_button_vertical_tablet":{"unit":"px","size":30,"sizes":[]},"close_button_vertical_mobile":{"unit":"px","size":"","sizes":[]},"close_button_horizontal_tablet":{"unit":"px","size":25,"sizes":[]},"close_button_horizontal_mobile":{"unit":"px","size":"","sizes":[]},"icon_size_tablet":{"unit":"px","size":25,"sizes":[]},"ha_grid_zindex":"1000"},"metadata":[],"display_settings":{"triggers":[],"timing":[]}}