{"content":[{"id":"1ad8c04e","settings":{"flex_direction":"column"},"elements":[{"id":"653c41ba","settings":{"content_width":"full","title":"Add Your Heading Text Here","title_color":"#000000","typography_typography":"custom","typography_font_family":"Inter","typography_font_weight":"600"},"elements":[],"isInner":false,"widgetType":"heading","elType":"widget"},{"id":"67ab1bdd","settings":{"content_width":"full","align":"left","width":{"unit":"%","size":22,"sizes":[]}},"elements":[],"isInner":false,"widgetType":"image","elType":"widget"},{"id":"6dc9235","settings":{"content_width":"full","text_color":"#000000","typography_typography":"custom","typography_font_family":"Inter","typography_font_weight":"400"},"elements":[],"isInner":false,"widgetType":"text-editor","elType":"widget"},{"id":"7338d58b","settings":{"content_width":"full","icon_list":[{"text":"List Item #1","selected_icon":{"value":{"url":"http:\/\/www.blueprint.nicolaipalmkvist.com\/wp-content\/uploads\/2024\/10\/61944ccf93e1e314b76023cd_arrow-right.svg","id":19},"library":"svg"},"_id":"9980eef"},{"text":"List Item #1","selected_icon":{"value":{"url":"http:\/\/www.blueprint.nicolaipalmkvist.com\/wp-content\/uploads\/2024\/10\/61944ccf93e1e314b76023cd_arrow-right.svg","id":19},"library":"svg"},"_id":"b683910"},{"text":"List Item #1","selected_icon":{"value":{"url":"http:\/\/www.blueprint.nicolaipalmkvist.com\/wp-content\/uploads\/2024\/10\/61944ccf93e1e314b76023cd_arrow-right.svg","id":19},"library":"svg"},"_id":"8a6b769"}],"icon_typography_typography":"custom","icon_typography_font_family":"Inter","icon_typography_font_weight":"400","text_color":"#000000"},"elements":[],"isInner":false,"widgetType":"icon-list","elType":"widget"},{"id":"47134a1c","settings":{"content_width":"full","text":"Click here"},"elements":[],"isInner":false,"widgetType":"button","elType":"widget"}],"isInner":false,"elType":"container"}],"settings":{"template":"elementor_canvas","hide_title":"yes","background_background":"classic","background_color":"#F8F9FA"},"metadata":[]}