{"content":[{"id":"125e679d","settings":{"flex_direction":"column","_title":"1. Hero","background_background":"classic","background_color":"#F8F9FA","background_image":{"url":"http:\/\/www.blueprint.nicolaipalmkvist.com\/wp-content\/uploads\/2024\/12\/Background-1.svg","id":867,"size":"","alt":"","source":"library"},"background_position":"center center","background_repeat":"no-repeat","background_size":"cover","padding_mobile":{"unit":"px","top":"80","right":"0","bottom":"80","left":"0","isLinked":false}},"elements":[{"id":"458e8806","settings":{"content_width":"full","view":"inline","icon_list":[{"text":"Home","selected_icon":{"value":{"url":"http:\/\/www.blueprint.nicolaipalmkvist.com\/wp-content\/uploads\/2024\/10\/YouTube-Thumbnail-16.svg","id":660},"library":"svg"},"_id":"626e627","__dynamic__":{"link":"[elementor-tag id=\"721bf8d\" name=\"site-url\" settings=\"%7B%7D\"]"}},{"text":"Blog","selected_icon":{"value":{"url":"http:\/\/www.blueprint.nicolaipalmkvist.com\/wp-content\/uploads\/2024\/10\/61944ccf93e1e314b76023cd_arrow-right.svg","id":19},"library":"svg"},"_id":"0db4a65","__dynamic__":{"link":"[elementor-tag id=\"7964e38\" name=\"internal-url\" settings=\"%7B%22type%22%3A%22post%22%2C%22post_id%22%3A%22481%22%7D\"]"}}],"space_between":{"unit":"px","size":5,"sizes":[]},"icon_size":{"unit":"px","size":18,"sizes":[]},"icon_typography_typography":"custom","icon_typography_font_family":"Dm Sans","icon_typography_font_size":{"unit":"px","size":15,"sizes":[]},"icon_typography_font_weight":"600","text_color":"#000000","text_indent":{"unit":"px","size":0,"sizes":[]},"icon_color":"#000000","icon_size_mobile":{"unit":"px","size":32,"sizes":[]},"icon_typography_font_size_mobile":{"unit":"px","size":16,"sizes":[]},"icon_size_tablet":{"unit":"px","size":29,"sizes":[]},"icon_typography_font_size_tablet":{"unit":"px","size":18,"sizes":[]},"icon_typography_line_height":{"unit":"px","size":"","sizes":[]},"icon_typography_word_spacing":{"unit":"px","size":"","sizes":[]},"_background_color_stop_tablet":{"unit":"%"},"_background_color_stop_mobile":{"unit":"%"},"_background_color_b_stop_tablet":{"unit":"%"},"_background_color_b_stop_mobile":{"unit":"%"},"_background_gradient_angle_tablet":{"unit":"deg"},"_background_gradient_angle_mobile":{"unit":"deg"},"_background_gradient_position_tablet":"","_background_gradient_position_mobile":"","_background_hover_color_stop_tablet":{"unit":"%"},"_background_hover_color_stop_mobile":{"unit":"%"},"_background_hover_color_b_stop_tablet":{"unit":"%"},"_background_hover_color_b_stop_mobile":{"unit":"%"},"_background_hover_gradient_angle_tablet":{"unit":"deg"},"_background_hover_gradient_angle_mobile":{"unit":"deg"},"_background_hover_gradient_position_tablet":"","_background_hover_gradient_position_mobile":"","icon_align":"center","text_color_hover":"#1465D2"},"elements":[],"isInner":false,"widgetType":"icon-list","elType":"widget"},{"id":"19985953","settings":{"content_width":"full","title":"Add Your Blog <br>\n<span class=\"twocolor\">Heading Here\n<\/span>","typography_typography":"custom","typography_font_weight":"600","align":"center","typography_font_size":{"unit":"px","size":50,"sizes":[]},"__globals__":{"title_color":""},"typography_font_family":"Kameron","header_size":"h1","title_color":"#000000","typography_font_size_tablet":{"unit":"px","size":40,"sizes":[]},"typography_font_size_mobile":{"unit":"px","size":35,"sizes":[]}},"elements":[],"isInner":false,"widgetType":"heading","elType":"widget"},{"id":"702b3c88","settings":{"content_width":"full","text_color":"#000000","typography_typography":"custom","typography_font_family":"DM Sans","typography_font_weight":"500","editor":"<p>Lorem ipsum dolor sit amet, consectetur adipiscing elit.<br \/>Fusce nec egestas lacus. Sed sodales interdum venenatis.<\/p>","align":"center","__globals__":{"text_color":""},"typography_font_size":{"unit":"px","size":16,"sizes":[]}},"elements":[],"isInner":false,"widgetType":"text-editor","elType":"widget"},{"id":"1af24c80","settings":{"content_width":"full","text":"Subscribe to newsletter","selected_icon":{"value":"fas fa-arrow-right","library":"fa-solid"},"icon_align":"row-reverse","icon_indent":{"size":17,"unit":"px","sizes":[]},"typography_typography":"custom","typography_font_family":"Dm Sans","typography_font_weight":"500","border_border":"none","border_color":"#000000","button_text_color":"#FFFFFF","hover_color":"#FFFFFF","border_radius":{"top":"8","left":"8","unit":"px","right":"8","bottom":"8","isLinked":true},"__globals__":{"background_color":"","border_color":"","hover_color":"","button_text_color":"","button_hover_border_color":"","button_background_hover_color":""},"typography_font_size":{"size":16,"unit":"px","sizes":[]},"border_width":{"top":"0","left":"0","unit":"px","right":"0","bottom":"0","isLinked":true},"typography_font_size_tablet":{"size":16,"unit":"px","sizes":[]},"typography_font_size_mobile":{"size":16,"unit":"px","sizes":[]},"typography_line_height":{"size":"150%","unit":"custom","sizes":[]},"typography_line_height_tablet":{"size":"150%","unit":"custom","sizes":[]},"typography_line_height_mobile":{"size":"150%","unit":"custom","sizes":[]},"background_color":"#0071E3","border_width_tablet":{"top":"1","left":"1","unit":"px","right":"1","bottom":"1","isLinked":true},"border_width_mobile":{"top":"1","left":"1","unit":"px","right":"1","bottom":"1","isLinked":true},"border_radius_tablet":{"top":"8","left":"8","unit":"px","right":"8","bottom":"8","isLinked":true},"border_radius_mobile":{"top":"8","left":"8","unit":"px","right":"8","bottom":"8","isLinked":true},"text_padding":{"top":"12","left":"20","unit":"px","right":"20","bottom":"12","isLinked":false},"_margin":{"top":"0","left":"0","unit":"px","right":"0","bottom":"0","isLinked":false},"_padding":{"top":"0","left":"0","unit":"px","right":"0","bottom":"0","isLinked":false},"background_background":"gradient","background_color_stop":{"unit":"%","size":42,"sizes":[]},"background_color_b":"#25409E","background_gradient_angle":{"unit":"deg","size":140,"sizes":[]},"button_background_hover_background":"gradient","button_background_hover_color":"#027BF5","button_background_hover_color_stop":{"unit":"%","size":42,"sizes":[]},"button_background_hover_color_b":"#25409E","button_background_hover_gradient_angle":{"unit":"deg","size":140,"sizes":[]},"button_hover_border_color":"#25409E","_element_width":"auto","align":"center"},"elements":[],"isInner":false,"widgetType":"button","elType":"widget"},{"id":"38e38bc0","settings":{"content_width":"full","padding_tablet":{"unit":"px","top":"50","right":"50","bottom":"50","left":"50","isLinked":false},"padding_mobile":{"unit":"px","top":"50","right":"20","bottom":"0","left":"20","isLinked":false}},"elements":[{"id":"38ed3eb5","settings":{"title":"Articles","typography_typography":"custom","jedv_conditions":[{"_id":"a330aa1"}],"typography_font_weight":"600","jet_tricks_widget_satellite_image":{"id":49,"url":"http:\/\/looja.dk\/wp-content\/uploads\/2023\/08\/placeholder-24.png"},"typography_font_family":"Kameron","__globals__":{"typography_typography":"","title_color":""},"typography_font_size":{"unit":"px","size":40,"sizes":[]},"typography_text_transform":"none","typography_line_height":{"unit":"px","size":59,"sizes":[]},"align":"left","typography_font_size_mobile":{"unit":"px","size":35,"sizes":[]},"align_tablet":"center","align_mobile":"center","title_color":"#000000"},"elements":[],"isInner":false,"widgetType":"heading","elType":"widget"},{"id":"28a0fb97","settings":{"_skin":"cards","classic_meta_separator":"\/\/\/","classic_read_more_text":"Read More \u00bb","cards_posts_per_page":15,"cards_item_ratio":{"unit":"px","size":0.55,"sizes":[]},"cards_meta_data":["date"],"cards_meta_separator":"\u2022","cards_read_more_text":"Read the article \u2192","cards_open_new_tab":"yes","cards_show_avatar":"","full_content_meta_separator":"\/\/\/","cards_alignment":"left","cards_badge_color":"#4618D8","cards_badge_radius":{"unit":"px","size":23,"sizes":[]},"cards_badge_typography_typography":"custom","cards_badge_typography_font_family":"Manrope","cards_badge_typography_font_weight":"700","cards_badge_typography_text_transform":"none","cards_badge_typography_letter_spacing":{"unit":"px","size":0,"sizes":[]},"cards_title_typography_typography":"custom","cards_title_typography_font_family":"Dm Sans","cards_title_typography_font_size":{"unit":"px","size":20,"sizes":[]},"cards_title_typography_font_weight":"600","cards_title_typography_letter_spacing":{"unit":"px","size":-0.2,"sizes":[]},"cards_title_spacing":{"unit":"px","size":14,"sizes":[]},"cards_read_more_typography_typography":"custom","cards_read_more_typography_font_family":"Dm Sans","cards_read_more_typography_font_size":{"unit":"px","size":15,"sizes":[]},"cards_read_more_typography_font_weight":"500","cards_read_more_typography_text_transform":"none","pagination_page_limit":"5","pagination_prev_label":"&laquo; Previous","pagination_next_label":"Next &raquo;","__globals__":{"cards_badge_bg_color":"","cards_excerpt_color":"globals\/colors?id=accent","cards_card_bg_color":"","cards_card_border_color":"","cards_read_more_color":"","cards_meta_color":"","cards_title_color":"","cards_meta_separator_color":"","background_color":"globals\/colors?id=f9c74af"},"cards_card_border_radius":{"unit":"px","size":10,"sizes":[]},"cards_card_padding":{"unit":"px","size":23,"sizes":[]},"cards_title_typography_font_size_mobile":{"unit":"px","size":20,"sizes":[]},"cards_read_more_typography_font_size_mobile":{"unit":"px","size":15,"sizes":[]},"text":"Load More","load_more_no_posts_custom_message":"No more posts to show","display_condition_list":[{"display_condition_login_status":"subscriber","_id":"c01fff9"}],"cards_read_more_alignment":"yes","cards_card_border_color":"#051B2C","cards_card_border_width":{"unit":"px","size":0,"sizes":[]},"cards_meta_border_color":"#02010108","cards_image_spacing":{"unit":"px","size":6,"sizes":[]},"cards_badge_size":{"unit":"px","size":14,"sizes":[]},"cards_meta_typography_typography":"custom","cards_meta_typography_font_family":"Dm Sans","cards_meta_typography_font_size":{"unit":"px","size":16,"sizes":[]},"cards_excerpt_typography_typography":"custom","cards_excerpt_typography_font_family":"Dm Sans","cards_excerpt_typography_font_size":{"unit":"px","size":16,"sizes":[]},"cards_excerpt_spacing":{"unit":"px","size":14,"sizes":[]},"_padding":{"unit":"px","top":"0","right":"0","bottom":"0","left":"0","isLinked":false},"posts_include":["terms"],"posts_include_term_ids":["130"],"jet_tricks_widget_satellite_image":{"id":2044,"url":"http:\/\/looja.dk\/wp-content\/uploads\/2023\/09\/placeholder-145.png"},"cards_apply_to_custom_excerpt":"","cards_row_gap":{"unit":"px","size":40,"sizes":[]},"cards_card_bg_color":"#FFFFFF","cards_title_typography_text_decoration":"none","cards_read_more_typography_text_decoration":"none","cards_badge_bg_color":"#FFFFFF","cards_excerpt_color":"#000000","cards_read_more_color":"#0071E3","cards_title_color":"#000000","cards_meta_separator_color":"#54595F","cards_thumbnail_size_size":"medium_large","pagination_type":"load_more_on_click","typography_typography":"custom","typography_font_family":"Manrope","typography_font_weight":"600","cards_meta_color":"#000000","cards_excerpt_typography_font_size_mobile":{"unit":"px","size":15,"sizes":[]},"cards_excerpt_spacing_mobile":{"unit":"px","size":26,"sizes":[]}},"elements":[],"isInner":false,"widgetType":"posts","elType":"widget"}],"isInner":true,"elType":"container"}],"isInner":false,"elType":"container"}],"settings":{"template":"default","custom_css":"\n\n.twocolor {\n    color: #166DDF;\n    background: #166DE0 ;\n    -webkit-background-clip: text;\n    -webkit-text-fill-color: transparent;\n}\n\n\n\n\n\n"},"metadata":[]}