{"content":[{"id":"be5612e","settings":{"boxed_width":{"unit":"px","size":1200,"sizes":[]},"padding_tablet":{"unit":"px","top":"50","right":"50","bottom":"50","left":"50","isLinked":true},"padding_mobile":{"unit":"px","top":"20","right":"20","bottom":"20","left":"20","isLinked":true}},"elements":[{"id":"3af17090","settings":{"content_width":"full","title":"Privacy Policy at [Your Company Name]","__dynamic__":{"link":"[elementor-tag id=\"25d0750\" name=\"archive-url\" settings=\"%7B%7D\"]"}},"elements":[],"isInner":false,"widgetType":"heading","elType":"widget"},{"id":"31ced253","settings":{"content_width":"full","editor":"<p><strong>Introduction<\/strong><br \/>At [Your Company Name], we are committed to protecting your personal information and your right to privacy. This Privacy Policy explains how we collect, use, and disclose your information when you visit our website, [your website URL], or engage with our services.<\/p><p><strong>Information We Collect<\/strong><br \/>We collect personal information that you voluntarily provide to us when you register on our website, place an order, subscribe to our newsletter, or contact us. This information may include your name, email address, phone number, and payment details.<\/p><p><strong>How We Use Your Information<\/strong><br \/>We use the information we collect in the following ways:<\/p><ul><li>To process and manage orders<\/li><li>To send promotional emails (with your consent)<\/li><li>To respond to your inquiries<\/li><li>To improve our website and services<\/li><li>To comply with legal obligations<\/li><\/ul><p><strong>Sharing Your Information<\/strong><br \/>We do not share your personal information with third parties, except as required by law or to provide you with our services (e.g., payment processors, email service providers).<\/p><p><strong>Cookies and Tracking Technologies<\/strong><br \/>Our website uses cookies to track your interactions and improve your experience. You can control your cookie preferences through your browser settings.<\/p><p><strong>Data Retention<\/strong><br \/>We retain your personal information only for as long as necessary to fulfill the purposes outlined in this Privacy Policy, unless a longer retention period is required or permitted by law.<\/p><p><strong>Your Rights<\/strong><br \/>You have the right to access, correct, update, or delete your personal information. To exercise any of these rights, please contact us at [your contact email].<\/p><p><strong>Changes to This Policy<\/strong><br \/>We may update this Privacy Policy from time to time. We will notify you of any changes by posting the new policy on our website.<\/p><p><strong>Contact Us<\/strong><br \/>If you have any questions or concerns about this Privacy Policy, please contact us at [your contact email].<\/p>","text_color":"#000000","__globals__":{"text_color":"","typography_typography":"globals\/typography?id=text"}},"elements":[],"isInner":false,"widgetType":"text-editor","elType":"widget"}],"isInner":false,"elType":"container"}],"settings":[],"metadata":[]}