{"content":[{"id":"1ae0a22","settings":{"boxed_width":{"unit":"px","size":1200,"sizes":[]},"padding_tablet":{"unit":"px","top":"50","right":"50","bottom":"50","left":"50","isLinked":true},"padding_mobile":{"unit":"px","top":"20","right":"20","bottom":"20","left":"20","isLinked":true}},"elements":[{"id":"28bd55a9","settings":{"content_width":"full","title":"Terms and Conditions at [Your Company Name]","header_size":"h1","__dynamic__":{"link":"[elementor-tag id=\"25d0750\" name=\"archive-url\" settings=\"%7B%7D\"]"}},"elements":[],"isInner":false,"widgetType":"heading","elType":"widget"},{"id":"3dbe549c","settings":{"content_width":"full","editor":"<p><strong>Introduction<\/strong><br \/>Welcome to [Your Company Name]. These terms and conditions outline the rules and regulations for the use of our website, [your website URL], and our services. By accessing or using our website, you agree to comply with these terms. If you do not agree, please do not use our services.<\/p><p><strong>Use of the Website<\/strong><br \/>By using our website, you confirm that you are at least 18 years of age or have parental consent, and that the information you provide is accurate, current, and complete.<\/p><p><strong>Intellectual Property<\/strong><br \/>All content on this website, including but not limited to text, graphics, logos, and software, is the property of [Your Company Name] or its content suppliers and is protected by copyright and other intellectual property laws. You may not use or reproduce any content without our written permission.<\/p><p><strong>User Accounts<\/strong><br \/>If you create an account on our website, you are responsible for maintaining the confidentiality of your account and password and for all activities that occur under your account. You agree to notify us immediately of any unauthorized use of your account.<\/p><p><strong>Orders and Payments<\/strong><br \/>When you place an order on our website, you agree to provide accurate billing and contact information. All payments must be made in full at the time of purchase. We reserve the right to refuse or cancel any order for reasons including product availability, errors in the description or pricing, or suspicion of fraudulent activity.<\/p><p><strong>Returns and Refunds<\/strong><br \/>For information about our return and refund policy, please refer to our [Refund Policy page] or contact our support team.<\/p><p><strong>Limitation of Liability<\/strong><br \/>To the fullest extent permitted by law, [Your Company Name] is not liable for any damages arising from your use of our website or services, including but not limited to direct, indirect, incidental, or consequential damages.<\/p><p><strong>Changes to These Terms<\/strong><br \/>We may update these Terms and Conditions from time to time. We will notify you of any changes by posting the updated terms on our website. Your continued use of the website following any changes indicates your acceptance of the new terms.<\/p><p><strong>Governing Law<\/strong><br \/>These Terms and Conditions are governed by and construed in accordance with the laws of [Your Country\/State]. Any disputes arising out of these terms will be subject to the exclusive jurisdiction of the courts of [Your Country\/State].<\/p><p><strong>Contact Us<\/strong><br \/>If you have any questions or concerns about these Terms and Conditions, please contact us at [your contact email].<\/p>","text_color":"#000000","__globals__":{"text_color":"","typography_typography":"globals\/typography?id=text"}},"elements":[],"isInner":false,"widgetType":"text-editor","elType":"widget"}],"isInner":false,"elType":"container"}],"settings":[],"metadata":[]}