{"content":[{"id":"16b62b66","settings":{"flex_direction":"column","content_width":"full","min_height":{"unit":"vh","size":600,"sizes":[]},"min_height_tablet":{"unit":"vh","size":500,"sizes":[]},"min_height_mobile":{"unit":"vh","size":500,"sizes":[]},"flex_gap":{"column":"0","row":"0","isLinked":true,"unit":"px","size":0},"background_background":"classic","padding":{"unit":"px","top":"0","right":"0","bottom":"100","left":"0","isLinked":false},"css_classes":"scroller","_title":"Hero 1","background_color":"#F8F9FA","margin":{"unit":"px","top":"0","right":"0","bottom":"0","left":"0","isLinked":false},"padding_tablet":{"unit":"px","top":"20","right":"0","bottom":"0","left":"0","isLinked":false},"__globals__":{"background_color":""},"margin_tablet":{"unit":"px","top":"0","right":"0","bottom":"0","left":"0","isLinked":false},"padding_mobile":{"unit":"px","top":"0","right":"20","bottom":"0","left":"20","isLinked":false},"background_color_stop_tablet":{"unit":"%"},"background_color_stop_mobile":{"unit":"%"},"background_color_b_stop_tablet":{"unit":"%"},"background_color_b_stop_mobile":{"unit":"%"},"background_gradient_angle_tablet":{"unit":"deg"},"background_gradient_angle_mobile":{"unit":"deg"},"background_gradient_position_tablet":"","background_gradient_position_mobile":"","background_hover_color_stop_tablet":{"unit":"%"},"background_hover_color_stop_mobile":{"unit":"%"},"background_hover_color_b_stop_tablet":{"unit":"%"},"background_hover_color_b_stop_mobile":{"unit":"%"},"background_hover_gradient_angle_tablet":{"unit":"deg"},"background_hover_gradient_angle_mobile":{"unit":"deg"},"background_hover_gradient_position_tablet":"","background_hover_gradient_position_mobile":"","background_overlay_color_stop_tablet":{"unit":"%"},"background_overlay_color_stop_mobile":{"unit":"%"},"background_overlay_color_b_stop_tablet":{"unit":"%"},"background_overlay_color_b_stop_mobile":{"unit":"%"},"background_overlay_gradient_angle_tablet":{"unit":"deg"},"background_overlay_gradient_angle_mobile":{"unit":"deg"},"background_overlay_gradient_position_tablet":"","background_overlay_gradient_position_mobile":"","background_overlay_hover_color_stop_tablet":{"unit":"%"},"background_overlay_hover_color_stop_mobile":{"unit":"%"},"background_overlay_hover_color_b_stop_tablet":{"unit":"%"},"background_overlay_hover_color_b_stop_mobile":{"unit":"%"},"background_overlay_hover_gradient_angle_tablet":{"unit":"deg"},"background_overlay_hover_gradient_angle_mobile":{"unit":"deg"},"background_overlay_hover_gradient_position_tablet":"","background_overlay_hover_gradient_position_mobile":"","background_image":{"url":"http:\/\/www.blueprint.nicolaipalmkvist.com\/wp-content\/uploads\/2024\/12\/Background-1.svg","id":867,"size":"","alt":"","source":"library"},"background_position":"center center","background_size":"cover","z_index":99},"elements":[{"id":"5eb61427","settings":{"content_width":"full","min_height":{"unit":"vh","size":100,"sizes":[]},"min_height_tablet":{"unit":"vh","size":89,"sizes":[]},"min_height_mobile":{"unit":"vh","size":100,"sizes":[]},"padding":{"unit":"px","top":"80","right":"0","bottom":"0","left":"0","isLinked":false},"sticky":"top","sticky_parent":"yes","_title":"carousel_container","overflow":"hidden","padding_tablet":{"unit":"px","top":"0","right":"0","bottom":"0","left":"0","isLinked":false},"padding_mobile":{"unit":"px","top":"0","right":"0","bottom":"0","left":"0","isLinked":false},"background_color_stop_tablet":{"unit":"%"},"background_color_stop_mobile":{"unit":"%"},"background_color_b_stop_tablet":{"unit":"%"},"background_color_b_stop_mobile":{"unit":"%"},"background_gradient_angle_tablet":{"unit":"deg"},"background_gradient_angle_mobile":{"unit":"deg"},"background_gradient_position_tablet":"","background_gradient_position_mobile":"","background_hover_color_stop_tablet":{"unit":"%"},"background_hover_color_stop_mobile":{"unit":"%"},"background_hover_color_b_stop_tablet":{"unit":"%"},"background_hover_color_b_stop_mobile":{"unit":"%"},"background_hover_gradient_angle_tablet":{"unit":"deg"},"background_hover_gradient_angle_mobile":{"unit":"deg"},"background_hover_gradient_position_tablet":"","background_hover_gradient_position_mobile":"","background_overlay_color_stop_tablet":{"unit":"%"},"background_overlay_color_stop_mobile":{"unit":"%"},"background_overlay_color_b_stop_tablet":{"unit":"%"},"background_overlay_color_b_stop_mobile":{"unit":"%"},"background_overlay_gradient_angle_tablet":{"unit":"deg"},"background_overlay_gradient_angle_mobile":{"unit":"deg"},"background_overlay_gradient_position_tablet":"","background_overlay_gradient_position_mobile":"","background_overlay_hover_color_stop_tablet":{"unit":"%"},"background_overlay_hover_color_stop_mobile":{"unit":"%"},"background_overlay_hover_color_b_stop_tablet":{"unit":"%"},"background_overlay_hover_color_b_stop_mobile":{"unit":"%"},"background_overlay_hover_gradient_angle_tablet":{"unit":"deg"},"background_overlay_hover_gradient_angle_mobile":{"unit":"deg"},"background_overlay_hover_gradient_position_tablet":"","background_overlay_hover_gradient_position_mobile":"","margin":{"unit":"px","top":"-76","right":"0","bottom":"0","left":"0","isLinked":false},"z_index":99,"margin_tablet":{"unit":"px","top":"0","right":"0","bottom":"0","left":"0","isLinked":false},"margin_mobile":{"unit":"px","top":"0","right":"0","bottom":"0","left":"0","isLinked":false}},"elements":[{"id":"743ac4f7","settings":{"content_width":"full","source_json":{"id":661,"url":"http:\/\/www.blueprint.nicolaipalmkvist.com\/wp-content\/uploads\/2024\/10\/Animation-1717687475253-1.json","alt":"","source":"library","size":""},"trigger":"none","loop":"yes","width":{"unit":"%","size":450,"sizes":[]},"_flex_size":"grow","_position":"absolute","_offset_orientation_h":"end","_offset_x":{"unit":"px","size":920,"sizes":[]},"_offset_x_end":{"unit":"px","size":860,"sizes":[]},"_offset_y":{"unit":"px","size":800,"sizes":[]},"_transform_rotate_popover":"transform","_transform_rotateZ_effect":{"unit":"px","size":-90,"sizes":[]},"_title":"Lottie","hide_desktop":"hidden-desktop","hide_tablet":"hidden-tablet","hide_mobile":"hidden-mobile","caption_typography_line_height":{"unit":"px","size":"","sizes":[]},"caption_typography_word_spacing":{"unit":"px","size":"","sizes":[]},"_background_color_stop_tablet":{"unit":"%"},"_background_color_stop_mobile":{"unit":"%"},"_background_color_b_stop_tablet":{"unit":"%"},"_background_color_b_stop_mobile":{"unit":"%"},"_background_gradient_angle_tablet":{"unit":"deg"},"_background_gradient_angle_mobile":{"unit":"deg"},"_background_gradient_position_tablet":"","_background_gradient_position_mobile":"","_background_hover_color_stop_tablet":{"unit":"%"},"_background_hover_color_stop_mobile":{"unit":"%"},"_background_hover_color_b_stop_tablet":{"unit":"%"},"_background_hover_color_b_stop_mobile":{"unit":"%"},"_background_hover_gradient_angle_tablet":{"unit":"deg"},"_background_hover_gradient_angle_mobile":{"unit":"deg"},"_background_hover_gradient_position_tablet":"","_background_hover_gradient_position_mobile":""},"elements":[],"isInner":false,"widgetType":"lottie","elType":"widget"},{"id":"71eb4f9e","settings":{"content_width":"full","view":"inline","icon_list":[{"text":"Home","selected_icon":{"value":{"url":"http:\/\/www.blueprint.nicolaipalmkvist.com\/wp-content\/uploads\/2024\/10\/YouTube-Thumbnail-16.svg","id":660},"library":"svg"},"_id":"626e627","__dynamic__":{"link":"[elementor-tag id=\"ebf5df6\" name=\"site-url\" settings=\"%7B%7D\"]"}},{"text":"About us","selected_icon":{"value":{"url":"http:\/\/www.blueprint.nicolaipalmkvist.com\/wp-content\/uploads\/2024\/10\/61944ccf93e1e314b76023cd_arrow-right.svg","id":19},"library":"svg"},"_id":"0db4a65","__dynamic__":{"link":"[elementor-tag id=\"9545be9\" name=\"internal-url\" settings=\"%7B%22type%22%3A%22post%22%2C%22post_id%22%3A%221231%22%7D\"]"}}],"space_between":{"unit":"px","size":5,"sizes":[]},"icon_size":{"unit":"px","size":18,"sizes":[]},"icon_typography_typography":"custom","icon_typography_font_family":"Dm Sans","icon_typography_font_size":{"unit":"px","size":15,"sizes":[]},"icon_typography_font_weight":"600","text_color":"#000000","text_indent":{"unit":"px","size":0,"sizes":[]},"icon_color":"#000000","icon_size_mobile":{"unit":"px","size":32,"sizes":[]},"icon_typography_font_size_mobile":{"unit":"px","size":16,"sizes":[]},"icon_size_tablet":{"unit":"px","size":29,"sizes":[]},"icon_typography_font_size_tablet":{"unit":"px","size":18,"sizes":[]},"icon_typography_line_height":{"unit":"px","size":"","sizes":[]},"icon_typography_word_spacing":{"unit":"px","size":"","sizes":[]},"_background_color_stop_tablet":{"unit":"%"},"_background_color_stop_mobile":{"unit":"%"},"_background_color_b_stop_tablet":{"unit":"%"},"_background_color_b_stop_mobile":{"unit":"%"},"_background_gradient_angle_tablet":{"unit":"deg"},"_background_gradient_angle_mobile":{"unit":"deg"},"_background_gradient_position_tablet":"","_background_gradient_position_mobile":"","_background_hover_color_stop_tablet":{"unit":"%"},"_background_hover_color_stop_mobile":{"unit":"%"},"_background_hover_color_b_stop_tablet":{"unit":"%"},"_background_hover_color_b_stop_mobile":{"unit":"%"},"_background_hover_gradient_angle_tablet":{"unit":"deg"},"_background_hover_gradient_angle_mobile":{"unit":"deg"},"_background_hover_gradient_position_tablet":"","_background_hover_gradient_position_mobile":"","icon_align":"center","text_color_hover":"#125FC9","_margin":{"unit":"px","top":"40","right":"0","bottom":"0","left":"0","isLinked":false}},"elements":[],"isInner":false,"widgetType":"icon-list","elType":"widget"},{"id":"62911e21","settings":{"title":"About us heading<span class=\"twocolor\"> <br>Scroll Down\n<\/span>","title_color":"#000000","typography_typography":"custom","typography_font_family":"Kameron","typography_font_size":{"unit":"px","size":50,"sizes":[]},"typography_font_weight":"600","pa_condition_repeater":[],"premium_tooltip_text":"Hi, I'm a global tooltip.","premium_tooltip_position":"top,bottom","_element_width":"inherit","_element_custom_width":{"unit":"%","size":90,"sizes":[]},"typography_font_size_tablet":{"unit":"px","size":35,"sizes":[]},"typography_line_height_tablet":{"unit":"px","size":34,"sizes":[]},"typography_line_height_mobile":{"unit":"em","size":1.3,"sizes":[]},"_element_custom_width_tablet":{"unit":"%","size":90,"sizes":[]},"_element_custom_width_mobile":{"unit":"%","size":"","sizes":[]},"align":"center","typography_text_transform":"capitalize","content_width":"full","typography_font_size_mobile":{"unit":"px","size":35,"sizes":[]},"typography_line_height":{"unit":"px","size":"","sizes":[]},"typography_word_spacing":{"unit":"px","size":"","sizes":[]},"_background_color_stop_tablet":{"unit":"%"},"_background_color_stop_mobile":{"unit":"%"},"_background_color_b_stop_tablet":{"unit":"%"},"_background_color_b_stop_mobile":{"unit":"%"},"_background_gradient_angle_tablet":{"unit":"deg"},"_background_gradient_angle_mobile":{"unit":"deg"},"_background_gradient_position_tablet":"","_background_gradient_position_mobile":"","_background_hover_color_stop_tablet":{"unit":"%"},"_background_hover_color_stop_mobile":{"unit":"%"},"_background_hover_color_b_stop_tablet":{"unit":"%"},"_background_hover_color_b_stop_mobile":{"unit":"%"},"_background_hover_gradient_angle_tablet":{"unit":"deg"},"_background_hover_gradient_angle_mobile":{"unit":"deg"},"_background_hover_gradient_position_tablet":"","_background_hover_gradient_position_mobile":"","header_size":"h1"},"elements":[],"isInner":false,"widgetType":"heading","elType":"widget"},{"id":"45639da","settings":{"editor":"<div class=\"flex max-w-full flex-col flex-grow\"><div class=\"min-h-[20px] text-message flex w-full flex-col items-end gap-2 whitespace-normal break-words [.text-message+&amp;]:mt-5\" dir=\"auto\" data-message-author-role=\"assistant\" data-message-id=\"0a2298c2-7f3f-4962-b97a-750f07075d60\"><div class=\"flex w-full flex-col gap-1 empty:hidden first:pt-[3px]\"><div class=\"markdown prose w-full break-words dark:prose-invert light\"><p>Explore our team of digital experts who are here to help you navigate your online journey. Each advisor brings a wealth of knowledge and experience to assist you with your specific needs. Feel free to reach out and connect with the right person to get the guidance you need for your digital projects.<\/p><\/div><\/div><\/div><\/div>","__globals__":{"typography_typography":""},"text_color":"#000000","typography_typography":"custom","typography_font_family":"Montserrat","typography_font_size":{"unit":"px","size":15,"sizes":[]},"typography_font_weight":"500","typography_line_height":{"unit":"px","size":27,"sizes":[]},"pa_condition_repeater":[],"premium_tooltip_text":"Hi, I'm a global tooltip.","premium_tooltip_position":"top,bottom","align":"center","_margin_tablet":{"unit":"px","top":"0","right":"0","bottom":"0","left":"0","isLinked":false},"_margin_mobile":{"unit":"px","top":"0","right":"0","bottom":"8","left":"0","isLinked":false},"_padding":{"unit":"px","top":"0","right":"250","bottom":"0","left":"250","isLinked":false},"content_width":"full","_padding_tablet":{"unit":"px","top":"0","right":"50","bottom":"0","left":"50","isLinked":false},"_padding_mobile":{"unit":"px","top":"0","right":"0","bottom":"0","left":"0","isLinked":false},"typography_word_spacing":{"unit":"px","size":"","sizes":[]},"drop_cap_typography_line_height":{"unit":"px","size":"","sizes":[]},"drop_cap_typography_word_spacing":{"unit":"px","size":"","sizes":[]},"_background_color_stop_tablet":{"unit":"%"},"_background_color_stop_mobile":{"unit":"%"},"_background_color_b_stop_tablet":{"unit":"%"},"_background_color_b_stop_mobile":{"unit":"%"},"_background_gradient_angle_tablet":{"unit":"deg"},"_background_gradient_angle_mobile":{"unit":"deg"},"_background_gradient_position_tablet":"","_background_gradient_position_mobile":"","_background_hover_color_stop_tablet":{"unit":"%"},"_background_hover_color_stop_mobile":{"unit":"%"},"_background_hover_color_b_stop_tablet":{"unit":"%"},"_background_hover_color_b_stop_mobile":{"unit":"%"},"_background_hover_gradient_angle_tablet":{"unit":"deg"},"_background_hover_gradient_angle_mobile":{"unit":"deg"},"_background_hover_gradient_position_tablet":"","_background_hover_gradient_position_mobile":"","_margin":{"unit":"px","top":"0","right":"0","bottom":"-19","left":"0","isLinked":false}},"elements":[],"isInner":false,"widgetType":"text-editor","elType":"widget"},{"id":"327ae025","settings":{"selected_icon":{"value":"fas fa-arrow-circle-down","library":"fa-solid"},"primary_color":"#0071E3","_offset_x":{"unit":"px","size":-21,"sizes":[]},"_offset_y":{"unit":"px","size":-40,"sizes":[]},"content_width":"full","size":{"unit":"px","size":39,"sizes":[]},"__globals__":{"primary_color":""},"_margin_tablet":{"unit":"px","top":"0","right":"0","bottom":"15","left":"0","isLinked":false},"_margin_mobile":{"unit":"px","top":"0","right":"0","bottom":"17","left":"0","isLinked":false},"_background_color_stop_tablet":{"unit":"%"},"_background_color_stop_mobile":{"unit":"%"},"_background_color_b_stop_tablet":{"unit":"%"},"_background_color_b_stop_mobile":{"unit":"%"},"_background_gradient_angle_tablet":{"unit":"deg"},"_background_gradient_angle_mobile":{"unit":"deg"},"_background_gradient_position_tablet":"","_background_gradient_position_mobile":"","_background_hover_color_stop_tablet":{"unit":"%"},"_background_hover_color_stop_mobile":{"unit":"%"},"_background_hover_color_b_stop_tablet":{"unit":"%"},"_background_hover_color_b_stop_mobile":{"unit":"%"},"_background_hover_gradient_angle_tablet":{"unit":"deg"},"_background_hover_gradient_angle_mobile":{"unit":"deg"},"_background_hover_gradient_position_tablet":"","_background_hover_gradient_position_mobile":"","_margin":{"unit":"px","top":"0","right":"0","bottom":"-15","left":"0","isLinked":false}},"elements":[],"isInner":false,"widgetType":"icon","elType":"widget"},{"id":"55978d2c","settings":{"content_width":"full","flex_direction":"row","flex_wrap":"nowrap","_title":"caurosel","_transform_translate_popover":"transform","_transform_translateX_effect":{"unit":"%","size":50,"sizes":[]},"_transform_translateX_effect_tablet":{"unit":"%","size":"","sizes":[]},"_transform_translateX_effect_mobile":{"unit":"%","size":"","sizes":[]},"margin":{"unit":"px","top":"0","right":"0","bottom":"0","left":"0","isLinked":false},"background_color_stop_tablet":{"unit":"%"},"background_color_stop_mobile":{"unit":"%"},"background_color_b_stop_tablet":{"unit":"%"},"background_color_b_stop_mobile":{"unit":"%"},"background_gradient_angle_tablet":{"unit":"deg"},"background_gradient_angle_mobile":{"unit":"deg"},"background_gradient_position_tablet":"","background_gradient_position_mobile":"","background_hover_color_stop_tablet":{"unit":"%"},"background_hover_color_stop_mobile":{"unit":"%"},"background_hover_color_b_stop_tablet":{"unit":"%"},"background_hover_color_b_stop_mobile":{"unit":"%"},"background_hover_gradient_angle_tablet":{"unit":"deg"},"background_hover_gradient_angle_mobile":{"unit":"deg"},"background_hover_gradient_position_tablet":"","background_hover_gradient_position_mobile":"","background_overlay_color_stop_tablet":{"unit":"%"},"background_overlay_color_stop_mobile":{"unit":"%"},"background_overlay_color_b_stop_tablet":{"unit":"%"},"background_overlay_color_b_stop_mobile":{"unit":"%"},"background_overlay_gradient_angle_tablet":{"unit":"deg"},"background_overlay_gradient_angle_mobile":{"unit":"deg"},"background_overlay_gradient_position_tablet":"","background_overlay_gradient_position_mobile":"","background_overlay_hover_color_stop_tablet":{"unit":"%"},"background_overlay_hover_color_stop_mobile":{"unit":"%"},"background_overlay_hover_color_b_stop_tablet":{"unit":"%"},"background_overlay_hover_color_b_stop_mobile":{"unit":"%"},"background_overlay_hover_gradient_angle_tablet":{"unit":"deg"},"background_overlay_hover_gradient_angle_mobile":{"unit":"deg"},"background_overlay_hover_gradient_position_tablet":"","background_overlay_hover_gradient_position_mobile":"","padding":{"unit":"px","top":"0","right":"0","bottom":"0","left":"0","isLinked":false},"z_index":99},"elements":[{"id":"3ef6f605","settings":{"image":{"id":1362,"url":"http:\/\/www.blueprint.nicolaipalmkvist.com\/wp-content\/uploads\/2024\/12\/Untitled-design-52-1.png","alt":"","source":"library","size":""},"title_text":"Owner & CEO","description_text":"Jacob Von Baden<br> Jacob@northbound.com","link":{"url":"mailto:Jacob@northbound.com","is_external":"","nofollow":"","custom_attributes":""},"text_align":"center","image_space":{"unit":"px","size":1,"sizes":[]},"title_bottom_space":{"unit":"px","size":0,"sizes":[]},"image_size":{"unit":"%","size":38,"sizes":[]},"title_color":"#000000","title_typography_typography":"custom","title_typography_font_family":"Kameron","title_typography_font_size":{"unit":"px","size":19,"sizes":[]},"title_typography_font_weight":"600","title_typography_line_height":{"unit":"px","size":37,"sizes":[]},"description_color":"#7A7A7A","description_typography_typography":"custom","description_typography_font_family":"Montserrat","description_typography_font_size":{"unit":"px","size":16,"sizes":[]},"description_typography_font_weight":"400","_padding":{"unit":"px","top":"20","right":"20","bottom":"20","left":"20","isLinked":true},"_element_width":"initial","_element_custom_width":{"unit":"px","size":450,"sizes":[]},"_flex_size":"grow","_position":"absolute","_css_classes":"slide","__globals__":{"description_color":""},"content_width":"full","title_typography_word_spacing":{"unit":"px","size":"","sizes":[]},"description_typography_line_height":{"unit":"px","size":"","sizes":[]},"description_typography_word_spacing":{"unit":"px","size":"","sizes":[]},"_background_color_stop_tablet":{"unit":"%"},"_background_color_stop_mobile":{"unit":"%"},"_background_color_b_stop_tablet":{"unit":"%"},"_background_color_b_stop_mobile":{"unit":"%"},"_background_gradient_angle_tablet":{"unit":"deg"},"_background_gradient_angle_mobile":{"unit":"deg"},"_background_gradient_position_tablet":"","_background_gradient_position_mobile":"","_background_hover_color_stop_tablet":{"unit":"%"},"_background_hover_color_stop_mobile":{"unit":"%"},"_background_hover_color_b_stop_tablet":{"unit":"%"},"_background_hover_color_b_stop_mobile":{"unit":"%"},"_background_hover_gradient_angle_tablet":{"unit":"deg"},"_background_hover_gradient_angle_mobile":{"unit":"deg"},"_background_hover_gradient_position_tablet":"","_background_hover_gradient_position_mobile":""},"elements":[],"isInner":false,"widgetType":"image-box","elType":"widget"},{"id":"43c7cc82","settings":{"image":{"id":1236,"url":"http:\/\/www.blueprint.nicolaipalmkvist.com\/wp-content\/uploads\/2024\/12\/18.png"},"title_text":"Marketing","description_text":"Fleur Schelling<br> Fle@northbound.com","link":{"url":"mailto:Jacob@northbound.com","is_external":"","nofollow":"","custom_attributes":""},"text_align":"center","image_space":{"unit":"px","size":1,"sizes":[]},"title_bottom_space":{"unit":"px","size":0,"sizes":[]},"image_size":{"unit":"%","size":38,"sizes":[]},"title_color":"#000000","title_typography_typography":"custom","title_typography_font_family":"Kameron","title_typography_font_size":{"unit":"px","size":19,"sizes":[]},"title_typography_font_weight":"600","title_typography_line_height":{"unit":"px","size":37,"sizes":[]},"description_color":"#7A7A7A","description_typography_typography":"custom","description_typography_font_family":"Montserrat","description_typography_font_size":{"unit":"px","size":16,"sizes":[]},"description_typography_font_weight":"400","_padding":{"unit":"px","top":"20","right":"20","bottom":"20","left":"20","isLinked":true},"_element_width":"initial","_element_custom_width":{"unit":"px","size":450,"sizes":[]},"_flex_size":"grow","_position":"absolute","_css_classes":"slide","__globals__":{"description_color":""},"content_width":"full","title_typography_word_spacing":{"unit":"px","size":"","sizes":[]},"description_typography_line_height":{"unit":"px","size":"","sizes":[]},"description_typography_word_spacing":{"unit":"px","size":"","sizes":[]},"_background_color_stop_tablet":{"unit":"%"},"_background_color_stop_mobile":{"unit":"%"},"_background_color_b_stop_tablet":{"unit":"%"},"_background_color_b_stop_mobile":{"unit":"%"},"_background_gradient_angle_tablet":{"unit":"deg"},"_background_gradient_angle_mobile":{"unit":"deg"},"_background_gradient_position_tablet":"","_background_gradient_position_mobile":"","_background_hover_color_stop_tablet":{"unit":"%"},"_background_hover_color_stop_mobile":{"unit":"%"},"_background_hover_color_b_stop_tablet":{"unit":"%"},"_background_hover_color_b_stop_mobile":{"unit":"%"},"_background_hover_gradient_angle_tablet":{"unit":"deg"},"_background_hover_gradient_angle_mobile":{"unit":"deg"},"_background_hover_gradient_position_tablet":"","_background_hover_gradient_position_mobile":""},"elements":[],"isInner":false,"widgetType":"image-box","elType":"widget"},{"id":"477f4db0","settings":{"image":{"id":1237,"url":"http:\/\/www.blueprint.nicolaipalmkvist.com\/wp-content\/uploads\/2024\/12\/20-1.png"},"title_text":"Marketing ","description_text":"Bj\u00f6rn van Ham<br>Bjo@northbound.com","link":{"url":"mailto:Jacob@northbound.com","is_external":"","nofollow":"","custom_attributes":""},"text_align":"center","image_space":{"unit":"px","size":1,"sizes":[]},"title_bottom_space":{"unit":"px","size":0,"sizes":[]},"image_size":{"unit":"%","size":38,"sizes":[]},"title_color":"#000000","title_typography_typography":"custom","title_typography_font_family":"Kameron","title_typography_font_size":{"unit":"px","size":19,"sizes":[]},"title_typography_font_weight":"600","title_typography_line_height":{"unit":"px","size":37,"sizes":[]},"description_color":"#7A7A7A","description_typography_typography":"custom","description_typography_font_family":"Montserrat","description_typography_font_size":{"unit":"px","size":16,"sizes":[]},"description_typography_font_weight":"400","_padding":{"unit":"px","top":"20","right":"20","bottom":"20","left":"20","isLinked":true},"_element_width":"initial","_element_custom_width":{"unit":"px","size":450,"sizes":[]},"_flex_size":"grow","_position":"absolute","_css_classes":"slide","__globals__":{"description_color":""},"content_width":"full","title_typography_word_spacing":{"unit":"px","size":"","sizes":[]},"description_typography_line_height":{"unit":"px","size":"","sizes":[]},"description_typography_word_spacing":{"unit":"px","size":"","sizes":[]},"_background_color_stop_tablet":{"unit":"%"},"_background_color_stop_mobile":{"unit":"%"},"_background_color_b_stop_tablet":{"unit":"%"},"_background_color_b_stop_mobile":{"unit":"%"},"_background_gradient_angle_tablet":{"unit":"deg"},"_background_gradient_angle_mobile":{"unit":"deg"},"_background_gradient_position_tablet":"","_background_gradient_position_mobile":"","_background_hover_color_stop_tablet":{"unit":"%"},"_background_hover_color_stop_mobile":{"unit":"%"},"_background_hover_color_b_stop_tablet":{"unit":"%"},"_background_hover_color_b_stop_mobile":{"unit":"%"},"_background_hover_gradient_angle_tablet":{"unit":"deg"},"_background_hover_gradient_angle_mobile":{"unit":"deg"},"_background_hover_gradient_position_tablet":"","_background_hover_gradient_position_mobile":""},"elements":[],"isInner":false,"widgetType":"image-box","elType":"widget"},{"id":"6c815663","settings":{"image":{"id":1238,"url":"http:\/\/www.blueprint.nicolaipalmkvist.com\/wp-content\/uploads\/2024\/12\/15-1.png"},"title_text":"Web Designer","description_text":"Alexandra Gosmand<br>Alex@northbound.com","link":{"url":"mailto:Jacob@northbound.com","is_external":"","nofollow":"","custom_attributes":""},"text_align":"center","image_space":{"unit":"px","size":1,"sizes":[]},"title_bottom_space":{"unit":"px","size":0,"sizes":[]},"image_size":{"unit":"%","size":38,"sizes":[]},"title_color":"#000000","title_typography_typography":"custom","title_typography_font_family":"Kameron","title_typography_font_size":{"unit":"px","size":19,"sizes":[]},"title_typography_font_weight":"600","title_typography_line_height":{"unit":"px","size":37,"sizes":[]},"description_color":"#7A7A7A","description_typography_typography":"custom","description_typography_font_family":"Montserrat","description_typography_font_size":{"unit":"px","size":16,"sizes":[]},"description_typography_font_weight":"400","_padding":{"unit":"px","top":"20","right":"20","bottom":"20","left":"20","isLinked":true},"_element_width":"initial","_element_custom_width":{"unit":"px","size":450,"sizes":[]},"_flex_size":"grow","_position":"absolute","_css_classes":"slide","__globals__":{"description_color":""},"content_width":"full","title_typography_word_spacing":{"unit":"px","size":"","sizes":[]},"description_typography_line_height":{"unit":"px","size":"","sizes":[]},"description_typography_word_spacing":{"unit":"px","size":"","sizes":[]},"_background_color_stop_tablet":{"unit":"%"},"_background_color_stop_mobile":{"unit":"%"},"_background_color_b_stop_tablet":{"unit":"%"},"_background_color_b_stop_mobile":{"unit":"%"},"_background_gradient_angle_tablet":{"unit":"deg"},"_background_gradient_angle_mobile":{"unit":"deg"},"_background_gradient_position_tablet":"","_background_gradient_position_mobile":"","_background_hover_color_stop_tablet":{"unit":"%"},"_background_hover_color_stop_mobile":{"unit":"%"},"_background_hover_color_b_stop_tablet":{"unit":"%"},"_background_hover_color_b_stop_mobile":{"unit":"%"},"_background_hover_gradient_angle_tablet":{"unit":"deg"},"_background_hover_gradient_angle_mobile":{"unit":"deg"},"_background_hover_gradient_position_tablet":"","_background_hover_gradient_position_mobile":""},"elements":[],"isInner":false,"widgetType":"image-box","elType":"widget"},{"id":"639fe2e2","settings":{"image":{"id":1239,"url":"http:\/\/www.blueprint.nicolaipalmkvist.com\/wp-content\/uploads\/2024\/12\/17.png"},"title_text":"Web developer","description_text":"Joris van der sar<br>joris@northbound.com","link":{"url":"mailto:Jacob@northbound.com","is_external":"","nofollow":"","custom_attributes":""},"text_align":"center","image_space":{"unit":"px","size":1,"sizes":[]},"title_bottom_space":{"unit":"px","size":0,"sizes":[]},"image_size":{"unit":"%","size":38,"sizes":[]},"title_color":"#000000","title_typography_typography":"custom","title_typography_font_family":"Kameron","title_typography_font_size":{"unit":"px","size":19,"sizes":[]},"title_typography_font_weight":"600","title_typography_line_height":{"unit":"px","size":37,"sizes":[]},"description_color":"#7A7A7A","description_typography_typography":"custom","description_typography_font_family":"Montserrat","description_typography_font_size":{"unit":"px","size":16,"sizes":[]},"description_typography_font_weight":"400","_padding":{"unit":"px","top":"20","right":"20","bottom":"20","left":"20","isLinked":true},"_element_width":"initial","_element_custom_width":{"unit":"px","size":450,"sizes":[]},"_flex_size":"grow","_position":"absolute","_css_classes":"slide","__globals__":{"description_color":""},"content_width":"full","title_typography_word_spacing":{"unit":"px","size":"","sizes":[]},"description_typography_line_height":{"unit":"px","size":"","sizes":[]},"description_typography_word_spacing":{"unit":"px","size":"","sizes":[]},"_background_color_stop_tablet":{"unit":"%"},"_background_color_stop_mobile":{"unit":"%"},"_background_color_b_stop_tablet":{"unit":"%"},"_background_color_b_stop_mobile":{"unit":"%"},"_background_gradient_angle_tablet":{"unit":"deg"},"_background_gradient_angle_mobile":{"unit":"deg"},"_background_gradient_position_tablet":"","_background_gradient_position_mobile":"","_background_hover_color_stop_tablet":{"unit":"%"},"_background_hover_color_stop_mobile":{"unit":"%"},"_background_hover_color_b_stop_tablet":{"unit":"%"},"_background_hover_color_b_stop_mobile":{"unit":"%"},"_background_hover_gradient_angle_tablet":{"unit":"deg"},"_background_hover_gradient_angle_mobile":{"unit":"deg"},"_background_hover_gradient_position_tablet":"","_background_hover_gradient_position_mobile":""},"elements":[],"isInner":false,"widgetType":"image-box","elType":"widget"},{"id":"68b83bd6","settings":{"image":{"id":1240,"url":"http:\/\/www.blueprint.nicolaipalmkvist.com\/wp-content\/uploads\/2024\/12\/13-2.png"},"title_text":"HR manager","description_text":"Louise Okker<br>lou@northbound.com","link":{"url":"mailto:Jacob@northbound.com","is_external":"","nofollow":"","custom_attributes":""},"text_align":"center","image_space":{"unit":"px","size":1,"sizes":[]},"title_bottom_space":{"unit":"px","size":0,"sizes":[]},"image_size":{"unit":"%","size":38,"sizes":[]},"title_color":"#000000","title_typography_typography":"custom","title_typography_font_family":"Kameron","title_typography_font_size":{"unit":"px","size":19,"sizes":[]},"title_typography_font_weight":"600","title_typography_line_height":{"unit":"px","size":37,"sizes":[]},"description_color":"#7A7A7A","description_typography_typography":"custom","description_typography_font_family":"Montserrat","description_typography_font_size":{"unit":"px","size":16,"sizes":[]},"description_typography_font_weight":"400","_padding":{"unit":"px","top":"20","right":"20","bottom":"20","left":"20","isLinked":true},"_element_width":"initial","_element_custom_width":{"unit":"px","size":450,"sizes":[]},"_flex_size":"grow","_position":"absolute","_css_classes":"slide","__globals__":{"description_color":""},"content_width":"full","title_typography_word_spacing":{"unit":"px","size":"","sizes":[]},"description_typography_line_height":{"unit":"px","size":"","sizes":[]},"description_typography_word_spacing":{"unit":"px","size":"","sizes":[]},"_background_color_stop_tablet":{"unit":"%"},"_background_color_stop_mobile":{"unit":"%"},"_background_color_b_stop_tablet":{"unit":"%"},"_background_color_b_stop_mobile":{"unit":"%"},"_background_gradient_angle_tablet":{"unit":"deg"},"_background_gradient_angle_mobile":{"unit":"deg"},"_background_gradient_position_tablet":"","_background_gradient_position_mobile":"","_background_hover_color_stop_tablet":{"unit":"%"},"_background_hover_color_stop_mobile":{"unit":"%"},"_background_hover_color_b_stop_tablet":{"unit":"%"},"_background_hover_color_b_stop_mobile":{"unit":"%"},"_background_hover_gradient_angle_tablet":{"unit":"deg"},"_background_hover_gradient_angle_mobile":{"unit":"deg"},"_background_hover_gradient_position_tablet":"","_background_hover_gradient_position_mobile":""},"elements":[],"isInner":false,"widgetType":"image-box","elType":"widget"},{"id":"70b941dc","settings":{"image":{"id":1241,"url":"http:\/\/www.blueprint.nicolaipalmkvist.com\/wp-content\/uploads\/2024\/12\/12-1.png"},"title_text":"Copywriter","description_text":"Christinan Gonzales<br>chris@northbound.com","link":{"url":"mailto:Jacob@northbound.com","is_external":"","nofollow":"","custom_attributes":""},"text_align":"center","image_space":{"unit":"px","size":1,"sizes":[]},"title_bottom_space":{"unit":"px","size":0,"sizes":[]},"image_size":{"unit":"%","size":50,"sizes":[]},"title_color":"#000000","title_typography_typography":"custom","title_typography_font_family":"Kameron","title_typography_font_size":{"unit":"px","size":19,"sizes":[]},"title_typography_font_weight":"600","title_typography_line_height":{"unit":"px","size":37,"sizes":[]},"description_color":"#7A7A7A","description_typography_typography":"custom","description_typography_font_family":"Montserrat","description_typography_font_size":{"unit":"px","size":16,"sizes":[]},"description_typography_font_weight":"400","_padding":{"unit":"px","top":"20","right":"20","bottom":"20","left":"20","isLinked":true},"_element_width":"initial","_element_custom_width":{"unit":"px","size":450,"sizes":[]},"_flex_size":"grow","_position":"absolute","_css_classes":"slide","__globals__":{"description_color":""},"content_width":"full","title_typography_word_spacing":{"unit":"px","size":"","sizes":[]},"description_typography_line_height":{"unit":"px","size":"","sizes":[]},"description_typography_word_spacing":{"unit":"px","size":"","sizes":[]},"_background_color_stop_tablet":{"unit":"%"},"_background_color_stop_mobile":{"unit":"%"},"_background_color_b_stop_tablet":{"unit":"%"},"_background_color_b_stop_mobile":{"unit":"%"},"_background_gradient_angle_tablet":{"unit":"deg"},"_background_gradient_angle_mobile":{"unit":"deg"},"_background_gradient_position_tablet":"","_background_gradient_position_mobile":"","_background_hover_color_stop_tablet":{"unit":"%"},"_background_hover_color_stop_mobile":{"unit":"%"},"_background_hover_color_b_stop_tablet":{"unit":"%"},"_background_hover_color_b_stop_mobile":{"unit":"%"},"_background_hover_gradient_angle_tablet":{"unit":"deg"},"_background_hover_gradient_angle_mobile":{"unit":"deg"},"_background_hover_gradient_position_tablet":"","_background_hover_gradient_position_mobile":""},"elements":[],"isInner":false,"widgetType":"image-box","elType":"widget"},{"id":"76b95135","settings":{"image":{"id":1242,"url":"http:\/\/www.blueprint.nicolaipalmkvist.com\/wp-content\/uploads\/2024\/12\/16-1.png"},"title_text":"WP Designer","description_text":"Jolijn Rosenhart<br>jol@northbound.com","link":{"url":"mailto:Jacob@northbound.com","is_external":"","nofollow":"","custom_attributes":""},"text_align":"center","image_space":{"unit":"px","size":1,"sizes":[]},"title_bottom_space":{"unit":"px","size":0,"sizes":[]},"image_size":{"unit":"%","size":50,"sizes":[]},"title_color":"#000000","title_typography_typography":"custom","title_typography_font_family":"Kameron","title_typography_font_size":{"unit":"px","size":19,"sizes":[]},"title_typography_font_weight":"600","title_typography_line_height":{"unit":"px","size":37,"sizes":[]},"description_color":"#7A7A7A","description_typography_typography":"custom","description_typography_font_family":"Montserrat","description_typography_font_size":{"unit":"px","size":16,"sizes":[]},"description_typography_font_weight":"400","_padding":{"unit":"px","top":"20","right":"20","bottom":"20","left":"20","isLinked":true},"_element_width":"initial","_element_custom_width":{"unit":"px","size":450,"sizes":[]},"_flex_size":"grow","_position":"absolute","_css_classes":"slide","__globals__":{"description_color":""},"content_width":"full","title_typography_word_spacing":{"unit":"px","size":"","sizes":[]},"description_typography_line_height":{"unit":"px","size":"","sizes":[]},"description_typography_word_spacing":{"unit":"px","size":"","sizes":[]},"_background_color_stop_tablet":{"unit":"%"},"_background_color_stop_mobile":{"unit":"%"},"_background_color_b_stop_tablet":{"unit":"%"},"_background_color_b_stop_mobile":{"unit":"%"},"_background_gradient_angle_tablet":{"unit":"deg"},"_background_gradient_angle_mobile":{"unit":"deg"},"_background_gradient_position_tablet":"","_background_gradient_position_mobile":"","_background_hover_color_stop_tablet":{"unit":"%"},"_background_hover_color_stop_mobile":{"unit":"%"},"_background_hover_color_b_stop_tablet":{"unit":"%"},"_background_hover_color_b_stop_mobile":{"unit":"%"},"_background_hover_gradient_angle_tablet":{"unit":"deg"},"_background_hover_gradient_angle_mobile":{"unit":"deg"},"_background_hover_gradient_position_tablet":"","_background_hover_gradient_position_mobile":""},"elements":[],"isInner":false,"widgetType":"image-box","elType":"widget"},{"id":"262ec63","settings":{"image":{"id":1243,"url":"http:\/\/www.blueprint.nicolaipalmkvist.com\/wp-content\/uploads\/2024\/12\/19.png"},"title_text":"Graphic Designer","description_text":"Niels Van Kamp<br>niels@northbound.com","link":{"url":"mailto:Jacob@northbound.com","is_external":"","nofollow":"","custom_attributes":""},"text_align":"center","image_space":{"unit":"px","size":1,"sizes":[]},"title_bottom_space":{"unit":"px","size":0,"sizes":[]},"image_size":{"unit":"%","size":50,"sizes":[]},"title_color":"#000000","title_typography_typography":"custom","title_typography_font_family":"Kameron","title_typography_font_size":{"unit":"px","size":19,"sizes":[]},"title_typography_font_weight":"600","title_typography_line_height":{"unit":"px","size":37,"sizes":[]},"description_color":"#7A7A7A","description_typography_typography":"custom","description_typography_font_family":"Montserrat","description_typography_font_size":{"unit":"px","size":16,"sizes":[]},"description_typography_font_weight":"400","_padding":{"unit":"px","top":"20","right":"20","bottom":"20","left":"20","isLinked":true},"_element_width":"initial","_element_custom_width":{"unit":"px","size":450,"sizes":[]},"_flex_size":"grow","_position":"absolute","_css_classes":"slide","__globals__":{"description_color":""},"content_width":"full","title_typography_word_spacing":{"unit":"px","size":"","sizes":[]},"description_typography_line_height":{"unit":"px","size":"","sizes":[]},"description_typography_word_spacing":{"unit":"px","size":"","sizes":[]},"_background_color_stop_tablet":{"unit":"%"},"_background_color_stop_mobile":{"unit":"%"},"_background_color_b_stop_tablet":{"unit":"%"},"_background_color_b_stop_mobile":{"unit":"%"},"_background_gradient_angle_tablet":{"unit":"deg"},"_background_gradient_angle_mobile":{"unit":"deg"},"_background_gradient_position_tablet":"","_background_gradient_position_mobile":"","_background_hover_color_stop_tablet":{"unit":"%"},"_background_hover_color_stop_mobile":{"unit":"%"},"_background_hover_color_b_stop_tablet":{"unit":"%"},"_background_hover_color_b_stop_mobile":{"unit":"%"},"_background_hover_gradient_angle_tablet":{"unit":"deg"},"_background_hover_gradient_angle_mobile":{"unit":"deg"},"_background_hover_gradient_position_tablet":"","_background_hover_gradient_position_mobile":""},"elements":[],"isInner":false,"widgetType":"image-box","elType":"widget"}],"isInner":true,"elType":"container"}],"isInner":true,"elType":"container"},{"id":"1bf7da4","settings":{"content_width":"full","html":"<script src=\"https:\/\/cdnjs.cloudflare.com\/ajax\/libs\/gsap\/3.11.0\/gsap.min.js\"><\/script>\n<script src=\"https:\/\/cdnjs.cloudflare.com\/ajax\/libs\/gsap\/3.11.0\/ScrollTrigger.min.js\"><\/script>\n\n<script>\nconst slides = document.querySelectorAll('.slide');\nlet isMobile = window.innerWidth <= 768; \/\/ Assuming mobile width is 768px or less\n\nslides.forEach((slide, i) => {\n    let angle = isMobile ? i * 10 : (i * 10) - 10;\n    gsap.to(slide, { \n        rotation: angle,\n        transformOrigin: \"0% 2300px\",\n    });\n});\n\nlet speed = isMobile ? 30 : 30; \/\/ Faster speed on mobile\nScrollTrigger.create({\n    trigger: '.scroller',\n    start: \"top 200px\",\n    end: \"bottom bottom\",\n    \/\/markers: true,\n    onUpdate: (self) => {\n        gsap.to(slides, { \n            rotation: (i) => {\n                let baseAngle = isMobile ? i * 10 : (i * 10) - 10;\n                return baseAngle - self.progress * speed;\n            }\n        });\n    }\n});\n<\/script>","_background_color_stop_tablet":{"unit":"%"},"_background_color_stop_mobile":{"unit":"%"},"_background_color_b_stop_tablet":{"unit":"%"},"_background_color_b_stop_mobile":{"unit":"%"},"_background_gradient_angle_tablet":{"unit":"deg"},"_background_gradient_angle_mobile":{"unit":"deg"},"_background_gradient_position_tablet":"","_background_gradient_position_mobile":"","_background_hover_color_stop_tablet":{"unit":"%"},"_background_hover_color_stop_mobile":{"unit":"%"},"_background_hover_color_b_stop_tablet":{"unit":"%"},"_background_hover_color_b_stop_mobile":{"unit":"%"},"_background_hover_gradient_angle_tablet":{"unit":"deg"},"_background_hover_gradient_angle_mobile":{"unit":"deg"},"_background_hover_gradient_position_tablet":"","_background_hover_gradient_position_mobile":""},"elements":[],"isInner":false,"widgetType":"html","elType":"widget"}],"isInner":false,"elType":"container"},{"id":"2ad34c41","settings":{"flex_direction":"column","padding":{"unit":"px","top":"80","right":"0","bottom":"20","left":"0","isLinked":false},"__globals__":{"background_color":"","background_color_b":""},"background_color_b":"#FFFFFF","padding_tablet":{"unit":"px","top":"40","right":"40","bottom":"40","left":"40","isLinked":false},"padding_mobile":{"unit":"px","top":"60","right":"20","bottom":"50","left":"20","isLinked":false},"background_background":"classic","jet_parallax_layout_list":[],"boxed_width":{"unit":"px","size":900,"sizes":[]},"background_color":"#F8F9FA","pa_condition_repeater":[],"premium_tooltip_text":"Hi, I'm a global tooltip.","premium_tooltip_position":"top,bottom","margin":{"unit":"px","top":"-8","right":"0","bottom":"0","left":"0","isLinked":false},"_title":"Hero 2","background_image":{"url":"","id":"","size":"","alt":"","source":"library"},"background_position":"center center","background_repeat":"no-repeat","background_size":"cover","margin_mobile":{"unit":"px","top":"0","right":"0","bottom":"0","left":"0","isLinked":false}},"elements":[{"id":"36f48855","settings":{"boxed_width":{"unit":"px","size":816,"sizes":[]},"padding":{"unit":"px","top":"0","right":"0","bottom":"0","left":"0","isLinked":false},"flex_align_items":"center","jet_parallax_layout_list":[],"pa_condition_repeater":[],"premium_tooltip_text":"Hi, I'm a global tooltip.","premium_tooltip_position":"top,bottom","content_width":"full"},"elements":[{"id":"1687a434","settings":{"content_width":"full","selected_icon":{"value":{"url":"http:\/\/www.blueprint.nicolaipalmkvist.com\/wp-content\/uploads\/2024\/10\/YouTube-Thumbnail-16.svg","id":660},"library":"svg"},"_margin":{"unit":"px","top":"0","right":"0","bottom":"-13","left":"0","isLinked":false},"primary_color":"#000000","size_mobile":{"unit":"px","size":41,"sizes":[]}},"elements":[],"isInner":false,"widgetType":"icon","elType":"widget"},{"id":"48a576d","settings":{"content_width":"full","title":"Add About Us \n<span class=\"twocolor\">Text Here  \n<\/span>","title_color":"#000000","typography_typography":"custom","typography_font_family":"Kameron","typography_font_weight":"600","typography_font_size":{"unit":"px","size":45,"sizes":[]},"align":"center","typography_font_size_tablet":{"unit":"px","size":35,"sizes":[]},"typography_font_size_mobile":{"unit":"px","size":35,"sizes":[]}},"elements":[],"isInner":false,"widgetType":"heading","elType":"widget"},{"id":"505ffb79","settings":{"editor":"<div class=\"flex max-w-full flex-col flex-grow\"><div class=\"min-h-[20px] text-message flex w-full flex-col items-end gap-2 whitespace-normal break-words [.text-message+&amp;]:mt-5\" dir=\"auto\" data-message-author-role=\"assistant\" data-message-id=\"0a2298c2-7f3f-4962-b97a-750f07075d60\"><div class=\"flex w-full flex-col gap-1 empty:hidden first:pt-[3px]\"><div class=\"markdown prose w-full break-words dark:prose-invert light\"><p>Lorem ipsum dolor sit amet, consectetur adipiscing elit. Fusce nec egestas lacus. Sed sodales interdum venenatis. Quisque libero ex, maximus non ullamcorper eu, pellentesque vel ex. Proin sed diam dignissim, ornare tortor efficitur, tempus dolor.<\/p><\/div><\/div><\/div><\/div>","__globals__":{"typography_typography":""},"text_color":"#000000","typography_typography":"custom","typography_font_family":"DM Sans","typography_font_size":{"unit":"px","size":16,"sizes":[]},"typography_font_weight":"400","typography_line_height":{"unit":"px","size":27,"sizes":[]},"pa_condition_repeater":[],"premium_tooltip_text":"Hi, I'm a global tooltip.","premium_tooltip_position":"top,bottom","align":"center","_margin_tablet":{"unit":"px","top":"0","right":"0","bottom":"0","left":"0","isLinked":false},"_margin_mobile":{"unit":"px","top":"0","right":"0","bottom":"-38","left":"0","isLinked":false},"_padding":{"unit":"px","top":"0","right":"0","bottom":"20","left":"0","isLinked":false},"typography_line_height_tablet":{"unit":"em","size":1.6,"sizes":[]}},"elements":[],"isInner":false,"widgetType":"text-editor","elType":"widget"}],"isInner":true,"elType":"container"}],"isInner":false,"elType":"container"},{"id":"d2131f1","settings":{"flex_direction":"column","content_width":"full","min_height":{"unit":"px","size":0,"sizes":[]},"margin":{"unit":"px","top":"0","right":"0","bottom":"0","left":"0","isLinked":false},"motion_fx_translateX_effect":"yes","background_background":"classic","background_color":"#FBFBFB","pa_condition_repeater":[],"premium_tooltip_text":"Hi, I'm a global tooltip.","premium_tooltip_position":"top,bottom","padding":{"unit":"px","top":"0","right":"0","bottom":"40","left":"0","isLinked":false},"overflow":"hidden","z_index":4,"__globals__":{"background_color":""},"flex_gap_mobile":{"column":"0","row":"0","isLinked":true,"unit":"px","size":0},"padding_tablet":{"unit":"px","top":"0","right":"0","bottom":"0","left":"0","isLinked":false},"padding_mobile":{"unit":"px","top":"0","right":"0","bottom":"30","left":"0","isLinked":false},"_title":"Hero 3"},"elements":[{"id":"6d7fbf20","settings":{"carousel":[{"id":210,"url":"http:\/\/www.blueprint.nicolaipalmkvist.com\/wp-content\/uploads\/2024\/10\/Image-placeholder-black.svg"},{"id":1009,"url":"http:\/\/www.blueprint.nicolaipalmkvist.com\/wp-content\/uploads\/2024\/12\/YouTube-Thumbnail-old-1.svg"},{"id":1415,"url":"http:\/\/www.blueprint.nicolaipalmkvist.com\/wp-content\/uploads\/2024\/12\/Image-placeholder-black.svg"},{"id":1170,"url":"http:\/\/www.blueprint.nicolaipalmkvist.com\/wp-content\/uploads\/2024\/12\/YouTube-Thumbnail-old-1-2.svg"},{"id":1416,"url":"http:\/\/www.blueprint.nicolaipalmkvist.com\/wp-content\/uploads\/2024\/12\/Image-placeholder-black-1.svg"},{"id":1026,"url":"http:\/\/www.blueprint.nicolaipalmkvist.com\/wp-content\/uploads\/2024\/12\/YouTube-Thumbnail-old-2.svg"},{"id":1027,"url":"http:\/\/www.blueprint.nicolaipalmkvist.com\/wp-content\/uploads\/2024\/12\/YouTube-Thumbnail-old-3.svg"},{"id":1419,"url":"http:\/\/www.blueprint.nicolaipalmkvist.com\/wp-content\/uploads\/2024\/12\/Image-placeholder-black-3.svg"}],"thumbnail_size":"large","slides_to_show":"5","slides_to_scroll":"4","autoplay":"","infinite":"","arrows_size":{"unit":"px","size":0,"sizes":[]},"arrows_color":"#02010100","dots_size":{"unit":"px","size":0,"sizes":[]},"gallery_vertical_align":"center","image_spacing":"custom","image_spacing_custom":{"unit":"px","size":15,"sizes":[]},"image_border_radius":{"unit":"px","top":"5","right":"5","bottom":"5","left":"5","isLinked":true},"_margin":{"unit":"px","top":"0","right":"-90","bottom":"0","left":"-90","isLinked":false},"motion_fx_motion_fx_scrolling":"yes","motion_fx_translateX_effect":"yes","motion_fx_translateX_speed":{"unit":"px","size":2.5,"sizes":[]},"pa_condition_repeater":[],"premium_tooltip_text":"Hi, I'm a global tooltip.","premium_tooltip_position":"top,bottom","slides_to_show_tablet":"3","slides_to_show_mobile":"3","navigation":"none","image_spacing_custom_mobile":{"unit":"px","size":10,"sizes":[]},"thumbnail_custom_dimension":{"width":"1080","height":"590"},"_padding_mobile":{"unit":"px","top":"0","right":"0","bottom":"-7","left":"0","isLinked":false}},"elements":[],"isInner":false,"widgetType":"image-carousel","elType":"widget"},{"id":"6e7e8911","settings":{"carousel":[{"id":1027,"url":"http:\/\/www.blueprint.nicolaipalmkvist.com\/wp-content\/uploads\/2024\/12\/YouTube-Thumbnail-old-3.svg"},{"id":1416,"url":"http:\/\/www.blueprint.nicolaipalmkvist.com\/wp-content\/uploads\/2024\/12\/Image-placeholder-black-1.svg"},{"id":1026,"url":"http:\/\/www.blueprint.nicolaipalmkvist.com\/wp-content\/uploads\/2024\/12\/YouTube-Thumbnail-old-2.svg"},{"id":1415,"url":"http:\/\/www.blueprint.nicolaipalmkvist.com\/wp-content\/uploads\/2024\/12\/Image-placeholder-black.svg"},{"id":1009,"url":"http:\/\/www.blueprint.nicolaipalmkvist.com\/wp-content\/uploads\/2024\/12\/YouTube-Thumbnail-old-1.svg"},{"id":1417,"url":"http:\/\/www.blueprint.nicolaipalmkvist.com\/wp-content\/uploads\/2024\/12\/Image-placeholder-black-2.svg"},{"id":1418,"url":"http:\/\/www.blueprint.nicolaipalmkvist.com\/wp-content\/uploads\/2024\/12\/YouTube-Thumbnail-old-1-4.svg"}],"thumbnail_size":"medium_large","slides_to_show":"5","slides_to_scroll":"4","autoplay":"","infinite":"","direction":"rtl","arrows_size":{"unit":"px","size":0,"sizes":[]},"arrows_color":"#02010100","dots_size":{"unit":"px","size":0,"sizes":[]},"gallery_vertical_align":"center","image_spacing":"custom","image_spacing_custom":{"unit":"px","size":15,"sizes":[]},"image_border_radius":{"unit":"px","top":"5","right":"5","bottom":"5","left":"5","isLinked":true},"_margin":{"unit":"px","top":"-5","right":"-90","bottom":"-5","left":"-90","isLinked":false},"motion_fx_motion_fx_scrolling":"yes","motion_fx_translateX_effect":"yes","motion_fx_translateX_direction":"negative","motion_fx_translateX_speed":{"unit":"px","size":2.5,"sizes":[]},"pa_condition_repeater":[],"premium_tooltip_text":"Hi, I'm a global tooltip.","premium_tooltip_position":"top,bottom","slides_to_show_tablet":"3","slides_to_show_mobile":"3","slides_to_scroll_mobile":"5","navigation":"none","image_spacing_custom_mobile":{"unit":"px","size":10,"sizes":[]},"_margin_mobile":{"unit":"px","top":"0","right":"-90","bottom":"0","left":"-90","isLinked":false}},"elements":[],"isInner":false,"widgetType":"image-carousel","elType":"widget"},{"id":"2d6d4709","settings":{"carousel":[{"id":1419,"url":"http:\/\/www.blueprint.nicolaipalmkvist.com\/wp-content\/uploads\/2024\/12\/Image-placeholder-black-3.svg"},{"id":1027,"url":"http:\/\/www.blueprint.nicolaipalmkvist.com\/wp-content\/uploads\/2024\/12\/YouTube-Thumbnail-old-3.svg"},{"id":1417,"url":"http:\/\/www.blueprint.nicolaipalmkvist.com\/wp-content\/uploads\/2024\/12\/Image-placeholder-black-2.svg"},{"id":1026,"url":"http:\/\/www.blueprint.nicolaipalmkvist.com\/wp-content\/uploads\/2024\/12\/YouTube-Thumbnail-old-2.svg"},{"id":1416,"url":"http:\/\/www.blueprint.nicolaipalmkvist.com\/wp-content\/uploads\/2024\/12\/Image-placeholder-black-1.svg"},{"id":1171,"url":"http:\/\/www.blueprint.nicolaipalmkvist.com\/wp-content\/uploads\/2024\/12\/YouTube-Thumbnail-old-1-3.svg"},{"id":1009,"url":"http:\/\/www.blueprint.nicolaipalmkvist.com\/wp-content\/uploads\/2024\/12\/YouTube-Thumbnail-old-1.svg"},{"id":1420,"url":"http:\/\/www.blueprint.nicolaipalmkvist.com\/wp-content\/uploads\/2024\/12\/Image-placeholder-black-4.svg"}],"thumbnail_size":"medium_large","slides_to_show":"5","slides_to_scroll":"4","autoplay":"","infinite":"","arrows_size":{"unit":"px","size":0,"sizes":[]},"arrows_color":"#02010100","dots_size":{"unit":"px","size":0,"sizes":[]},"gallery_vertical_align":"center","image_spacing":"custom","image_spacing_custom":{"unit":"px","size":15,"sizes":[]},"image_border_radius":{"unit":"px","top":"5","right":"5","bottom":"5","left":"5","isLinked":true},"_margin":{"unit":"px","top":"0","right":"-90","bottom":"0","left":"-90","isLinked":false},"motion_fx_motion_fx_scrolling":"yes","motion_fx_translateX_effect":"yes","motion_fx_translateX_speed":{"unit":"px","size":2.5,"sizes":[]},"pa_condition_repeater":[],"premium_tooltip_text":"Hi, I'm a global tooltip.","premium_tooltip_position":"top,bottom","slides_to_show_tablet":"3","slides_to_show_mobile":"3","slides_to_scroll_mobile":"5","navigation":"none","image_spacing_custom_mobile":{"unit":"px","size":10,"sizes":[]},"_padding_mobile":{"unit":"px","top":"0","right":"0","bottom":"-7","left":"0","isLinked":false}},"elements":[],"isInner":false,"widgetType":"image-carousel","elType":"widget"}],"isInner":false,"elType":"container"},{"id":"34780935","settings":{"flex_direction":"column","flex_gap":{"unit":"px","size":0,"column":"0","row":"0","isLinked":true},"boxed_width":{"unit":"px","size":1400,"sizes":[]},"background_background":"classic","background_color":"#FBFBFB","padding":{"unit":"px","top":"40","right":"0","bottom":"0","left":"0","isLinked":false},"content_width":"full","width":{"unit":"%","size":87100,"sizes":[]},"overflow":"hidden","margin_tablet":{"unit":"px","top":"0","right":"0","bottom":"0","left":"0","isLinked":false},"padding_tablet":{"unit":"px","top":"50","right":"0","bottom":"50","left":"0","isLinked":false},"padding_mobile":{"unit":"px","top":"50","right":"20","bottom":"20","left":"20","isLinked":false},"_title":"Hero 4","background_color_stop_tablet":{"unit":"%"},"background_color_stop_mobile":{"unit":"%"},"background_color_b_stop_tablet":{"unit":"%"},"background_color_b_stop_mobile":{"unit":"%"},"background_gradient_angle_tablet":{"unit":"deg"},"background_gradient_angle_mobile":{"unit":"deg"},"background_gradient_position_tablet":"","background_gradient_position_mobile":"","background_hover_color_stop_tablet":{"unit":"%"},"background_hover_color_stop_mobile":{"unit":"%"},"background_hover_color_b_stop_tablet":{"unit":"%"},"background_hover_color_b_stop_mobile":{"unit":"%"},"background_hover_gradient_angle_tablet":{"unit":"deg"},"background_hover_gradient_angle_mobile":{"unit":"deg"},"background_hover_gradient_position_tablet":"","background_hover_gradient_position_mobile":"","background_overlay_color_stop_tablet":{"unit":"%"},"background_overlay_color_stop_mobile":{"unit":"%"},"background_overlay_color_b_stop_tablet":{"unit":"%"},"background_overlay_color_b_stop_mobile":{"unit":"%"},"background_overlay_gradient_angle_tablet":{"unit":"deg"},"background_overlay_gradient_angle_mobile":{"unit":"deg"},"background_overlay_gradient_position_tablet":"","background_overlay_gradient_position_mobile":"","background_overlay_hover_color_stop_tablet":{"unit":"%"},"background_overlay_hover_color_stop_mobile":{"unit":"%"},"background_overlay_hover_color_b_stop_tablet":{"unit":"%"},"background_overlay_hover_color_b_stop_mobile":{"unit":"%"},"background_overlay_hover_gradient_angle_tablet":{"unit":"deg"},"background_overlay_hover_gradient_angle_mobile":{"unit":"deg"},"background_overlay_hover_gradient_position_tablet":"","background_overlay_hover_gradient_position_mobile":""},"elements":[{"id":"4135c9ce","settings":{"flex_direction":"column","content_width":"full","width":{"unit":"%","size":100},"flex_justify_content":"center","flex_align_items":"center","background_color_stop_tablet":{"unit":"%"},"background_color_stop_mobile":{"unit":"%"},"background_color_b_stop_tablet":{"unit":"%"},"background_color_b_stop_mobile":{"unit":"%"},"background_gradient_angle_tablet":{"unit":"deg"},"background_gradient_angle_mobile":{"unit":"deg"},"background_gradient_position_tablet":"","background_gradient_position_mobile":"","background_hover_color_stop_tablet":{"unit":"%"},"background_hover_color_stop_mobile":{"unit":"%"},"background_hover_color_b_stop_tablet":{"unit":"%"},"background_hover_color_b_stop_mobile":{"unit":"%"},"background_hover_gradient_angle_tablet":{"unit":"deg"},"background_hover_gradient_angle_mobile":{"unit":"deg"},"background_hover_gradient_position_tablet":"","background_hover_gradient_position_mobile":"","background_overlay_color_stop_tablet":{"unit":"%"},"background_overlay_color_stop_mobile":{"unit":"%"},"background_overlay_color_b_stop_tablet":{"unit":"%"},"background_overlay_color_b_stop_mobile":{"unit":"%"},"background_overlay_gradient_angle_tablet":{"unit":"deg"},"background_overlay_gradient_angle_mobile":{"unit":"deg"},"background_overlay_gradient_position_tablet":"","background_overlay_gradient_position_mobile":"","background_overlay_hover_color_stop_tablet":{"unit":"%"},"background_overlay_hover_color_stop_mobile":{"unit":"%"},"background_overlay_hover_color_b_stop_tablet":{"unit":"%"},"background_overlay_hover_color_b_stop_mobile":{"unit":"%"},"background_overlay_hover_gradient_angle_tablet":{"unit":"deg"},"background_overlay_hover_gradient_angle_mobile":{"unit":"deg"},"background_overlay_hover_gradient_position_tablet":"","background_overlay_hover_gradient_position_mobile":"","padding_tablet":{"unit":"px","top":"0","right":"0","bottom":"0","left":"0","isLinked":false},"padding_mobile":{"unit":"px","top":"0","right":"0","bottom":"0","left":"0","isLinked":false}},"elements":[{"id":"620b9c87","settings":{"content_width":"full","image":{"id":"660","url":"http:\/\/www.blueprint.nicolaipalmkvist.com\/wp-content\/uploads\/2024\/10\/YouTube-Thumbnail-16.svg"},"align":"center","width":{"unit":"%","size":4,"sizes":[]},"width_tablet":{"unit":"%","size":6,"sizes":[]},"width_mobile":{"unit":"%","size":15,"sizes":[]},"caption_typography_line_height":{"unit":"px","size":"","sizes":[]},"caption_typography_word_spacing":{"unit":"px","size":"","sizes":[]},"_background_color_stop_tablet":{"unit":"%"},"_background_color_stop_mobile":{"unit":"%"},"_background_color_b_stop_tablet":{"unit":"%"},"_background_color_b_stop_mobile":{"unit":"%"},"_background_gradient_angle_tablet":{"unit":"deg"},"_background_gradient_angle_mobile":{"unit":"deg"},"_background_gradient_position_tablet":"","_background_gradient_position_mobile":"","_background_hover_color_stop_tablet":{"unit":"%"},"_background_hover_color_stop_mobile":{"unit":"%"},"_background_hover_color_b_stop_tablet":{"unit":"%"},"_background_hover_color_b_stop_mobile":{"unit":"%"},"_background_hover_gradient_angle_tablet":{"unit":"deg"},"_background_hover_gradient_angle_mobile":{"unit":"deg"},"_background_hover_gradient_position_tablet":"","_background_hover_gradient_position_mobile":""},"elements":[],"isInner":false,"widgetType":"image","elType":"widget"},{"id":"60d3cb16","settings":{"content_width":"full","title":"Who are <span class=\"tofarver\">we?\n<\/span>","title_color":"#000000","typography_typography":"custom","typography_font_family":"Kameron","typography_font_size":{"unit":"px","size":45,"sizes":[]},"typography_font_weight":"600","typography_text_transform":"capitalize","typography_line_height":{"unit":"em","size":1.1,"sizes":[]},"typography_font_size_laptop":{"unit":"px","size":64,"sizes":[]},"typography_font_size_tablet":{"unit":"px","size":40,"sizes":[]},"typography_font_size_mobile":{"unit":"px","size":35,"sizes":[]},"align":"center","typography_word_spacing":{"unit":"px","size":"","sizes":[]},"_background_color_stop_tablet":{"unit":"%"},"_background_color_stop_mobile":{"unit":"%"},"_background_color_b_stop_tablet":{"unit":"%"},"_background_color_b_stop_mobile":{"unit":"%"},"_background_gradient_angle_tablet":{"unit":"deg"},"_background_gradient_angle_mobile":{"unit":"deg"},"_background_gradient_position_tablet":"","_background_gradient_position_mobile":"","_background_hover_color_stop_tablet":{"unit":"%"},"_background_hover_color_stop_mobile":{"unit":"%"},"_background_hover_color_b_stop_tablet":{"unit":"%"},"_background_hover_color_b_stop_mobile":{"unit":"%"},"_background_hover_gradient_angle_tablet":{"unit":"deg"},"_background_hover_gradient_angle_mobile":{"unit":"deg"},"_background_hover_gradient_position_tablet":"","_background_hover_gradient_position_mobile":""},"elements":[],"isInner":false,"widgetType":"heading","elType":"widget"}],"isInner":true,"elType":"container"},{"id":"60221d40","settings":{"flex_direction":"column","content_width":"full","width":{"unit":"%","size":85},"flex_justify_content":"center","flex_align_items":"center","_flex_align_self":"center","background_color_stop_tablet":{"unit":"%"},"background_color_stop_mobile":{"unit":"%"},"background_color_b_stop_tablet":{"unit":"%"},"background_color_b_stop_mobile":{"unit":"%"},"background_gradient_angle_tablet":{"unit":"deg"},"background_gradient_angle_mobile":{"unit":"deg"},"background_gradient_position_tablet":"","background_gradient_position_mobile":"","background_hover_color_stop_tablet":{"unit":"%"},"background_hover_color_stop_mobile":{"unit":"%"},"background_hover_color_b_stop_tablet":{"unit":"%"},"background_hover_color_b_stop_mobile":{"unit":"%"},"background_hover_gradient_angle_tablet":{"unit":"deg"},"background_hover_gradient_angle_mobile":{"unit":"deg"},"background_hover_gradient_position_tablet":"","background_hover_gradient_position_mobile":"","background_overlay_color_stop_tablet":{"unit":"%"},"background_overlay_color_stop_mobile":{"unit":"%"},"background_overlay_color_b_stop_tablet":{"unit":"%"},"background_overlay_color_b_stop_mobile":{"unit":"%"},"background_overlay_gradient_angle_tablet":{"unit":"deg"},"background_overlay_gradient_angle_mobile":{"unit":"deg"},"background_overlay_gradient_position_tablet":"","background_overlay_gradient_position_mobile":"","background_overlay_hover_color_stop_tablet":{"unit":"%"},"background_overlay_hover_color_stop_mobile":{"unit":"%"},"background_overlay_hover_color_b_stop_tablet":{"unit":"%"},"background_overlay_hover_color_b_stop_mobile":{"unit":"%"},"background_overlay_hover_gradient_angle_tablet":{"unit":"deg"},"background_overlay_hover_gradient_angle_mobile":{"unit":"deg"},"background_overlay_hover_gradient_position_tablet":"","background_overlay_hover_gradient_position_mobile":"","margin_mobile":{"unit":"px","top":"0","right":"0","bottom":"0","left":"0","isLinked":false},"padding_tablet":{"unit":"px","top":"30","right":"0","bottom":"0","left":"0","isLinked":false},"padding_mobile":{"unit":"px","top":"20","right":"0","bottom":"0","left":"0","isLinked":false}},"elements":[{"id":"4c8753ab","settings":{"title":"We are a tight-knit team with \n20+ years of experience helping \nearly-stage startups showcase how good their products really are. Whether you're a seasoned player in the digital landscape or just stepping into it, we have the expertise and strategies to propel your brand.\n\n","header_size":"h4","title_color":"#000000","typography_typography":"custom","typography_font_family":"Dm Sans","typography_font_size":{"unit":"px","size":27,"sizes":[]},"typography_font_weight":"400","typography_line_height":{"unit":"px","size":37,"sizes":[]},"_margin":{"unit":"px","top":"0","right":"0","bottom":"0","left":"0","isLinked":false},"__globals__":{"typography_typography":""},"content_width":"full","align":"center","typography_font_size_tablet":{"unit":"px","size":19,"sizes":[]},"typography_font_size_mobile":{"unit":"px","size":17,"sizes":[]},"typography_line_height_tablet":{"unit":"em","size":1.6,"sizes":[]},"typography_line_height_mobile":{"unit":"em","size":1.6,"sizes":[]},"typography_word_spacing":{"unit":"px","size":"","sizes":[]},"_background_color_stop_tablet":{"unit":"%"},"_background_color_stop_mobile":{"unit":"%"},"_background_color_b_stop_tablet":{"unit":"%"},"_background_color_b_stop_mobile":{"unit":"%"},"_background_gradient_angle_tablet":{"unit":"deg"},"_background_gradient_angle_mobile":{"unit":"deg"},"_background_gradient_position_tablet":"","_background_gradient_position_mobile":"","_background_hover_color_stop_tablet":{"unit":"%"},"_background_hover_color_stop_mobile":{"unit":"%"},"_background_hover_color_b_stop_tablet":{"unit":"%"},"_background_hover_color_b_stop_mobile":{"unit":"%"},"_background_hover_gradient_angle_tablet":{"unit":"deg"},"_background_hover_gradient_angle_mobile":{"unit":"deg"},"_background_hover_gradient_position_tablet":"","_background_hover_gradient_position_mobile":""},"elements":[],"isInner":false,"widgetType":"heading","elType":"widget"},{"id":"5f5655e8","settings":{"content_width":"full","flex_direction":"row","flex_gap":{"column":"0","row":"0","isLinked":true,"unit":"px","size":0},"margin":{"unit":"px","top":"0","right":"0","bottom":"0","left":"-8","isLinked":false},"flex_justify_content":"center","margin_mobile":{"unit":"px","top":"0","right":"0","bottom":"0","left":"0","isLinked":false},"background_color_stop_tablet":{"unit":"%"},"background_color_stop_mobile":{"unit":"%"},"background_color_b_stop_tablet":{"unit":"%"},"background_color_b_stop_mobile":{"unit":"%"},"background_gradient_angle_tablet":{"unit":"deg"},"background_gradient_angle_mobile":{"unit":"deg"},"background_gradient_position_tablet":"","background_gradient_position_mobile":"","background_hover_color_stop_tablet":{"unit":"%"},"background_hover_color_stop_mobile":{"unit":"%"},"background_hover_color_b_stop_tablet":{"unit":"%"},"background_hover_color_b_stop_mobile":{"unit":"%"},"background_hover_gradient_angle_tablet":{"unit":"deg"},"background_hover_gradient_angle_mobile":{"unit":"deg"},"background_hover_gradient_position_tablet":"","background_hover_gradient_position_mobile":"","background_overlay_color_stop_tablet":{"unit":"%"},"background_overlay_color_stop_mobile":{"unit":"%"},"background_overlay_color_b_stop_tablet":{"unit":"%"},"background_overlay_color_b_stop_mobile":{"unit":"%"},"background_overlay_gradient_angle_tablet":{"unit":"deg"},"background_overlay_gradient_angle_mobile":{"unit":"deg"},"background_overlay_gradient_position_tablet":"","background_overlay_gradient_position_mobile":"","background_overlay_hover_color_stop_tablet":{"unit":"%"},"background_overlay_hover_color_stop_mobile":{"unit":"%"},"background_overlay_hover_color_b_stop_tablet":{"unit":"%"},"background_overlay_hover_color_b_stop_mobile":{"unit":"%"},"background_overlay_hover_gradient_angle_tablet":{"unit":"deg"},"background_overlay_hover_gradient_angle_mobile":{"unit":"deg"},"background_overlay_hover_gradient_position_tablet":"","background_overlay_hover_gradient_position_mobile":"","margin_tablet":{"unit":"px","top":"0","right":"0","bottom":"0","left":"0","isLinked":false},"padding_tablet":{"unit":"px","top":"0","right":"0","bottom":"0","left":"0","isLinked":false},"padding_mobile":{"unit":"px","top":"0","right":"0","bottom":"0","left":"0","isLinked":false}},"elements":[{"id":"7d423b93","settings":{"content_width":"full","text":"CTA Button","selected_icon":{"value":"fas fa-arrow-right","library":"fa-solid"},"icon_align":"row-reverse","icon_indent":{"size":17,"unit":"px","sizes":[]},"typography_typography":"custom","typography_font_family":"Dm Sans","typography_font_weight":"500","background_color":"#0071E3","border_border":"none","border_color":"#000000","button_text_color":"#FFFFFF","hover_color":"#FFFFFF","border_radius":{"top":"8","left":"8","unit":"px","right":"8","bottom":"8","isLinked":true},"typography_font_size":{"size":16,"unit":"px","sizes":[]},"typography_font_size_tablet":{"size":16,"unit":"px","sizes":[]},"typography_font_size_mobile":{"size":16,"unit":"px","sizes":[]},"typography_line_height":{"size":"150%","unit":"custom","sizes":[]},"typography_line_height_tablet":{"size":"150%","unit":"custom","sizes":[]},"typography_line_height_mobile":{"size":"150%","unit":"custom","sizes":[]},"border_width":{"top":"0","left":"0","unit":"px","right":"0","bottom":"0","isLinked":true},"border_width_tablet":{"top":"1","left":"1","unit":"px","right":"1","bottom":"1","isLinked":true},"border_width_mobile":{"top":"1","left":"1","unit":"px","right":"1","bottom":"1","isLinked":true},"border_radius_tablet":{"top":"8","left":"8","unit":"px","right":"8","bottom":"8","isLinked":true},"border_radius_mobile":{"top":"8","left":"8","unit":"px","right":"8","bottom":"8","isLinked":true},"text_padding":{"top":"12","left":"20","unit":"px","right":"20","bottom":"12","isLinked":false},"_margin":{"top":"5","left":"0","unit":"px","right":"0","bottom":"0","isLinked":false},"_padding":{"top":"0","left":"0","unit":"px","right":"0","bottom":"0","isLinked":false},"__globals__":{"background_color":"","border_color":"","hover_color":"","button_text_color":"","button_hover_border_color":"","button_background_hover_color":""},"background_background":"gradient","background_color_stop":{"unit":"%","size":42,"sizes":[]},"background_color_b":"#25409E","background_gradient_angle":{"unit":"deg","size":140,"sizes":[]},"button_background_hover_background":"gradient","button_background_hover_color":"#027BF5","button_background_hover_color_stop":{"unit":"%","size":42,"sizes":[]},"button_background_hover_color_b":"#25409E","button_background_hover_gradient_angle":{"unit":"deg","size":140,"sizes":[]},"button_hover_border_color":"#25409E"},"elements":[],"isInner":false,"widgetType":"button","elType":"widget"},{"id":"d805ba8","settings":{"content_width":"full","text":"Subpage button","selected_icon":{"value":"fas fa-arrow-right","library":"fa-solid"},"icon_align":"row-reverse","icon_indent":{"size":17,"unit":"px","sizes":[]},"typography_typography":"custom","typography_font_family":"Dm Sans","typography_font_weight":"600","button_text_color":"#000000","background_color":"#0071E300","hover_color":"#0B62CD","button_background_hover_color":"#027BF5","button_hover_border_color":"#25409E00","border_border":"none","border_color":"#000000","border_radius":{"top":"8","left":"8","unit":"px","right":"8","bottom":"8","isLinked":true},"text_padding":{"top":"12","left":"20","unit":"px","right":"20","bottom":"12","isLinked":false},"typography_font_size":{"size":16,"unit":"px","sizes":[]},"typography_font_size_tablet":{"size":16,"unit":"px","sizes":[]},"typography_font_size_mobile":{"size":16,"unit":"px","sizes":[]},"typography_line_height":{"size":"150%","unit":"custom","sizes":[]},"typography_line_height_tablet":{"size":"150%","unit":"custom","sizes":[]},"typography_line_height_mobile":{"size":"150%","unit":"custom","sizes":[]},"background_color_stop":{"unit":"%","size":42,"sizes":[]},"background_color_b":"#25409E","background_gradient_angle":{"unit":"deg","size":140,"sizes":[]},"button_background_hover_background":"","button_background_hover_color_stop":{"unit":"%","size":42,"sizes":[]},"button_background_hover_color_b":"#25409E","button_background_hover_gradient_angle":{"unit":"deg","size":140,"sizes":[]},"border_width":{"top":"0","left":"0","unit":"px","right":"0","bottom":"0","isLinked":true},"border_width_tablet":{"top":"1","left":"1","unit":"px","right":"1","bottom":"1","isLinked":true},"border_width_mobile":{"top":"1","left":"1","unit":"px","right":"1","bottom":"1","isLinked":true},"border_radius_tablet":{"top":"8","left":"8","unit":"px","right":"8","bottom":"8","isLinked":true},"border_radius_mobile":{"top":"8","left":"8","unit":"px","right":"8","bottom":"8","isLinked":true},"_margin":{"top":"5","left":"0","unit":"px","right":"0","bottom":"0","isLinked":false},"_padding":{"top":"0","left":"0","unit":"px","right":"0","bottom":"0","isLinked":false},"__globals__":{"background_color":"","border_color":"","hover_color":"","button_text_color":"","button_hover_border_color":"","button_background_hover_color":""},"hide_mobile":"hidden-mobile","hide_tablet":"hidden-tablet"},"elements":[],"isInner":false,"widgetType":"button","elType":"widget"}],"isInner":true,"elType":"container"},{"id":"76aa0dbf","settings":{"html":"<script src=\"https:\/\/cdnjs.cloudflare.com\/ajax\/libs\/gsap\/3.11.4\/gsap.min.js\"><\/script>\n<script src=\"https:\/\/cdnjs.cloudflare.com\/ajax\/libs\/gsap\/3.11.4\/ScrollTrigger.min.js\"><\/script>\n\n<script>\ndocument.addEventListener('DOMContentLoaded', function () {\n  gsap.registerPlugin(ScrollTrigger);\n\n  \/\/ Function to split text into spans\n  function splitTextIntoSpans(selector) {\n    const elements = document.querySelectorAll(selector);\n    elements.forEach(element => {\n      const text = element.innerText;\n      element.innerHTML = \"\"; \/\/ Clear existing content\n      text.split(\"\").forEach(char => {\n        const span = document.createElement(\"span\");\n        span.style.display = \"inline-block\";\n        span.style.opacity = \"0\";\n        span.style.filter = \"blur(8px)\";\n        span.style.transform = \"translateX(-100px)\";\n        span.innerText = char === \" \" ? \"\\u00A0\" : char; \/\/ Non-breaking space for spaces\n        element.appendChild(span);\n      });\n    });\n  }\n\n  splitTextIntoSpans(\"h4\");\n\n  document.querySelectorAll(\"h4\").forEach(h4 => {\n    gsap.fromTo(h4.querySelectorAll(\"span\"), {\n      x: '-100%',\n      filter: 'blur(8px)',\n      opacity: 0,\n    }, {\n      x: '0%',\n      filter: 'blur(0)',\n      opacity: 1,\n      duration: 1.5,\n      ease: \"power4.out\",\n      stagger: 0.05,\n      scrollTrigger: {\n        trigger: h4,\n        start: \"top 90%\", \/\/ Adjust if necessary\n        end: \"top 20%\", \/\/ Ensures animation completes\n        toggleActions: \"restart none none reset\",\n        scrub: 1,\n        markers: false\n      },\n    });\n  });\n});\n<\/script>","content_width":"full","_background_color_stop_tablet":{"unit":"%"},"_background_color_stop_mobile":{"unit":"%"},"_background_color_b_stop_tablet":{"unit":"%"},"_background_color_b_stop_mobile":{"unit":"%"},"_background_gradient_angle_tablet":{"unit":"deg"},"_background_gradient_angle_mobile":{"unit":"deg"},"_background_gradient_position_tablet":"","_background_gradient_position_mobile":"","_background_hover_color_stop_tablet":{"unit":"%"},"_background_hover_color_stop_mobile":{"unit":"%"},"_background_hover_color_b_stop_tablet":{"unit":"%"},"_background_hover_color_b_stop_mobile":{"unit":"%"},"_background_hover_gradient_angle_tablet":{"unit":"deg"},"_background_hover_gradient_angle_mobile":{"unit":"deg"},"_background_hover_gradient_position_tablet":"","_background_hover_gradient_position_mobile":""},"elements":[],"isInner":false,"widgetType":"html","elType":"widget"}],"isInner":true,"elType":"container"}],"isInner":false,"elType":"container"},{"id":"6f2fcddf","settings":{"flex_direction":"column","flex_gap":{"column":"0","row":"0","isLinked":false,"unit":"px","size":0},"background_background":"classic","background_image":{"url":"","id":"","size":"","alt":"","source":"library"},"background_position":"center left","background_repeat":"no-repeat","background_size":"cover","shape_divider_bottom_color":"#383232","shape_divider_bottom_width":{"unit":"%","size":129,"sizes":[]},"shape_divider_bottom_height":{"unit":"px","size":100,"sizes":[]},"padding":{"unit":"px","top":"0","right":"0","bottom":"0200","left":"0","isLinked":false},"background_image_mobile":{"url":"http:\/\/www.blueprint.nicolaipalmkvist.com\/wp-content\/uploads\/2024\/12\/Background-1.svg","id":867,"size":"","alt":"","source":"library"},"background_position_mobile":"center center","padding_mobile":{"unit":"px","top":"30","right":"0","bottom":"50","left":"0","isLinked":false},"padding_tablet":{"unit":"px","top":"0","right":"50","bottom":"80","left":"50","isLinked":false},"background_color":"#F8F9FA","_title":"Hero 5","background_repeat_mobile":"no-repeat","background_size_mobile":"cover"},"elements":[{"id":"23eb52b8","settings":{"flex_direction":"row","flex_gap":{"unit":"px","size":0,"column":"0","row":"0"},"boxed_width":{"unit":"px","size":1200,"sizes":[]},"__globals__":{"background_color":""},"content_width":"full","background_color":"#F4F4F4","background_image":{"url":"http:\/\/www.blueprint.nicolaipalmkvist.com\/wp-content\/uploads\/2024\/12\/Background-1.svg","id":867,"size":"","alt":"","source":"library"},"background_position":"center center","background_repeat":"no-repeat","background_size":"cover","padding_mobile":{"unit":"px","top":"50","right":"020","bottom":"0","left":"020","isLinked":false},"margin_tablet":{"unit":"px","top":"0","right":"0","bottom":"0","left":"0","isLinked":false},"padding_tablet":{"unit":"px","top":"0","right":"0","bottom":"0","left":"0","isLinked":false}},"elements":[{"id":"6b5c67b6","settings":{"flex_direction":"column","content_width":"full","width":{"unit":"%","size":"50"},"flex_justify_content":"center","padding":{"unit":"px","top":"0","right":"150","bottom":"0","left":"0","isLinked":false},"padding_mobile":{"unit":"px","top":"0","right":"0","bottom":"0","left":"0","isLinked":false},"padding_tablet":{"unit":"px","top":"0","right":"0","bottom":"0","left":"0","isLinked":false}},"elements":[{"id":"67c99fe","settings":{"content_width":"full","title":"Add Your Heading <br>\n<span class=\"twocolor\">Text Here\n<\/span>","title_color":"#000000","typography_typography":"custom","typography_font_family":"Kameron","typography_font_weight":"600","typography_font_size":{"unit":"px","size":45,"sizes":[]},"typography_font_size_mobile":{"unit":"px","size":35,"sizes":[]},"typography_font_size_tablet":{"unit":"px","size":30,"sizes":[]}},"elements":[],"isInner":false,"widgetType":"heading","elType":"widget"},{"id":"267c82ed","settings":{"content_width":"full","text_color":"#000000","typography_typography":"custom","typography_font_family":"DM Sans","typography_font_weight":"500","__globals__":{"text_color":""},"typography_font_size":{"unit":"px","size":16,"sizes":[]},"_margin_mobile":{"unit":"px","top":"0","right":"0","bottom":"-10","left":"0","isLinked":false},"_margin_tablet":{"unit":"px","top":"0","right":"0","bottom":"-22","left":"0","isLinked":false}},"elements":[],"isInner":false,"widgetType":"text-editor","elType":"widget"},{"id":"5e1b0904","settings":{"content_width":"full","flex_direction":"row","margin":{"unit":"px","top":"0","right":"0","bottom":"0","left":"0","isLinked":false},"padding":{"unit":"px","top":"0","right":"0","bottom":"0","left":"0","isLinked":false}},"elements":[{"id":"1763b60a","settings":{"content_width":"full","text":"CTA Button","selected_icon":{"value":"fas fa-arrow-right","library":"fa-solid"},"icon_align":"row-reverse","icon_indent":{"size":17,"unit":"px","sizes":[]},"typography_typography":"custom","typography_font_family":"Dm Sans","typography_font_weight":"500","background_color":"#0071E3","border_border":"none","border_color":"#000000","button_text_color":"#FFFFFF","hover_color":"#FFFFFF","border_radius":{"top":"8","left":"8","unit":"px","right":"8","bottom":"8","isLinked":true},"typography_font_size":{"size":16,"unit":"px","sizes":[]},"typography_font_size_tablet":{"size":16,"unit":"px","sizes":[]},"typography_font_size_mobile":{"size":16,"unit":"px","sizes":[]},"typography_line_height":{"size":"150%","unit":"custom","sizes":[]},"typography_line_height_tablet":{"size":"150%","unit":"custom","sizes":[]},"typography_line_height_mobile":{"size":"150%","unit":"custom","sizes":[]},"border_width":{"top":"0","left":"0","unit":"px","right":"0","bottom":"0","isLinked":true},"border_width_tablet":{"top":"1","left":"1","unit":"px","right":"1","bottom":"1","isLinked":true},"border_width_mobile":{"top":"1","left":"1","unit":"px","right":"1","bottom":"1","isLinked":true},"border_radius_tablet":{"top":"8","left":"8","unit":"px","right":"8","bottom":"8","isLinked":true},"border_radius_mobile":{"top":"8","left":"8","unit":"px","right":"8","bottom":"8","isLinked":true},"text_padding":{"top":"12","left":"20","unit":"px","right":"20","bottom":"12","isLinked":false},"_margin":{"top":"5","left":"0","unit":"px","right":"0","bottom":"0","isLinked":false},"_padding":{"top":"0","left":"0","unit":"px","right":"0","bottom":"0","isLinked":false},"__globals__":{"background_color":"","border_color":"","hover_color":"","button_text_color":"","button_hover_border_color":"","button_background_hover_color":""},"background_background":"gradient","background_color_stop":{"unit":"%","size":42,"sizes":[]},"background_color_b":"#25409E","background_gradient_angle":{"unit":"deg","size":140,"sizes":[]},"button_background_hover_background":"gradient","button_background_hover_color":"#027BF5","button_background_hover_color_stop":{"unit":"%","size":42,"sizes":[]},"button_background_hover_color_b":"#25409E","button_background_hover_gradient_angle":{"unit":"deg","size":140,"sizes":[]},"button_hover_border_color":"#25409E"},"elements":[],"isInner":false,"widgetType":"button","elType":"widget"},{"id":"122d9b10","settings":{"content_width":"full","text":"Subpage button","selected_icon":{"value":"fas fa-arrow-right","library":"fa-solid"},"icon_align":"row-reverse","icon_indent":{"size":17,"unit":"px","sizes":[]},"typography_typography":"custom","typography_font_family":"Dm Sans","typography_font_weight":"600","button_text_color":"#000000","background_color":"#0071E300","hover_color":"#0B62CD","button_background_hover_color":"#027BF5","button_hover_border_color":"#25409E00","border_border":"none","border_color":"#000000","border_radius":{"top":"8","left":"8","unit":"px","right":"8","bottom":"8","isLinked":true},"text_padding":{"top":"12","left":"20","unit":"px","right":"20","bottom":"12","isLinked":false},"typography_font_size":{"size":16,"unit":"px","sizes":[]},"typography_font_size_tablet":{"size":16,"unit":"px","sizes":[]},"typography_font_size_mobile":{"size":16,"unit":"px","sizes":[]},"typography_line_height":{"size":"150%","unit":"custom","sizes":[]},"typography_line_height_tablet":{"size":"150%","unit":"custom","sizes":[]},"typography_line_height_mobile":{"size":"150%","unit":"custom","sizes":[]},"background_color_stop":{"unit":"%","size":42,"sizes":[]},"background_color_b":"#25409E","background_gradient_angle":{"unit":"deg","size":140,"sizes":[]},"button_background_hover_background":"","button_background_hover_color_stop":{"unit":"%","size":42,"sizes":[]},"button_background_hover_color_b":"#25409E","button_background_hover_gradient_angle":{"unit":"deg","size":140,"sizes":[]},"border_width":{"top":"0","left":"0","unit":"px","right":"0","bottom":"0","isLinked":true},"border_width_tablet":{"top":"1","left":"1","unit":"px","right":"1","bottom":"1","isLinked":true},"border_width_mobile":{"top":"1","left":"1","unit":"px","right":"1","bottom":"1","isLinked":true},"border_radius_tablet":{"top":"8","left":"8","unit":"px","right":"8","bottom":"8","isLinked":true},"border_radius_mobile":{"top":"8","left":"8","unit":"px","right":"8","bottom":"8","isLinked":true},"_margin":{"top":"5","left":"0","unit":"px","right":"0","bottom":"0","isLinked":false},"_padding":{"top":"0","left":"0","unit":"px","right":"0","bottom":"0","isLinked":false},"__globals__":{"background_color":"","border_color":"","hover_color":"","button_text_color":"","button_hover_border_color":"","button_background_hover_color":""},"hide_mobile":"hidden-mobile","hide_tablet":"hidden-tablet"},"elements":[],"isInner":false,"widgetType":"button","elType":"widget"}],"isInner":true,"elType":"container"}],"isInner":true,"elType":"container"},{"id":"1e121f87","settings":{"flex_direction":"column","content_width":"full","width":{"unit":"%","size":"50"},"flex_gap_mobile":{"column":"0","row":"0","isLinked":false,"unit":"px","size":0},"margin_mobile":{"unit":"px","top":"0","right":"0","bottom":"0","left":"0","isLinked":false},"padding_mobile":{"unit":"px","top":"0","right":"0","bottom":"0","left":"0","isLinked":false}},"elements":[{"id":"1083eda8","settings":{"flex_direction":"column","content_width":"full","width":{"unit":"%","size":100},"padding_mobile":{"unit":"px","top":"28","right":"0","bottom":"0","left":"0","isLinked":false}},"elements":[{"id":"62a8286f","settings":{"content_width":"full","align":"left","width":{"unit":"%","size":100,"sizes":[]},"image":{"url":"http:\/\/www.blueprint.nicolaipalmkvist.com\/wp-content\/uploads\/2024\/12\/YouTube-Thumbnail-old-3.svg","id":1027,"size":"","alt":"","source":"library"}},"elements":[],"isInner":false,"widgetType":"image","elType":"widget"}],"isInner":true,"elType":"container"}],"isInner":true,"elType":"container"}],"isInner":true,"elType":"container"},{"id":"60bf004b","settings":{"flex_direction":"column","content_width":"full","background_background":"classic","margin":{"unit":"px","top":"0","right":"0","bottom":"0","left":"0","isLinked":false},"padding":{"unit":"px","top":"0","right":"0","bottom":"0","left":"0","isLinked":false},"flex_gap_mobile":{"column":"0","row":"0","isLinked":false,"unit":"px","size":0},"margin_mobile":{"unit":"px","top":"0","right":"0","bottom":"0","left":"0","isLinked":false},"padding_mobile":{"unit":"px","top":"20","right":"20","bottom":"20","left":"20","isLinked":true}},"elements":[{"id":"4a2a324d","settings":{"content_width":"full","min_height":{"unit":"px","size":416,"sizes":[]},"flex_justify_content":"center","background_background":"gradient","background_color":"#166DDF","border_radius":{"unit":"px","top":"15","right":"15","bottom":"15","left":"15","isLinked":true},"padding":{"unit":"px","top":"0","right":"100","bottom":"0","left":"100","isLinked":false},"background_color_stop":{"unit":"%","size":40,"sizes":[]},"background_color_b":"#1F47A7","background_gradient_angle":{"unit":"deg","size":140,"sizes":[]},"margin_mobile":{"unit":"px","top":"0","right":"0","bottom":"0","left":"0","isLinked":false},"padding_mobile":{"unit":"px","top":"30","right":"20","bottom":"30","left":"20","isLinked":false}},"elements":[{"id":"475d119a","settings":{"content_width":"full","image":{"id":655,"url":"http:\/\/www.blueprint.nicolaipalmkvist.com\/wp-content\/uploads\/2024\/10\/YouTube-Thumbnail-13.svg","alt":"","source":"library","size":""},"width":{"unit":"%","size":4,"sizes":[]},"width_mobile":{"unit":"%","size":15,"sizes":[]},"align":"center","align_mobile":"center","align_tablet":"center","width_tablet":{"unit":"%","size":8,"sizes":[]}},"elements":[],"isInner":false,"widgetType":"image","elType":"widget"},{"id":"31c7271a","settings":{"title":"Last Call To Action ","title_color":"#FFFFFF","__globals__":{"title_color":"","typography_typography":""},"align_mobile":"center","_margin":{"unit":"px","top":"010","right":"0","bottom":"15","left":"0","isLinked":false},"align":"center","typography_typography":"custom","typography_font_family":"Kameron","typography_font_size":{"unit":"px","size":45,"sizes":[]},"typography_font_weight":"600","typography_font_size_mobile":{"unit":"px","size":35,"sizes":[]},"content_width":"full","typography_font_size_tablet":{"unit":"px","size":30,"sizes":[]}},"elements":[],"isInner":false,"widgetType":"heading","elType":"widget"},{"id":"1b95ff69","settings":{"content_width":"full","title":"Lorem ipsum dolor sit amet, consectetur adipiscing elit. Fusce nec egestas lacus. Sed sodales interdum venenatis.\nQuisque libero ex, maximus non ullamcorper eu, pellentesque vel ex. Proin sed diam dignissim, ornare tortor efficitur, tempus dolor.","_padding":{"unit":"px","top":"0","right":"0","bottom":"0","left":"0","isLinked":false},"__globals__":{"title_color":"","typography_typography":""},"_margin":{"unit":"px","top":"0","right":"0","bottom":"10","left":"0","isLinked":false},"align_mobile":"center","title_color":"#FFFFFF","_margin_mobile":{"unit":"px","top":"-13","right":"0","bottom":"0","left":"0","isLinked":false},"_padding_mobile":{"unit":"px","top":"0","right":"0","bottom":"0","left":"0","isLinked":false},"align":"center","_padding_tablet":{"unit":"px","top":"0","right":"0","bottom":"0","left":"0","isLinked":false},"_margin_tablet":{"unit":"px","top":"0","right":"0","bottom":"0","left":"0","isLinked":false},"typography_typography":"custom","typography_font_family":"DM Sans","typography_font_size":{"unit":"px","size":16,"sizes":[]},"typography_font_weight":"400","typography_line_height":{"unit":"px","size":26,"sizes":[]}},"elements":[],"isInner":false,"widgetType":"heading","elType":"widget"},{"id":"7351e66e","settings":{"content_width":"full","text":"Don't miss out button","selected_icon":{"value":"fas fa-arrow-right","library":"fa-solid"},"icon_align":"row-reverse","icon_indent":{"size":17,"unit":"px","sizes":[]},"typography_typography":"custom","typography_font_family":"Inter","typography_font_weight":"500","border_border":"solid","border_color":"#000000","button_text_color":"#000000","hover_color":"#FFFFFF","border_radius":{"top":"8","left":"8","unit":"px","right":"8","bottom":"8","isLinked":true},"__globals__":{"background_color":"","border_color":"","hover_color":"","button_text_color":"","button_hover_border_color":"","button_background_hover_color":""},"typography_font_size":{"size":16,"unit":"px","sizes":[]},"border_width":{"top":"0","left":"0","unit":"px","right":"0","bottom":"0","isLinked":true},"_margin":{"top":"0","left":"0","unit":"px","right":"0","bottom":"0","isLinked":false},"typography_font_size_tablet":{"size":16,"unit":"px","sizes":[]},"typography_font_size_mobile":{"size":16,"unit":"px","sizes":[]},"typography_line_height":{"size":"150%","unit":"custom","sizes":[]},"typography_line_height_tablet":{"size":"150%","unit":"custom","sizes":[]},"typography_line_height_mobile":{"size":"150%","unit":"custom","sizes":[]},"background_color":"#FFFFFF","border_width_tablet":{"top":"0","left":"0","unit":"px","right":"0","bottom":"0","isLinked":true},"border_width_mobile":{"top":"0","left":"0","unit":"px","right":"0","bottom":"0","isLinked":true},"border_radius_tablet":{"top":"8","left":"8","unit":"px","right":"8","bottom":"8","isLinked":true},"border_radius_mobile":{"top":"8","left":"8","unit":"px","right":"8","bottom":"8","isLinked":true},"text_padding":{"top":"12","left":"20","unit":"px","right":"20","bottom":"12","isLinked":false},"_padding":{"top":"0","left":"0","unit":"px","right":"0","bottom":"0","isLinked":false},"align":"center","button_background_hover_color":"#000000","button_hover_border_color":"#FFFFFF"},"elements":[],"isInner":false,"widgetType":"button","elType":"widget"}],"isInner":true,"elType":"container"}],"isInner":true,"elType":"container"}],"isInner":false,"elType":"container"}],"settings":{"custom_css":"\n\n.twocolor {\n    color: #166DDF;\n    background: #166DE0 ;\n    -webkit-background-clip: text;\n    -webkit-text-fill-color: transparent;\n}\n\n\n\n\n\n"},"metadata":[]}