{"content":[{"id":"106f2064","settings":{"jet_parallax_layout_list":[],"background_color":"#9913C9","margin":{"unit":"px","top":"0","right":"0","bottom":"0","left":"0","isLinked":false},"padding":{"unit":"px","top":"0","right":"50","bottom":"0","left":"50","isLinked":false},"__globals__":{"background_color":""},"scroll_distance":{"unit":"px","size":1,"sizes":[]},"background":"#E04545","padding_mobile":{"unit":"px","top":"0","right":"15","bottom":"0","left":"0","isLinked":false},"margin_tablet":{"unit":"px","top":"0","right":"0","bottom":"0","left":"0","isLinked":false},"margin_mobile":{"unit":"px","top":"0","right":0,"bottom":"0","left":0,"isLinked":false},"padding_tablet":{"unit":"px","top":"20","right":"20","bottom":"20","left":"20","isLinked":true},"content_width":"full","z_index":99,"flex_direction":"row","flex_gap":{"size":0,"column":"0","row":"0","unit":"px","isLinked":false},"min_height":{"unit":"px","size":0,"sizes":[]},"flex_align_items":"flex-start"},"elements":[{"id":"349267f","settings":{"_column_size":100,"width":{"size":null,"unit":"%"},"padding":{"unit":"px","top":"0","right":"0","bottom":"0","left":"0","isLinked":false},"width_tablet":{"size":100,"unit":"%"},"margin":{"unit":"px","top":"0","right":"0","bottom":"0","left":"0","isLinked":false},"content_width":"full","margin_tablet":{"unit":"px","top":"0","right":"0","bottom":"0","left":"0","isLinked":false},"margin_mobile":{"unit":"px","top":"0","right":"0","bottom":"0","left":"0","isLinked":false},"padding_tablet":{"unit":"px","top":"0","right":"0","bottom":"0","left":"0","isLinked":false},"padding_mobile":{"unit":"px","top":"0","right":"0","bottom":"0","left":"0","isLinked":false},"min_height":{"unit":"px","size":0,"sizes":[]},"flex_justify_content":"flex-start","flex_align_items":"flex-start","flex_gap":{"column":"0","row":"0","isLinked":false,"unit":"px","size":0}},"elements":[{"id":"5add5464","settings":{"content_width":"full","jet_parallax_layout_list":[],"structure":"30","background_color":"#401B4D","border_radius":{"unit":"px","top":"20","right":"20","bottom":"20","left":"20","isLinked":true},"padding":{"unit":"px","top":"0","right":"0","bottom":"0","left":"0","isLinked":false},"scroll_distance":{"unit":"px","size":20,"sizes":[]},"background":"#401B4D","__globals__":{"background_color":"","background":""},"margin":{"unit":"px","top":"0","right":"0","bottom":"0","left":"0","isLinked":false},"box_shadow_box_shadow":{"horizontal":0,"vertical":0,"blur":10,"spread":0,"color":"rgba(0, 0, 0, 0.35)"},"margin_mobile":{"unit":"px","top":"0","right":0,"bottom":"0","left":0,"isLinked":false},"padding_mobile":{"unit":"px","top":"10","right":"10","bottom":"10","left":"10","isLinked":true},"flex_direction":"row","flex_gap":{"size":10,"column":"10","row":"10","unit":"px","isLinked":true}},"elements":[{"id":"235d914","settings":{"_column_size":33,"width":{"size":44,"unit":"%"},"flex_justify_content":"flex-start","width_mobile":{"size":100,"unit":"%"},"width_tablet":{"size":41,"unit":"%"},"content_width":"full","margin_tablet":{"unit":"px","top":"0","right":"0","bottom":"0","left":"0","isLinked":false},"margin_mobile":{"unit":"px","top":"0","right":"0","bottom":"0","left":"0","isLinked":false},"padding_tablet":{"unit":"px","top":"0","right":"0","bottom":"0","left":"0","isLinked":false},"padding_mobile":{"unit":"px","top":"0","right":"0","bottom":"0","left":"0","isLinked":false},"flex_gap":{"column":"0","row":"0","isLinked":false,"unit":"px","size":0},"min_height":{"unit":"px","size":0,"sizes":[]},"margin":{"unit":"px","top":"-40","right":"0","bottom":"0","left":"0","isLinked":false}},"elements":[{"id":"180d4fc4","settings":{"image":{"id":1388,"url":"http:\/\/www.blueprint.nicolaipalmkvist.com\/wp-content\/uploads\/2024\/12\/Add-a-heading-5-e1734264045959.png","alt":"","source":"library","size":""},"link_to":"custom","width":{"unit":"%","size":49,"sizes":[]},"__dynamic__":{"link":"[elementor-tag id=\"f73cf7a\" name=\"site-url\" settings=\"%7B%7D\"]"},"_margin":{"unit":"px","top":"0","right":"0","bottom":"0","left":"6","isLinked":false},"_element_width":"auto","align":"left","_element_custom_width":{"unit":"%","size":31.76},"jet_tricks_widget_satellite_image":{"id":512,"url":"http:\/\/looja.dk\/wp-content\/uploads\/2023\/09\/placeholder-54.png"},"width_mobile":{"unit":"%","size":56,"sizes":[]},"align_tablet":"left","align_mobile":"center","width_tablet":{"unit":"%","size":60,"sizes":[]},"_margin_mobile":{"unit":"px","top":"0","right":"0","bottom":"0","left":"0","isLinked":false},"content_width":"full","_margin_tablet":{"unit":"px","top":"0","right":"0","bottom":"0","left":"0","isLinked":false}},"elements":[],"isInner":false,"widgetType":"image","elType":"widget"}],"isInner":true,"elType":"container"},{"id":"3371bcd1","settings":{"_column_size":33,"width":{"size":63,"unit":"%"},"flex_justify_content":"flex-end","padding":{"unit":"px","top":"0","right":"0","bottom":"0","left":"0","isLinked":false},"width_mobile":{"size":37,"unit":"%"},"hide_mobile":"hidden-mobile","content_width":"full","margin":{"unit":"px","top":"-40","right":"0","bottom":"0","left":"0","isLinked":false},"flex_direction":"row","flex_align_items":"center","flex_align_items_mobile":"flex-end","margin_tablet":{"unit":"px","top":"-8","right":"10","bottom":"0","left":"0","isLinked":false},"padding_tablet":{"unit":"px","top":"0","right":"0","bottom":"0","left":"0","isLinked":false},"_flex_align_self_mobile":"flex-end","flex_gap":{"column":"0","row":"0","isLinked":false,"unit":"px","size":0}},"elements":[{"id":"635d7555","settings":{"content_width":"full","menu_name":"Menu","menu":"menu","menu_typography_typography":"custom","menu_typography_font_family":"DM Sans","menu_typography_font_weight":"600","color_menu_item":"#FFFFFF","color_menu_item_hover":"#FFFFFF","pointer_color_menu_item_hover":"#7A7A7A","color_menu_item_active":"#FFFFFF","__globals__":{"color_menu_item_hover":"","pointer_color_menu_item_hover":"globals\/colors?id=text","color_menu_item_active":""},"pointer":"none","menu_typography_font_size":{"unit":"px","size":16,"sizes":[]},"align_items":"end","padding_horizontal_menu_item":{"unit":"px","size":15,"sizes":[]},"menu_space_between":{"unit":"px","size":0,"sizes":[]},"_margin":{"unit":"px","top":"0","right":"11","bottom":"0","left":"0","isLinked":false},"hide_tablet":"hidden-tablet","menu_id":4},"elements":[],"isInner":false,"widgetType":"nav-menu","elType":"widget"},{"id":"17ae4390","settings":{"text":"Call us now","background_color":"#FFFFFF","border_radius":{"top":"8","left":"8","unit":"px","right":"8","bottom":"8","isLinked":true},"text_padding":{"top":"12","left":"20","unit":"px","right":"20","bottom":"12","isLinked":false},"_margin":{"top":"0","left":"0","unit":"px","right":"0","bottom":"0","isLinked":false},"__globals__":{"button_text_color":"","typography_typography":"","border_color":"","button_background_hover_color":"","button_hover_border_color":"","background_color":"","hover_color":""},"typography_typography":"custom","typography_font_family":"Dm Sans","typography_font_weight":"500","icon_align":"row-reverse","jet_tricks_widget_satellite_image":{"id":515,"url":"http:\/\/looja.dk\/wp-content\/uploads\/2023\/09\/placeholder-57.png"},"link":{"url":"tel:( +123 ) 456 789","is_external":"","nofollow":"","custom_attributes":""},"selected_icon":{"value":"fas fa-phone-alt","library":"fa-solid"},"icon_indent":{"size":17,"unit":"px","sizes":[]},"background_color_b":"#FFFFFF","background_gradient_angle":{"unit":"deg","size":140,"sizes":[]},"content_width":"full","button_text_color":"#0071E3","hover_color":"#FFFFFF","_element_width":"auto","typography_font_size_mobile":{"size":16,"unit":"px","sizes":[]},"typography_font_size":{"size":16,"unit":"px","sizes":[]},"typography_font_size_tablet":{"size":16,"unit":"px","sizes":[]},"typography_line_height":{"size":"150%","unit":"custom","sizes":[]},"typography_line_height_tablet":{"size":"150%","unit":"custom","sizes":[]},"typography_line_height_mobile":{"size":"150%","unit":"custom","sizes":[]},"background_color_stop":{"unit":"%","size":42,"sizes":[]},"button_background_hover_background":"gradient","button_background_hover_color":"#027BF5","button_background_hover_color_stop":{"unit":"%","size":42,"sizes":[]},"button_background_hover_color_b":"#25409E","button_background_hover_gradient_angle":{"unit":"deg","size":140,"sizes":[]},"button_hover_border_color":"#25409E","border_border":"none","border_width":{"top":"0","left":"0","unit":"px","right":"0","bottom":"0","isLinked":true},"border_width_tablet":{"top":"1","left":"1","unit":"px","right":"1","bottom":"1","isLinked":true},"border_width_mobile":{"top":"1","left":"1","unit":"px","right":"1","bottom":"1","isLinked":true},"border_color":"#000000","border_radius_tablet":{"top":"8","left":"8","unit":"px","right":"8","bottom":"8","isLinked":true},"border_radius_mobile":{"top":"8","left":"8","unit":"px","right":"8","bottom":"8","isLinked":true},"_padding":{"top":"0","left":"0","unit":"px","right":"0","bottom":"0","isLinked":false}},"elements":[],"isInner":false,"widgetType":"button","elType":"widget"}],"isInner":true,"elType":"container"}],"isInner":true,"elType":"container"}],"isInner":true,"elType":"container"}],"isInner":false,"elType":"container"},{"id":"6e41d81a","settings":{"jet_parallax_layout_list":[],"padding":{"unit":"px","top":"0","right":"0","bottom":"0","left":"0","isLinked":false},"background_color":"#F8F9FA","margin":{"unit":"px","top":"-130","right":"0","bottom":"0","left":"0","isLinked":false},"background_image":{"id":1411,"url":"http:\/\/www.blueprint.nicolaipalmkvist.com\/wp-content\/uploads\/2024\/12\/Untitled-design-55-1.png","alt":"","source":"library","size":""},"background_repeat":"no-repeat","background_size":"cover","background_overlay_background":"classic","z_index":0,"custom_height":{"unit":"px","size":900,"sizes":[]},"padding_tablet":{"unit":"px","top":"0","right":"0","bottom":"0","left":"0","isLinked":false},"content_width":"full","flex_gap":{"size":0,"column":"0","row":"0","unit":"px","isLinked":true},"min_height":{"size":102,"unit":"vh"},"structure":"20","padding_mobile":{"unit":"px","top":"0","right":"0","bottom":"0","left":"0","isLinked":false},"background_background":"classic","background_position":"center center","hide_mobile":"hidden-mobile","flex_direction":"row","flex_align_items":"stretch","__globals__":{"background_color":""},"background_overlay_color":"#000000","background_overlay_opacity":{"unit":"px","size":0.22,"sizes":[]},"margin_mobile":{"unit":"px","top":"0","right":"0","bottom":"0","left":"0","isLinked":false}},"elements":[{"id":"25d1e650","settings":{"_column_size":50,"width":{"size":null,"unit":"%"},"background_background":"classic","background_image":{"url":"","id":"","size":"","alt":"","source":"library"},"background_position":"center center","background_repeat":"no-repeat","background_size":"cover","box_shadow_box_shadow":{"horizontal":0,"vertical":0,"blur":10,"spread":0,"color":"rgba(0, 0, 0, 0.06)"},"flex_justify_content":"center","align":"center","background_overlay_color":"#000000","background_overlay_image":{"url":"","id":"","size":"","alt":"","source":"library"},"background_overlay_opacity":{"unit":"px","size":0.25,"sizes":[]},"width_tablet":{"size":50,"unit":"%"},"padding_mobile":{"unit":"px","top":"150","right":"20","bottom":"50","left":"20","isLinked":false},"content_width":"full"},"elements":[{"id":"78c43813","settings":{"title":"Get in touch<br> With us","align":"left","title_color":"#FFFFFF","typography_typography":"custom","typography_font_family":"Kameron","typography_font_size":{"unit":"px","size":50,"sizes":[]},"typography_font_weight":"500","_padding":{"unit":"px","top":"0","right":"0","bottom":"0","left":"80","isLinked":false},"typography_font_size_tablet":{"unit":"px","size":45,"sizes":[]},"typography_font_size_mobile":{"unit":"px","size":40,"sizes":[]},"_padding_tablet":{"unit":"px","top":"0","right":"0","bottom":"0","left":"25","isLinked":false},"_padding_mobile":{"unit":"px","top":"0","right":"0","bottom":"0","left":"0","isLinked":false},"content_width":"full"},"elements":[],"isInner":false,"widgetType":"heading","elType":"widget"},{"id":"13d67d80","settings":{"title":"(+123 ) 456 789<br>\nHello@blueprint.com","align":"left","title_color":"#FFFFFF","typography_typography":"custom","typography_font_family":"Kameron","typography_font_size":{"unit":"px","size":30,"sizes":[]},"typography_font_weight":"500","_padding":{"unit":"px","top":"0","right":"0","bottom":"0","left":"80","isLinked":false},"typography_font_size_tablet":{"unit":"px","size":22,"sizes":[]},"typography_font_size_mobile":{"unit":"px","size":40,"sizes":[]},"_padding_tablet":{"unit":"px","top":"0","right":"0","bottom":"0","left":"25","isLinked":false},"_padding_mobile":{"unit":"px","top":"0","right":"0","bottom":"0","left":"0","isLinked":false},"content_width":"full","typography_line_height":{"unit":"px","size":45,"sizes":[]},"typography_line_height_tablet":{"unit":"em","size":1.2,"sizes":[]}},"elements":[],"isInner":false,"widgetType":"heading","elType":"widget"},{"id":"691090b1","settings":{"content_width":"full","text":"Send Inquiry","icon_align":"row-reverse","icon_indent":{"unit":"px","size":11,"sizes":[]},"typography_typography":"custom","typography_font_family":"Montserrat","typography_font_weight":"500","typography_text_transform":"uppercase","typography_line_height":{"unit":"px","size":16,"sizes":[]},"button_text_color":"#FFFFFF","background_color":"#0071E3","button_background_hover_color":"#060606","button_hover_transition_duration":{"unit":"s","size":0.3,"sizes":[]},"border_radius":{"unit":"px","top":"41","right":"41","bottom":"41","left":"41","isLinked":true},"text_padding":{"unit":"px","top":"20","right":"34","bottom":"20","left":"34","isLinked":false},"_border_radius":{"unit":"px","top":"41","right":"41","bottom":"41","left":"41","isLinked":true},"custom_css":"@keyframes slide {\n    100% {\n        transform: translateX(calc(-100% - 8px));\n    }\n}\n\n.btn3 .elementor-button {\n    position: relative;\n    overflow: hidden;\n}\n\n.btn3 {\n    .elementor-button-content-wrapper {\n        overflow: hidden;\n    }\n\n    .elementor-button-content-wrapper::before {\n        content: \"Learn more about us\"; \/* Ensure the text is in normal case *\/\n        position: absolute;\n        color: white;\n        display: inline-block;\n        white-space: nowrap;\n        transition: 0.2s all ease;\n        animation: slide 3s linear 0s infinite;\n        text-transform: none; \/* Prevent uppercase *\/\n    }\n\n    .elementor-button-content-wrapper::after {\n        content: \"Learn more about us\"; \/* Ensure the text is in normal case *\/\n        position: absolute;\n        color: white;\n        transition: 0.2s all ease;\n        white-space: nowrap;\n        display: inline-block;\n        left: calc(100% + 8px);\n        animation: slide 3s linear 0s infinite;\n        text-transform: none; \/* Prevent uppercase *\/\n    }\n\n    .elementor-button-icon {\n        \/* Optional styling for the icon *\/\n    }\n\n    .elementor-button-text {\n        margin-bottom: -20px;\n        margin-top: 20px;\n        transition: 0.4s all ease;\n    }\n}\n\nselector:hover {\n    .elementor-button-icon {\n        \/* Optional hover styling *\/\n    }\n\n    .elementor-button-text {\n        margin-bottom: 0px;\n        margin-top: 0px;\n    }\n\n    .elementor-button-content-wrapper::before {\n        scale: 1 0;\n    }\n\n    .elementor-button-content-wrapper::after {\n        scale: 1 0;\n    }\n}\n","__globals__":{"button_text_color":"","background_color":"","hover_color":""},"_css_classes":"btn3","background_background":"gradient","background_color_b":"#25409E","background_gradient_angle":{"unit":"deg","size":140,"sizes":[]},"background_color_stop":{"unit":"%","size":42,"sizes":[]},"align":"left","_padding":{"unit":"px","top":"0","right":"0","bottom":"0","left":"80","isLinked":false},"__dynamic__":[],"link":{"url":"mailto:hello@blueprint.com","is_external":"","nofollow":"","custom_attributes":""},"typography_font_size_tablet":{"unit":"px","size":14,"sizes":[]},"_padding_tablet":{"unit":"px","top":"0","right":"0","bottom":"0","left":"25","isLinked":false},"border_border":"none"},"elements":[],"isInner":false,"widgetType":"button","elType":"widget"}],"isInner":true,"elType":"container"},{"id":"30cd8214","settings":{"_column_size":50,"width":{"size":null,"unit":"%"},"background_background":"classic","background_image":{"url":"","id":"","size":"","alt":"","source":"library"},"background_position":"center center","background_repeat":"no-repeat","background_size":"cover","box_shadow_box_shadow":{"horizontal":0,"vertical":0,"blur":10,"spread":0,"color":"rgba(0, 0, 0, 0.06)"},"margin":{"unit":"px","top":"0","right":"0","bottom":"0","left":"0","isLinked":false},"padding":{"unit":"px","top":"50","right":"50","bottom":"0","left":"50","isLinked":false},"width_tablet":{"size":50,"unit":"%"},"padding_mobile":{"unit":"px","top":"60","right":"20","bottom":"60","left":"20","isLinked":false},"content_width":"full","flex_justify_content":"center"},"elements":[{"id":"64b76769","settings":{"content_width":"full","title":"Let\u2019s do great things <br>\n with tech together\n<\/span>","title_color":"#FFFFFF","typography_typography":"custom","typography_font_family":"Kameron","typography_font_size":{"unit":"px","size":40,"sizes":[]},"typography_font_size_mobile":{"unit":"px","size":35,"sizes":[]},"typography_font_weight":"600","_margin_mobile":{"unit":"px","top":"0","right":"0","bottom":"0","left":"0","isLinked":false},"_padding_mobile":{"unit":"px","top":"0","right":"0","bottom":"0","left":"0","isLinked":false},"_element_width":"inherit","_element_width_mobile":"auto","_element_custom_width":{"unit":"%","size":30,"sizes":[]},"_margin":{"unit":"px","top":"0","right":"0","bottom":"14","left":"0","isLinked":false},"typography_line_height":{"unit":"px","size":50,"sizes":[]},"_padding":{"unit":"px","top":"0","right":"0","bottom":"0","left":"100","isLinked":false},"typography_font_size_tablet":{"unit":"px","size":30,"sizes":[]},"typography_line_height_tablet":{"unit":"em","size":1.2,"sizes":[]},"typography_line_height_mobile":{"unit":"em","size":1.3,"sizes":[]},"_padding_tablet":{"unit":"px","top":"0","right":"0","bottom":"0","left":"0","isLinked":false}},"elements":[],"isInner":false,"widgetType":"heading","elType":"widget"},{"id":"31f05c0","settings":{"form_name":"Contact form","form_fields":[{"custom_id":"email","required":"true","field_label":"Name","placeholder":"Your name","_id":"2fedbf4","previous_button":"","next_button":"","file_sizes":"","file_types":"","allow_multiple_upload":"","max_files":"","acceptance_text":"","checked_by_default":"","field_min":"","field_max":"","min_date":"","max_date":"","use_native_date":"","use_native_time":"","width_tablet":"50"},{"custom_id":"field_a99ce42","field_type":"tel","required":"true","field_label":"Phone","placeholder":"+123 456 789","_id":"a99ce42","previous_button":"","next_button":"","file_sizes":"","file_types":"","allow_multiple_upload":"","max_files":"","acceptance_text":"","checked_by_default":"","field_min":"","field_max":"","min_date":"","max_date":"","use_native_date":"","use_native_time":"","width_tablet":"50","width":"50"},{"custom_id":"field_8b08422","field_type":"email","required":"true","field_label":"Email","placeholder":"Your email","previous_button":"","next_button":"","file_sizes":"","file_types":"","allow_multiple_upload":"","max_files":"","acceptance_text":"","checked_by_default":"","field_min":"","field_max":"","min_date":"","max_date":"","use_native_date":"","use_native_time":"","_id":"8b08422","width_tablet":"100","width":"50"},{"custom_id":"field_617c4ae","field_label":"Company","placeholder":"Company Name","previous_button":"","next_button":"","file_sizes":"","file_types":"","allow_multiple_upload":"","max_files":"","acceptance_text":"","checked_by_default":"","field_min":"","field_max":"","min_date":"","max_date":"","use_native_date":"","use_native_time":"","_id":"617c4ae","width_tablet":"100"},{"custom_id":"message","field_type":"textarea","field_label":"Message","placeholder":"How ca we help you?","_id":"d8d2e96","rows":2,"previous_button":"","next_button":"","file_sizes":"","file_types":"","allow_multiple_upload":"","max_files":"","acceptance_text":"","checked_by_default":"","field_min":"","field_max":"","min_date":"","max_date":"","use_native_date":"","use_native_time":""}],"step_next_label":"N\u00e6ste","step_previous_label":"Tidligere","button_text":"Get in contact","email_content":"[all-fields]","email_content_2":"[all-fields]","success_message":"Tak! Formularen er sendt!","error_message":"Din indsendelse mislykkedes p\u00e5 grund af en fejl.","server_message":" Din indsendelse mislykkedes p\u00e5 grund af en serverfejl.","invalid_message":"Din indsendelse mislykkedes, fordi formularen er ugyldig.","required_field_message":"Dette felt er p\u00e5kr\u00e6vet.","_padding":{"unit":"px","top":"0","right":"100","bottom":"0","left":"100","isLinked":false},"_z_index":2,"_background_color":"#FFFFFF","_border_radius":{"unit":"px","top":"10","right":"10","bottom":"10","left":"10","isLinked":true},"field_typography_typography":"custom","field_typography_font_size":{"unit":"px","size":15,"sizes":[]},"field_typography_line_height":{"unit":"px","size":28,"sizes":[]},"field_border_color":"#EAEAEA","field_border_radius":{"unit":"px","top":"10","right":"10","bottom":"10","left":"10","isLinked":true},"button_typography_typography":"custom","button_typography_font_family":"Dm Sans","button_border_radius":{"unit":"px","top":"10","right":"10","bottom":"10","left":"10","isLinked":true},"button_icon_align":"right","button_icon_indent":{"unit":"px","size":13,"sizes":[]},"html_spacing":{"unit":"px","size":2,"sizes":[]},"button_background_color":"#FFFFFF","button_text_padding":{"unit":"px","top":"14","right":"15","bottom":"14","left":"14","isLinked":false},"__globals__":{"button_background_color":"","button_background_hover_color":"","button_hover_color":"","field_background_color":"","success_message_color":"","error_message_color":"","inline_message_color":"","previous_button_background_color":"","label_color":"","button_text_color":""},"jedv_conditions":[{"_id":"ba04d7b"}],"column_gap":{"unit":"px","size":16,"sizes":[]},"row_gap":{"unit":"px","size":13,"sizes":[]},"label_spacing":{"unit":"px","size":4,"sizes":[]},"label_color":"#FFFFFF","label_typography_typography":"custom","label_typography_font_size":{"unit":"px","size":15,"sizes":[]},"label_typography_font_weight":"500","html_typography_typography":"custom","html_typography_font_size":{"unit":"px","size":17,"sizes":[]},"field_background_color":"#FFFFFF","button_hover_color":"#000000","message_typography_typography":"custom","message_typography_font_family":"Nunito","success_message_color":"#05BDB2","error_message_color":"#05BDB2","inline_message_color":"#05BDB2","form_metadata":["date","time","page_url"],"jet_tricks_widget_satellite_image":{"id":77,"url":"http:\/\/looja.dk\/wp-content\/uploads\/2023\/08\/placeholder-38.png"},"previous_button_background_color":"#FFFFFF","field_typography_font_family":"Montserrat","button_background_hover_color":"#ECECEC","_padding_tablet":{"unit":"px","top":"0","right":"0","bottom":"0","left":"0","isLinked":true},"_padding_mobile":{"unit":"px","top":"0","right":"0","bottom":"0","left":"0","isLinked":false},"submit_actions":[],"content_width":"full","label_typography_font_family":"Dm Sans","selected_button_icon":{"value":"fas fa-arrow-circle-right","library":"fa-solid"},"button_typography_font_size":{"unit":"px","size":15,"sizes":[]},"button_typography_font_weight":"600","button_text_color":"#007FFF","input_size":"xs","html_color":"#7A7A7A","field_text_color":"#7A7A7A","html_typography_font_family":"Dm Sans","previous_button_text_color":"#000000"},"elements":[],"isInner":false,"widgetType":"form","elType":"widget"}],"isInner":true,"elType":"container"}],"isInner":false,"elType":"container"},{"id":"7636605c","settings":{"jet_parallax_layout_list":[],"padding":{"unit":"px","top":"0","right":"0","bottom":"0","left":"0","isLinked":false},"background_color":"#F4F7FB","margin":{"unit":"px","top":"-10","right":"0","bottom":"0","left":"0","isLinked":false},"background_image":{"url":"","id":"","size":"","alt":"","source":"library"},"background_repeat":"no-repeat","background_size":"cover","background_overlay_background":"classic","z_index":0,"custom_height":{"unit":"px","size":900,"sizes":[]},"padding_tablet":{"unit":"px","top":"0","right":"0","bottom":"0","left":"0","isLinked":false},"content_width":"full","flex_gap":{"size":0,"column":"0","row":"0","unit":"px","isLinked":true},"min_height":{"size":100,"unit":"vh"},"structure":"20","padding_mobile":{"unit":"px","top":"0","right":"0","bottom":"0","left":"0","isLinked":false},"background_background":"classic","background_position":"center center","hide_desktop":"hidden-desktop","hide_tablet":"hidden-tablet","flex_direction":"row","flex_align_items":"stretch","min_height_mobile":{"unit":"px","size":250,"sizes":[]},"margin_mobile":{"unit":"px","top":"-80","right":"0","bottom":"0","left":"0","isLinked":false}},"elements":[{"id":"743fae5","settings":{"_column_size":50,"width":{"size":null,"unit":"%"},"background_background":"classic","background_image":{"id":510,"url":"http:\/\/www.blueprint.nicolaipalmkvist.com\/wp-content\/uploads\/2024\/10\/3.png"},"background_position":"center center","background_repeat":"no-repeat","background_size":"cover","box_shadow_box_shadow":{"horizontal":0,"vertical":0,"blur":10,"spread":0,"color":"rgba(0, 0, 0, 0.06)"},"flex_justify_content":"center","align":"center","background_overlay_background":"classic","background_overlay_color":"#000000","background_overlay_image":{"url":"","id":"","size":"","alt":"","source":"library"},"background_overlay_opacity":{"unit":"px","size":0.32,"sizes":[]},"width_tablet":{"size":50,"unit":"%"},"padding_mobile":{"unit":"px","top":"150","right":"20","bottom":"150","left":"20","isLinked":false},"content_width":"full","background_image_mobile":{"url":"http:\/\/www.blueprint.nicolaipalmkvist.com\/wp-content\/uploads\/2024\/10\/Wood-circle-1.jpg","id":379,"size":"","alt":"","source":"library"}},"elements":[{"id":"3beed8c4","settings":{"content_width":"full","title":"Let\u2019s do great things \n with tech together\n","title_color":"#FFFFFF","typography_typography":"custom","typography_font_family":"Kameron","typography_font_size":{"unit":"px","size":40,"sizes":[]},"typography_font_size_mobile":{"unit":"px","size":35,"sizes":[]},"typography_font_weight":"600","_margin_mobile":{"unit":"px","top":"0","right":"0","bottom":"0","left":"0","isLinked":false},"_padding_mobile":{"unit":"px","top":"0","right":"0","bottom":"0","left":"0","isLinked":false},"_element_width":"inherit","_element_width_mobile":"auto","_element_custom_width":{"unit":"%","size":30,"sizes":[]},"_margin":{"unit":"px","top":"0","right":"0","bottom":"14","left":"0","isLinked":false},"typography_line_height":{"unit":"px","size":50,"sizes":[]},"_padding":{"unit":"px","top":"0","right":"0","bottom":"0","left":"100","isLinked":false},"typography_line_height_mobile":{"unit":"em","size":1.2,"sizes":[]}},"elements":[],"isInner":false,"widgetType":"heading","elType":"widget"},{"id":"50098726","settings":{"title":"(+123 ) 456 789<br>\nHello@blueprint.com","align":"left","title_color":"#FFFFFF","typography_typography":"custom","typography_font_family":"Kameron","typography_font_size":{"unit":"px","size":30,"sizes":[]},"typography_font_weight":"500","_padding":{"unit":"px","top":"0","right":"0","bottom":"0","left":"80","isLinked":false},"typography_font_size_tablet":{"unit":"px","size":40,"sizes":[]},"typography_font_size_mobile":{"unit":"px","size":20,"sizes":[]},"_padding_tablet":{"unit":"px","top":"0","right":"0","bottom":"0","left":"25","isLinked":false},"_padding_mobile":{"unit":"px","top":"0","right":"0","bottom":"0","left":"0","isLinked":false},"content_width":"full","typography_line_height":{"unit":"px","size":45,"sizes":[]},"typography_line_height_mobile":{"unit":"em","size":1.2,"sizes":[]}},"elements":[],"isInner":false,"widgetType":"heading","elType":"widget"},{"id":"59391c4b","settings":{"content_width":"full","text":"Send Inquiry","icon_align":"row-reverse","icon_indent":{"unit":"px","size":11,"sizes":[]},"typography_typography":"custom","typography_font_family":"Montserrat","typography_font_weight":"500","typography_text_transform":"uppercase","typography_line_height":{"unit":"px","size":16,"sizes":[]},"button_text_color":"#FFFFFF","background_color":"#0071E3","button_background_hover_color":"#060606","button_hover_transition_duration":{"unit":"s","size":0.3,"sizes":[]},"border_radius":{"unit":"px","top":"41","right":"41","bottom":"41","left":"41","isLinked":true},"text_padding":{"unit":"px","top":"20","right":"34","bottom":"20","left":"34","isLinked":false},"_border_radius":{"unit":"px","top":"41","right":"41","bottom":"41","left":"41","isLinked":true},"custom_css":"@keyframes slide{\n    100% {\n    transform: translateX(calc(-100% - 8px));}\n}\n\n.btn3 .elementor-button{\n        position: relative;\n        overflow: hidden;\n    \n}\n.btn3{\n\n    .elementor-button-content-wrapper{\n        overflow: hidden;\n        \n    }\n    .elementor-button-content-wrapper::before{\n        \n        content: \"LEARN MORE ABOUT US\";\n        position: absolute;\n        color:white;\n        display: inline-block;\n        white-space: nowrap;\n        transition: 0.2s all ease;\n                animation: slide 3s linear 0s infinite;\n    }\n    .elementor-button-content-wrapper::after{\n        content: \"LEARN MORE ABOUT US\";\n        position: absolute;\n        \n        color:white;\n        transition: 0.2s all ease;\n        white-space: nowrap;\n        display: inline-block;\n        left:calc(100% + 8px);\n        animation: slide 3s linear 0s infinite;\n    }\n    .elementor-button-icon{\n        \n    }\n    .elementor-button-text{\n        margin-bottom: -20px;\n        margin-top: 20px;\n        transition: 0.4s all ease;\n        \n    }\n    \n}\nselector:hover{\n    .elementor-button-icon{\n        \n    }\n    .elementor-button-text{\n        margin-bottom: 0px;\n        margin-top:0px;\n    }\n    .elementor-button-content-wrapper::before{\n        scale:1 0;\n    }\n    .elementor-button-content-wrapper::after{\n       scale: 1 0;\n    }\n}","__globals__":{"button_text_color":"","background_color":"","hover_color":""},"_css_classes":"btn3","background_background":"gradient","background_color_b":"#25409E","background_gradient_angle":{"unit":"deg","size":140,"sizes":[]},"background_color_stop":{"unit":"%","size":42,"sizes":[]},"align":"left","_padding":{"unit":"px","top":"0","right":"0","bottom":"0","left":"80","isLinked":false},"__dynamic__":[],"link":{"url":"mailto:hello@blueprint.com","is_external":"","nofollow":"","custom_attributes":""},"typography_font_size_mobile":{"unit":"px","size":14,"sizes":[]},"_padding_mobile":{"unit":"px","top":"0","right":"0","bottom":"0","left":"0","isLinked":false},"border_border":"solid","border_width_mobile":{"unit":"px","top":"0","right":"0","bottom":"0","left":"0","isLinked":true}},"elements":[],"isInner":false,"widgetType":"button","elType":"widget"}],"isInner":true,"elType":"container"},{"id":"585df86b","settings":{"_column_size":50,"width":{"size":null,"unit":"%"},"background_background":"gradient","background_image":{"id":511,"url":"http:\/\/www.blueprint.nicolaipalmkvist.com\/wp-content\/uploads\/2024\/10\/placeholder.png"},"background_position":"center center","background_repeat":"no-repeat","background_size":"cover","box_shadow_box_shadow":{"horizontal":0,"vertical":0,"blur":10,"spread":0,"color":"rgba(0, 0, 0, 0.06)"},"margin":{"unit":"px","top":"0","right":"0","bottom":"0","left":"0","isLinked":false},"padding":{"unit":"px","top":"0","right":"0","bottom":"0","left":"0","isLinked":false},"width_tablet":{"size":50,"unit":"%"},"padding_mobile":{"unit":"px","top":"60","right":"20","bottom":"60","left":"20","isLinked":false},"content_width":"full","background_color":"#0071E3","background_color_stop_mobile":{"unit":"%","size":42},"background_color_b":"#25409E","background_color_b_stop_mobile":{"unit":"%","size":100},"background_gradient_angle_mobile":{"unit":"deg","size":140},"__globals__":{"background_color":""}},"elements":[{"id":"560b77cf","settings":{"title":"Get in touch<br> With us","align":"left","title_color":"#FFFFFF","typography_typography":"custom","typography_font_family":"Kameron","typography_font_size":{"unit":"px","size":50,"sizes":[]},"typography_font_weight":"500","_padding":{"unit":"px","top":"0","right":"0","bottom":"0","left":"80","isLinked":false},"typography_font_size_tablet":{"unit":"px","size":40,"sizes":[]},"typography_font_size_mobile":{"unit":"px","size":35,"sizes":[]},"_padding_tablet":{"unit":"px","top":"0","right":"0","bottom":"0","left":"25","isLinked":false},"_padding_mobile":{"unit":"px","top":"0","right":"0","bottom":"0","left":"0","isLinked":false},"content_width":"full","typography_line_height_mobile":{"unit":"em","size":1.2,"sizes":[]}},"elements":[],"isInner":false,"widgetType":"heading","elType":"widget"},{"id":"70162148","settings":{"form_name":"Contact form","form_fields":[{"custom_id":"email","required":"true","field_label":"Name","placeholder":"Your name","_id":"2fedbf4","previous_button":"","next_button":"","file_sizes":"","file_types":"","allow_multiple_upload":"","max_files":"","acceptance_text":"","checked_by_default":"","field_min":"","field_max":"","min_date":"","max_date":"","use_native_date":"","use_native_time":"","width_tablet":"50"},{"custom_id":"field_a99ce42","field_type":"tel","required":"true","field_label":"Phone","placeholder":"+123 456 789","_id":"a99ce42","previous_button":"","next_button":"","file_sizes":"","file_types":"","allow_multiple_upload":"","max_files":"","acceptance_text":"","checked_by_default":"","field_min":"","field_max":"","min_date":"","max_date":"","use_native_date":"","use_native_time":"","width_tablet":"50","width":"50"},{"custom_id":"field_8b08422","field_type":"email","required":"true","field_label":"Email","placeholder":"Your email","previous_button":"","next_button":"","file_sizes":"","file_types":"","allow_multiple_upload":"","max_files":"","acceptance_text":"","checked_by_default":"","field_min":"","field_max":"","min_date":"","max_date":"","use_native_date":"","use_native_time":"","_id":"8b08422","width_tablet":"50","width":"50"},{"custom_id":"field_617c4ae","field_label":"Company","placeholder":"Company Name","previous_button":"","next_button":"","file_sizes":"","file_types":"","allow_multiple_upload":"","max_files":"","acceptance_text":"","checked_by_default":"","field_min":"","field_max":"","min_date":"","max_date":"","use_native_date":"","use_native_time":"","_id":"617c4ae","width_tablet":"50"},{"custom_id":"message","field_type":"textarea","field_label":"Message","placeholder":"How ca we help you?","_id":"d8d2e96","rows":3,"previous_button":"","next_button":"","file_sizes":"","file_types":"","allow_multiple_upload":"","max_files":"","acceptance_text":"","checked_by_default":"","field_min":"","field_max":"","min_date":"","max_date":"","use_native_date":"","use_native_time":""}],"step_next_label":"N\u00e6ste","step_previous_label":"Tidligere","button_text":"Get in contact","email_content":"[all-fields]","email_content_2":"[all-fields]","success_message":"Tak! Formularen er sendt!","error_message":"Din indsendelse mislykkedes p\u00e5 grund af en fejl.","server_message":" Din indsendelse mislykkedes p\u00e5 grund af en serverfejl.","invalid_message":"Din indsendelse mislykkedes, fordi formularen er ugyldig.","required_field_message":"Dette felt er p\u00e5kr\u00e6vet.","_padding":{"unit":"px","top":"0","right":"100","bottom":"0","left":"100","isLinked":false},"_z_index":2,"_background_color":"#FFFFFF","_border_radius":{"unit":"px","top":"10","right":"10","bottom":"10","left":"10","isLinked":true},"field_typography_typography":"custom","field_typography_font_size":{"unit":"px","size":15,"sizes":[]},"field_typography_line_height":{"unit":"px","size":28,"sizes":[]},"field_border_color":"#EAEAEA","field_border_radius":{"unit":"px","top":"10","right":"10","bottom":"10","left":"10","isLinked":true},"button_typography_typography":"custom","button_typography_font_family":"Montserrat","button_border_radius":{"unit":"px","top":"10","right":"10","bottom":"10","left":"10","isLinked":true},"button_icon_align":"right","button_icon_indent":{"unit":"px","size":13,"sizes":[]},"html_spacing":{"unit":"px","size":2,"sizes":[]},"button_background_color":"#FFFFFF","button_text_padding":{"unit":"px","top":"14","right":"15","bottom":"14","left":"14","isLinked":false},"__globals__":{"button_background_color":"","button_background_hover_color":"","button_hover_color":"","field_background_color":"","success_message_color":"","error_message_color":"","inline_message_color":"","previous_button_background_color":"","label_color":"","button_text_color":""},"jedv_conditions":[{"_id":"ba04d7b"}],"column_gap":{"unit":"px","size":16,"sizes":[]},"row_gap":{"unit":"px","size":13,"sizes":[]},"label_spacing":{"unit":"px","size":4,"sizes":[]},"label_color":"#FFFFFF","label_typography_typography":"custom","label_typography_font_size":{"unit":"px","size":15,"sizes":[]},"label_typography_font_weight":"600","html_typography_typography":"custom","html_typography_font_size":{"unit":"px","size":17,"sizes":[]},"field_background_color":"#FFFFFF","button_hover_color":"#FFFFFF00","message_typography_typography":"custom","message_typography_font_family":"Nunito","success_message_color":"#05BDB2","error_message_color":"#05BDB2","inline_message_color":"#05BDB2","form_metadata":["date","time","page_url"],"jet_tricks_widget_satellite_image":{"id":77,"url":"http:\/\/looja.dk\/wp-content\/uploads\/2023\/08\/placeholder-38.png"},"previous_button_background_color":"#4D94FF","field_typography_font_family":"Montserrat","button_background_hover_color":"#0071E300","_padding_tablet":{"unit":"px","top":"0","right":"30","bottom":"0","left":"30","isLinked":false},"_padding_mobile":{"unit":"px","top":"0","right":"0","bottom":"0","left":"0","isLinked":false},"submit_actions":[],"content_width":"full","label_typography_font_family":"Montserrat","selected_button_icon":{"value":"fas fa-arrow-circle-right","library":"fa-solid"},"button_typography_font_size":{"unit":"px","size":15,"sizes":[]},"button_typography_font_weight":"600","button_text_color":"#007EFD","input_size":"xs","html_color":"#7A7A7A","field_text_color":"#7A7A7A"},"elements":[],"isInner":false,"widgetType":"form","elType":"widget"}],"isInner":true,"elType":"container"}],"isInner":false,"elType":"container"}],"settings":[],"metadata":[]}