{"content":[{"id":"6fc32428","settings":{"flex_direction":"column","min_height":{"unit":"px","size":45,"sizes":[]},"flex_justify_content":"center","background_background":"gradient","margin":{"unit":"px","top":"0","right":"0","bottom":"0","left":"0","isLinked":false},"padding":{"unit":"px","top":"0","right":"0","bottom":"0","left":"0","isLinked":false},"__globals__":{"background_color":""},"background_color":"#166DDF","background_color_b":"#1F47A7","background_gradient_angle":{"unit":"deg","size":140,"sizes":[]},"z_index":999,"sticky":"top"},"elements":[{"id":"31f9a2be","settings":{"content_width":"full","view":"inline","icon_list":[{"text":"Insert a compelling unique selling point here","selected_icon":{"value":"fas fa-check-circle","library":"fa-solid"},"_id":"c06d4fb"}],"space_between":{"unit":"px","size":100,"sizes":[]},"icon_align":"center","icon_color":"#FFFFFF","icon_typography_typography":"custom","icon_typography_font_family":"DM Sans","icon_typography_font_size":{"unit":"px","size":16,"sizes":[]},"icon_typography_font_weight":"500","icon_typography_line_height":{"unit":"px","size":26,"sizes":[]},"text_color":"#FFFFFF","icon_typography_font_size_mobile":{"unit":"px","size":14,"sizes":[]}},"elements":[],"isInner":false,"widgetType":"icon-list","elType":"widget"}],"isInner":false,"elType":"container"},{"id":"46583590","settings":{"flex_direction":"row","flex_gap":{"unit":"px","size":0,"column":"0","row":"0"},"boxed_width":{"unit":"px","size":1200,"sizes":[]},"min_height":{"unit":"px","size":78,"sizes":[]},"background_background":"classic","background_color":"#F8F9FA","margin":{"unit":"px","top":"0","right":"0","bottom":"0","left":"0","isLinked":false},"padding":{"unit":"px","top":"0","right":"100","bottom":"0","left":"100","isLinked":false},"content_width":"full","width":{"unit":"%","size":100,"sizes":[]},"border_border":"solid","border_width":{"unit":"px","top":"0","right":"0","bottom":"1","left":"0","isLinked":false},"border_color":"#DDDDDD52","z_index":999,"sticky":"top","padding_tablet":{"unit":"px","top":"0","right":"0","bottom":"0","left":"20","isLinked":false},"padding_mobile":{"unit":"px","top":"0","right":"0","bottom":"0","left":"0","isLinked":false},"sticky_offset":45,"sticky_offset_tablet":45,"sticky_offset_mobile":40,"sticky_effects_offset":45,"sticky_effects_offset_tablet":45,"sticky_effects_offset_mobile":40},"elements":[{"id":"3b1d7493","settings":{"flex_direction":"column","content_width":"full","width":{"unit":"%","size":20},"flex_justify_content":"center","flex_gap":{"column":"0","row":"0","isLinked":false,"unit":"px","size":0},"padding":{"unit":"px","top":"0","right":"0","bottom":"0","left":"0","isLinked":false},"width_mobile":{"unit":"%","size":41,"sizes":[]}},"elements":[{"id":"f6dec78","settings":{"content_width":"full","__dynamic__":{"image":"[elementor-tag id=\"\" name=\"site-logo\" settings=\"%7B%7D\"]"},"width":{"unit":"%","size":100,"sizes":[]},"align":"left","_margin":{"unit":"px","top":"0","right":"0","bottom":"0","left":"-6","isLinked":false},"align_mobile":"center","width_mobile":{"unit":"%","size":99,"sizes":[]},"_margin_mobile":{"unit":"px","top":"0","right":"0","bottom":"0","left":"9","isLinked":false}},"elements":[],"isInner":false,"widgetType":"theme-site-logo","elType":"widget"}],"isInner":true,"elType":"container"},{"id":"65dde17a","settings":{"flex_direction":"row","content_width":"full","width":{"unit":"%","size":80},"flex_justify_content":"flex-end","flex_gap":{"column":"20","row":"0","isLinked":false,"unit":"px","size":20},"padding":{"unit":"px","top":"0","right":"0","bottom":"0","left":"0","isLinked":false},"flex_align_items":"center","_flex_size":"none","_element_width":"initial","width_mobile":{"unit":"%","size":57,"sizes":[]},"flex_justify_content_mobile":"flex-end","flex_gap_mobile":{"column":"11","row":"0","isLinked":false,"unit":"px","size":11},"_flex_order_custom_mobile":0,"padding_mobile":{"unit":"px","top":"0","right":"6","bottom":"0","left":"0","isLinked":false}},"elements":[{"id":"22a4c320","settings":{"content_width":"full","menu_name":"Menu","menu":"menu","menu_typography_typography":"custom","menu_typography_font_family":"DM Sans","menu_typography_font_weight":"600","color_menu_item":"#000000","color_menu_item_hover":"#0071E3","pointer_color_menu_item_hover":"#7A7A7A","color_menu_item_active":"#0071E3","__globals__":{"color_menu_item_hover":"","pointer_color_menu_item_hover":"globals\/colors?id=text","color_menu_item_active":""},"pointer":"none","menu_typography_font_size":{"unit":"px","size":16,"sizes":[]},"align_items":"end","padding_horizontal_menu_item":{"unit":"px","size":15,"sizes":[]},"menu_space_between":{"unit":"px","size":0,"sizes":[]},"full_width":"stretch","dropdown_typography_typography":"custom","dropdown_typography_font_family":"DM Sans","dropdown_typography_font_size":{"unit":"px","size":16,"sizes":[]},"dropdown_typography_font_weight":"600","toggle_color":"#FFFFFF","toggle_background_color":"#166DDF","toggle_size_tablet":{"unit":"px","size":27,"sizes":[]},"toggle_size_mobile":{"unit":"px","size":24,"sizes":[]},"_margin_tablet":{"unit":"px","top":"0","right":"0","bottom":"0","left":"0","isLinked":false},"_margin_mobile":{"unit":"px","top":"0","right":"0","bottom":"0","left":"0","isLinked":false},"_element_width_tablet":"initial","_element_width_mobile":"initial","_element_custom_width_tablet":{"unit":"px","size":44,"sizes":[]},"_element_custom_width_mobile":{"unit":"px","size":35,"sizes":[]},"_flex_align_self_mobile":"center","_flex_order_tablet":"custom","_flex_order_mobile":"custom","_flex_order_custom_tablet":1,"_flex_order_custom_mobile":1,"menu_id":4},"elements":[],"isInner":false,"widgetType":"nav-menu","elType":"widget"},{"id":"6a83c7e3","settings":{"content_width":"full","text":"Call To Action","icon_align":"row-reverse","icon_indent":{"size":17,"unit":"px","sizes":[]},"button_text_color":"#000000","hover_color":"#FFFFFF","__globals__":{"button_background_hover_color":"","button_hover_border_color":"","background_color":"","border_color":"","hover_color":"","button_text_color":""},"typography_typography":"custom","typography_font_family":"Dm Sans","typography_font_size":{"size":16,"unit":"px","sizes":[]},"typography_font_weight":"600","border_border":"solid","typography_font_size_tablet":{"size":16,"unit":"px","sizes":[]},"typography_font_size_mobile":{"size":16,"unit":"px","sizes":[]},"typography_line_height":{"size":"150%","unit":"custom","sizes":[]},"typography_line_height_tablet":{"size":"150%","unit":"custom","sizes":[]},"typography_line_height_mobile":{"size":"150%","unit":"custom","sizes":[]},"background_color":"#0071E300","border_width":{"top":"1","left":"1","unit":"px","right":"1","bottom":"1","isLinked":true},"border_width_tablet":{"top":"1","left":"1","unit":"px","right":"1","bottom":"1","isLinked":true},"border_width_mobile":{"top":"1","left":"1","unit":"px","right":"1","bottom":"1","isLinked":true},"border_color":"#000000","border_radius":{"top":"8","left":"8","unit":"px","right":"8","bottom":"8","isLinked":true},"border_radius_tablet":{"top":"8","left":"8","unit":"px","right":"8","bottom":"8","isLinked":true},"border_radius_mobile":{"top":"8","left":"8","unit":"px","right":"8","bottom":"8","isLinked":true},"text_padding":{"top":"11","left":"19","unit":"px","right":"19","bottom":"11","isLinked":false},"_margin":{"top":"0","left":"0","unit":"px","right":"0","bottom":"0","isLinked":false},"_padding":{"top":"0","left":"0","unit":"px","right":"0","bottom":"0","isLinked":false},"__dynamic__":{"link":"[elementor-tag id=\"70925cb\" name=\"internal-url\" settings=\"%7B%22type%22%3A%22post%22%2C%22post_id%22%3A%22504%22%7D\"]"},"background_color_stop":{"unit":"%","size":42,"sizes":[]},"background_color_b":"#25409E","background_gradient_angle":{"unit":"deg","size":140,"sizes":[]},"button_background_hover_color":"#166DDF","button_background_hover_color_stop":{"unit":"%","size":42,"sizes":[]},"button_background_hover_color_b":"#1F47A7","button_background_hover_gradient_angle":{"unit":"deg","size":140,"sizes":[]},"button_hover_border_color":"#00AF7600","button_background_hover_background":"gradient","_element_width":"auto","text_padding_tablet":{"unit":"px","top":"9","right":"9","bottom":"9","left":"9","isLinked":true},"hide_mobile":"hidden-mobile"},"elements":[],"isInner":false,"widgetType":"button","elType":"widget"},{"id":"58203fcc","settings":{"content_width":"full","text":"Contact us","selected_icon":{"value":"fas fa-arrow-right","library":"fa-solid"},"icon_align":"row-reverse","icon_indent":{"size":12,"unit":"px","sizes":[]},"button_text_color":"#FFFFFF","hover_color":"#FFFFFF","__globals__":{"button_background_hover_color":"","button_hover_border_color":"","background_color":"","border_color":"","hover_color":"","button_text_color":""},"typography_typography":"custom","typography_font_family":"Dm Sans","typography_font_size":{"size":16,"unit":"px","sizes":[]},"typography_font_weight":"500","border_border":"none","typography_font_size_tablet":{"size":15,"unit":"px","sizes":[]},"typography_font_size_mobile":{"size":14,"unit":"px","sizes":[]},"typography_line_height":{"size":"150%","unit":"custom","sizes":[]},"typography_line_height_tablet":{"size":"150%","unit":"custom","sizes":[]},"typography_line_height_mobile":{"size":13,"unit":"px","sizes":[]},"background_color":"#0071E3","border_width":{"top":"0","left":"0","unit":"px","right":"0","bottom":"0","isLinked":true},"border_width_tablet":{"top":"1","left":"1","unit":"px","right":"1","bottom":"1","isLinked":true},"border_width_mobile":{"top":"1","left":"1","unit":"px","right":"1","bottom":"1","isLinked":true},"border_color":"#000000","border_radius":{"top":"8","left":"8","unit":"px","right":"8","bottom":"8","isLinked":true},"border_radius_tablet":{"top":"8","left":"8","unit":"px","right":"8","bottom":"8","isLinked":true},"border_radius_mobile":{"top":"6","left":"6","unit":"px","right":"6","bottom":"6","isLinked":true},"text_padding":{"top":"12","left":"20","unit":"px","right":"20","bottom":"12","isLinked":false},"_margin":{"top":"0","left":"0","unit":"px","right":"0","bottom":"0","isLinked":false},"_padding":{"top":"0","left":"0","unit":"px","right":"0","bottom":"0","isLinked":false},"__dynamic__":{"link":"[elementor-tag id=\"70925cb\" name=\"internal-url\" settings=\"%7B%22type%22%3A%22post%22%2C%22post_id%22%3A%22504%22%7D\"]"},"background_background":"gradient","background_color_stop":{"unit":"%","size":42,"sizes":[]},"background_color_b":"#25409E","background_gradient_angle":{"unit":"deg","size":140,"sizes":[]},"button_background_hover_background":"gradient","button_background_hover_color":"#027BF5","button_background_hover_color_stop":{"unit":"%","size":42,"sizes":[]},"button_background_hover_color_b":"#25409E","button_background_hover_gradient_angle":{"unit":"deg","size":140,"sizes":[]},"button_hover_border_color":"#25409E","_element_width":"auto","text_padding_tablet":{"unit":"px","top":"11","right":"11","bottom":"11","left":"11","isLinked":true},"text_padding_mobile":{"unit":"px","top":"11","right":"11","bottom":"11","left":"11","isLinked":false},"_flex_order_mobile":"custom","_flex_order_custom_mobile":0},"elements":[],"isInner":false,"widgetType":"button","elType":"widget"}],"isInner":true,"elType":"container"}],"isInner":false,"elType":"container"}],"settings":{"content_wrapper_html_tag":"header"},"metadata":[]}