{"content":[{"id":"3f089a9","settings":{"hide_mobile":"hidden-mobile","hide_tablet":"hidden-tablet","flex_direction":"row","flex_align_items":"stretch","flex_gap":{"size":10,"column":"10","row":"10","unit":"px","isLinked":true},"boxed_width":{"unit":"px","size":1400,"sizes":[]},"margin":{"unit":"px","top":"0","right":"0","bottom":"0","left":"0","isLinked":false},"padding":{"unit":"px","top":"0","right":"0","bottom":"0","left":"0","isLinked":false}},"elements":[{"id":"14c31dae","settings":{"_column_size":100,"width":{"size":null,"unit":"%"},"content_width":"full","sticky":"top","margin":{"unit":"px","top":"0","right":"0","bottom":"0","left":"0","isLinked":false},"padding":{"unit":"px","top":"0","right":"0","bottom":"0","left":"0","isLinked":false}},"elements":[{"id":"83a15e5","settings":{"title":"Add Call to Action<br>Heading Here","title_color":"#000000","typography_typography":"custom","typography_font_family":"Dm Sans","typography_font_size":{"unit":"px","size":17,"sizes":[]},"typography_font_weight":"600","_element_width":"auto","_position":"absolute","_offset_x":{"unit":"px","size":60,"sizes":[]},"_offset_y":{"unit":"px","size":568,"sizes":[]},"sticky_offset":190,"__dynamic__":[],"_padding":{"unit":"px","top":"2","right":"0","bottom":"0","left":"0","isLinked":false},"link":{"url":"https:\/\/be.elementor.com\/visit\/?bta=216842&brand=elementor&utm_campaign=alle-blog","is_external":"on","nofollow":"on","custom_attributes":""},"content_width":"full","_offset_x_tablet":{"unit":"px","size":5,"sizes":[]},"_offset_y_tablet":{"unit":"px","size":391,"sizes":[]},"hide_mobile":"hidden-mobile","typography_line_height":{"unit":"em","size":1.2,"sizes":[]}},"elements":[],"isInner":false,"widgetType":"heading","elType":"widget"},{"id":"4c13b146","settings":{"text":"Call To Action Button","selected_icon":{"value":"fas fa-long-arrow-alt-right","library":"fa-solid"},"icon_align":"right","background_color":"#0071E3","border_radius":{"unit":"px","top":"5","right":"5","bottom":"5","left":"5","isLinked":true},"_element_width":"auto","_position":"absolute","_offset_x":{"size":60,"unit":"px"},"_offset_y":{"size":633,"unit":"px"},"sticky_offset":100,"__globals__":{"background_color":"","border_color":"","hover_color":"","button_text_color":"","button_hover_border_color":"","button_background_hover_color":""},"typography_typography":"custom","typography_font_family":"Manrope","typography_font_weight":"600","hover_color":"#FFFFFF","button_background_hover_color":"#0071E3","link":{"url":"https:\/\/be.elementor.com\/visit\/?bta=216842&brand=elementor&utm_campaign=alle-blog","is_external":"on","nofollow":"","custom_attributes":""},"_padding":{"unit":"px","top":"0","right":"0","bottom":"0","left":"0","isLinked":false},"__dynamic__":[],"content_width":"full","typography_font_size_tablet":{"unit":"px","size":10,"sizes":[]},"hover_animation":"grow","_offset_x_tablet":{"unit":"px","size":5,"sizes":[]},"_offset_y_tablet":{"unit":"px","size":421,"sizes":[]},"_offset_y_end":{"unit":"px","size":-650,"sizes":[]},"_offset_y_end_tablet":{"unit":"px","size":-414,"sizes":[]},"text_padding_tablet":{"unit":"px","top":"5","right":"5","bottom":"5","left":"5","isLinked":true},"background_background":"gradient","background_color_stop":{"unit":"%","size":42,"sizes":[]},"background_color_b":"#25409E","background_gradient_angle":{"unit":"deg","size":140,"sizes":[]},"border_border":"none"},"elements":[],"isInner":false,"widgetType":"button","elType":"widget"},{"id":"54c3097a","settings":{"image":{"id":1366,"url":"http:\/\/www.blueprint.nicolaipalmkvist.com\/wp-content\/uploads\/2024\/10\/Untitled-design-12.jpg","alt":"SEO TEXT HERE","source":"library","size":""},"align":"left","width":{"unit":"%","size":47,"sizes":[]},"_padding":{"unit":"px","top":"30","right":"0","bottom":"0","left":"0","isLinked":false},"_element_width":"auto","_element_vertical_align":"flex-start","_position":"absolute","_offset_x":{"size":62,"unit":"px"},"_offset_y":{"size":40,"unit":"px"},"__dynamic__":[],"link_to":"custom","link":{"url":"","is_external":"on","nofollow":"","custom_attributes":""},"content_width":"full","width_tablet":{"unit":"%","size":33,"sizes":[]},"hover_animation":"grow","_offset_x_tablet":{"unit":"px","size":5,"sizes":[]}},"elements":[],"isInner":false,"widgetType":"image","elType":"widget"}],"isInner":true,"elType":"container"}],"isInner":false,"elType":"container"},{"id":"486312db","settings":{"content_width":{"unit":"px","size":800,"sizes":[]},"jet_parallax_layout_list":[],"padding":{"unit":"px","top":"100","right":"0","bottom":"60","left":"400","isLinked":false},"background_background":"classic","background_color":"#F4F7FB","margin":{"unit":"px","top":"-13","right":0,"bottom":"0","left":0,"isLinked":false},"background_image":{"id":"","url":""},"background_repeat":"no-repeat","background_size":"cover","background_overlay_background":"classic","z_index":0,"custom_height":{"unit":"px","size":900,"sizes":[]},"padding_tablet":{"unit":"px","top":"50","right":"20","bottom":"50","left":"20","isLinked":false},"padding_mobile":{"unit":"px","top":"40","right":"20","bottom":"50","left":"20","isLinked":false},"background_color_b":"#D1A7B136"},"elements":[{"id":"16636780","settings":{"_column_size":100,"_inline_size":null,"background_background":"classic","background_image":{"url":"","id":"","size":"","alt":"","source":"library"},"background_position":"center center","background_repeat":"no-repeat","background_size":"cover","box_shadow_box_shadow":{"horizontal":0,"vertical":0,"blur":10,"spread":0,"color":"rgba(0, 0, 0, 0.06)"},"padding":{"unit":"px","top":"0","right":"0","bottom":"0","left":"0","isLinked":false},"padding_tablet":{"unit":"px","top":"0","right":"20","bottom":"0","left":"20","isLinked":false},"padding_mobile":{"unit":"px","top":"0","right":"0","bottom":"0","left":"0","isLinked":false}},"elements":[{"id":"3bc6db87","settings":{"content_width":"full","view":"inline","icon_list":[{"text":"Home","selected_icon":{"value":{"url":"http:\/\/www.blueprint.nicolaipalmkvist.com\/wp-content\/uploads\/2024\/10\/YouTube-Thumbnail-16.svg","id":660},"library":"svg"},"_id":"626e627","__dynamic__":{"link":"[elementor-tag id=\"721bf8d\" name=\"site-url\" settings=\"%7B%7D\"]"}},{"text":"Blog","selected_icon":{"value":{"url":"http:\/\/www.blueprint.nicolaipalmkvist.com\/wp-content\/uploads\/2024\/10\/61944ccf93e1e314b76023cd_arrow-right.svg","id":19},"library":"svg"},"_id":"0db4a65","__dynamic__":{"link":"[elementor-tag id=\"7964e38\" name=\"internal-url\" settings=\"%7B%22type%22%3A%22post%22%2C%22post_id%22%3A%22538%22%7D\"]"}},{"text":"Blog post 1","selected_icon":{"value":{"url":"http:\/\/www.blueprint.nicolaipalmkvist.com\/wp-content\/uploads\/2024\/10\/61944ccf93e1e314b76023cd_arrow-right.svg","id":19},"library":"svg"},"__dynamic__":{"link":"[elementor-tag id=\"7964e38\" name=\"internal-url\" settings=\"%7B%22type%22%3A%22post%22%2C%22post_id%22%3A%22538%22%7D\"]"},"_id":"f4b9dac"}],"space_between":{"unit":"px","size":5,"sizes":[]},"icon_size":{"unit":"px","size":18,"sizes":[]},"icon_typography_typography":"custom","icon_typography_font_family":"Dm Sans","icon_typography_font_size":{"unit":"px","size":15,"sizes":[]},"icon_typography_font_weight":"600","text_color":"#000000","text_indent":{"unit":"px","size":0,"sizes":[]},"icon_color":"#000000","icon_size_mobile":{"unit":"px","size":32,"sizes":[]},"icon_typography_font_size_mobile":{"unit":"px","size":16,"sizes":[]},"icon_size_tablet":{"unit":"px","size":29,"sizes":[]},"icon_typography_font_size_tablet":{"unit":"px","size":18,"sizes":[]},"icon_typography_line_height":{"unit":"px","size":"","sizes":[]},"icon_typography_word_spacing":{"unit":"px","size":"","sizes":[]},"_background_color_stop_tablet":{"unit":"%"},"_background_color_stop_mobile":{"unit":"%"},"_background_color_b_stop_tablet":{"unit":"%"},"_background_color_b_stop_mobile":{"unit":"%"},"_background_gradient_angle_tablet":{"unit":"deg"},"_background_gradient_angle_mobile":{"unit":"deg"},"_background_gradient_position_tablet":"","_background_gradient_position_mobile":"","_background_hover_color_stop_tablet":{"unit":"%"},"_background_hover_color_stop_mobile":{"unit":"%"},"_background_hover_color_b_stop_tablet":{"unit":"%"},"_background_hover_color_b_stop_mobile":{"unit":"%"},"_background_hover_gradient_angle_tablet":{"unit":"deg"},"_background_hover_gradient_angle_mobile":{"unit":"deg"},"_background_hover_gradient_position_tablet":"","_background_hover_gradient_position_mobile":"","icon_align":"left","text_color_hover":"#1465D2"},"elements":[],"isInner":false,"widgetType":"icon-list","elType":"widget"},{"id":"3da0476","settings":{"title":"Undg\u00e5 ROAS-m\u00e5l, <br>der \u00e6der din profit","header_size":"h1","typography_typography":"custom","jedv_conditions":[{"_id":"a330aa1"}],"typography_font_weight":"600","jet_tricks_widget_satellite_image":{"id":49,"url":"http:\/\/looja.dk\/wp-content\/uploads\/2023\/08\/placeholder-24.png"},"typography_font_family":"Kameron","__globals__":{"typography_typography":"","title_color":""},"typography_font_size":{"unit":"px","size":50,"sizes":[]},"typography_text_transform":"none","typography_line_height":{"unit":"px","size":70,"sizes":[]},"align":"left","title_color":"#000000","__dynamic__":{"title":"[elementor-tag id=\"82be563\" name=\"post-title\" settings=\"%7B%7D\"]"},"typography_font_size_tablet":{"unit":"px","size":40,"sizes":[]},"typography_font_size_mobile":{"unit":"px","size":30,"sizes":[]},"typography_line_height_mobile":{"unit":"em","size":1.5,"sizes":[]}},"elements":[],"isInner":false,"widgetType":"heading","elType":"widget"},{"id":"66881a35","settings":{"source":"custom","author_avatar":{"id":1358,"url":"http:\/\/www.blueprint.nicolaipalmkvist.com\/wp-content\/uploads\/2024\/12\/Nicolai-P-1.png","alt":"","source":"library","size":""},"author_name":"Add name","author_bio":"Written by a Wordpress Warrior | 6 min read<br>\nUpdated November, 2023 \n","link_text":"All Posts","image_size":{"unit":"px","size":71,"sizes":[]},"name_typography_typography":"custom","name_typography_font_family":"Dm Sans","name_typography_font_size":{"unit":"px","size":16,"sizes":[]},"name_typography_font_weight":"600","bio_typography_typography":"custom","bio_typography_font_family":"Dm Sans","bio_typography_font_size":{"unit":"px","size":12,"sizes":[]},"bio_typography_font_weight":"400","bio_typography_line_height":{"unit":"px","size":20,"sizes":[]},"bio_typography_font_size_mobile":{"unit":"px","size":11,"sizes":[]},"__dynamic__":{"author_bio":"[elementor-tag id=\"225ed80\" name=\"post-date\" settings=\"%7B%22before%22%3A%22Written%20by%20a%20Wordpress%20Warrior%20%7C%206%20min%20read%3Cbr%3E%20%22%7D\"]"},"name_color":"#000000","bio_color":"#7A7A7A"},"elements":[],"isInner":false,"widgetType":"author-box","elType":"widget"},{"id":"62a8395","settings":{"image":{"id":477,"url":"http:\/\/www.blueprint.nicolaipalmkvist.com\/wp-content\/uploads\/2024\/10\/surecart-banner.webp"},"align":"center","width":{"unit":"%","size":100,"sizes":[]},"image_border_radius":{"unit":"px","top":"20","right":"20","bottom":"20","left":"20","isLinked":true},"__dynamic__":{"image":"[elementor-tag id=\"8b0bea7\" name=\"post-featured-image\" settings=\"%7B%7D\"]","link":"[elementor-tag id=\"0e9c9ac\" name=\"internal-url\" settings=\"%7B%7D\"]"},"_margin":{"unit":"px","top":"20","right":"0","bottom":"0","left":"0","isLinked":false},"_margin_mobile":{"unit":"px","top":"0","right":"0","bottom":"0","left":"0","isLinked":false},"link_to":"custom","link":{"url":"","is_external":"on","nofollow":"","custom_attributes":""}},"elements":[],"isInner":false,"widgetType":"image","elType":"widget"}],"isInner":false,"elType":"column"}],"isInner":false,"elType":"section"},{"id":"17aa3875","settings":{"content_width":{"unit":"px","size":800,"sizes":[]},"jet_parallax_layout_list":[],"padding":{"unit":"px","top":"0","right":"0","bottom":"0100","left":"400","isLinked":false},"margin":{"unit":"px","top":"0","right":0,"bottom":"0","left":0,"isLinked":false},"__globals__":{"background_color":""},"margin_tablet":{"unit":"px","top":"0","right":0,"bottom":"0","left":0,"isLinked":false},"margin_mobile":{"unit":"px","top":"0","right":0,"bottom":"0","left":0,"isLinked":false},"background_background":"classic","background_color":"#F4F7FB","background_color_b":"#D1A7B1","padding_tablet":{"unit":"px","top":"0","right":"20","bottom":"050","left":"20","isLinked":false},"padding_mobile":{"unit":"px","top":"0","right":"10","bottom":"50","left":"10","isLinked":false}},"elements":[{"id":"683a189e","settings":{"_column_size":100,"_inline_size":null,"background_background":"classic","background_image":{"url":"","id":"","size":"","alt":"","source":"library"},"background_position":"center center","background_repeat":"no-repeat","background_size":"cover","border_radius":{"unit":"px","top":"30","right":"30","bottom":"30","left":"30","isLinked":true},"padding":{"unit":"px","top":"50","right":"50","bottom":"50","left":"50","isLinked":false},"__globals__":{"background_color":""},"box_shadow_box_shadow_type":"yes","box_shadow_box_shadow":{"horizontal":0,"vertical":0,"blur":10,"spread":0,"color":"rgba(0, 0, 0, 0.08)"},"padding_tablet":{"unit":"px","top":"20","right":"020","bottom":"50","left":"20","isLinked":false},"padding_mobile":{"unit":"px","top":"20","right":"20","bottom":"50","left":"20","isLinked":false},"background_color":"#FFFFFF"},"elements":[{"id":"44a76945","settings":{"text_color":"#40474F","typography_typography":"custom","typography_font_family":"Dm Sans","typography_font_weight":"400","typography_font_size":{"unit":"px","size":16,"sizes":[]}},"elements":[],"isInner":false,"widgetType":"theme-post-content","elType":"widget"},{"id":"636aa8d","settings":{"editor":"<p>Lorem ipsum dolor sit amet, consectetur adipiscing elit, sed do eiusmod tempor incididunt ut labore et dolore magna aliqua. Ut enim ad minim veniam, quis nostrud exercitation ullamco laboris nisi ut aliquip ex ea commodo consequat.<\/p><p>Duis aute irure dolor in reprehenderit in voluptate velit esse cillum dolore eu fugiat nulla pariatur.\u00a0<\/p><p>Lorem ipsum dolor sit amet, consectetur adipiscing elit, sed do eiusmod tempor incididunt ut labore et dolore magna aliqua. Ut enim ad minim veniam, quis nostrud exercitation ullamco laboris nisi ut aliquip ex ea commodo consequat.<\/p><p>Duis aute irure dolor in reprehenderit in voluptate velit esse cillum dolore eu fugiat nulla pariatur.\u00a0<br \/><br \/><\/p><p>Lorem ipsum dolor sit amet, consectetur adipiscing elit, sed do eiusmod tempor incididunt ut labore et dolore magna aliqua. Ut enim ad minim veniam, quis nostrud exercitation ullamco laboris nisi ut aliquip ex ea commodo consequat.<\/p><p>Duis aute irure dolor in reprehenderit in voluptate velit esse cillum dolore eu fugiat nulla pariatur.\u00a0<br \/><br \/><\/p><p>Lorem ipsum dolor sit amet, consectetur adipiscing elit, sed do eiusmod tempor incididunt ut labore et dolore magna aliqua. Ut enim ad minim veniam, quis nostrud exercitation ullamco laboris nisi ut aliquip ex ea commodo consequat.<\/p><p>Duis aute irure dolor in reprehenderit in voluptate velit esse cillum dolore eu fugiat nulla pariatur.\u00a0<br \/><br \/>Lorem ipsum dolor sit amet, consectetur adipiscing elit, sed do eiusmod tempor incididunt ut labore et dolore magna aliqua. Ut enim ad minim veniam, quis nostrud exercitation ullamco laboris nisi ut aliquip ex ea commodo consequat.<\/p><p>Duis aute irure dolor in reprehenderit in voluptate velit esse cillum dolore eu fugiat nulla pariatur.\u00a0<\/p>","text_color":"#40474F","typography_typography":"custom","typography_font_family":"DM Sans","typography_font_size":{"unit":"px","size":16,"sizes":[]},"typography_font_weight":"400","typography_line_height":{"unit":"px","size":26,"sizes":[]}},"elements":[],"isInner":false,"widgetType":"text-editor","elType":"widget"},{"id":"77fb391c","settings":{"text":"Add text button","selected_icon":{"value":"fas fa-long-arrow-alt-right","library":"fa-solid"},"icon_align":"row-reverse","background_color":"#0071E3","border_radius":{"top":"8","left":"8","unit":"px","right":"8","bottom":"8","isLinked":true},"_element_width":"auto","__globals__":{"background_color":"","border_color":"","hover_color":"","button_text_color":"","button_hover_border_color":"","button_background_hover_color":""},"typography_typography":"custom","typography_font_family":"Dm Sans","typography_font_weight":"500","hover_color":"#FFFFFF","button_background_hover_color":"#027BF5","link":{"url":"","is_external":"on","nofollow":"","custom_attributes":""},"_padding":{"top":"0","left":"0","unit":"px","right":"0","bottom":"0","isLinked":false},"__dynamic__":[],"content_width":"full","align":"center","icon_indent":{"size":17,"unit":"px","sizes":[]},"typography_font_size":{"size":16,"unit":"px","sizes":[]},"typography_font_size_tablet":{"size":16,"unit":"px","sizes":[]},"typography_font_size_mobile":{"size":16,"unit":"px","sizes":[]},"typography_line_height":{"size":"150%","unit":"custom","sizes":[]},"typography_line_height_tablet":{"size":"150%","unit":"custom","sizes":[]},"typography_line_height_mobile":{"size":"150%","unit":"custom","sizes":[]},"button_text_color":"#FFFFFF","background_background":"gradient","background_color_stop":{"unit":"%","size":42,"sizes":[]},"background_color_b":"#25409E","background_gradient_angle":{"unit":"deg","size":140,"sizes":[]},"button_background_hover_background":"gradient","button_background_hover_color_stop":{"unit":"%","size":42,"sizes":[]},"button_background_hover_color_b":"#25409E","button_background_hover_gradient_angle":{"unit":"deg","size":140,"sizes":[]},"button_hover_border_color":"#25409E","border_border":"none","border_width":{"top":"0","left":"0","unit":"px","right":"0","bottom":"0","isLinked":true},"border_width_tablet":{"top":"1","left":"1","unit":"px","right":"1","bottom":"1","isLinked":true},"border_width_mobile":{"top":"1","left":"1","unit":"px","right":"1","bottom":"1","isLinked":true},"border_color":"#000000","border_radius_tablet":{"top":"8","left":"8","unit":"px","right":"8","bottom":"8","isLinked":true},"border_radius_mobile":{"top":"8","left":"8","unit":"px","right":"8","bottom":"8","isLinked":true},"text_padding":{"top":"12","left":"20","unit":"px","right":"20","bottom":"12","isLinked":false},"_margin":{"top":"0","left":"0","unit":"px","right":"0","bottom":"0","isLinked":false}},"elements":[],"isInner":false,"widgetType":"button","elType":"widget"}],"isInner":false,"elType":"column"}],"isInner":false,"elType":"section"},{"id":"72e4bcea","settings":{"content_width":{"unit":"px","size":800,"sizes":[]},"background_background":"classic","shape_divider_bottom_color":"#64B2D5","shape_divider_bottom_height":{"unit":"px","size":25,"sizes":[]},"padding":{"unit":"px","top":"80","right":"0","bottom":"0150","left":"400","isLinked":""},"padding_tablet":{"unit":"px","top":"40","right":"30","bottom":"80","left":"30","isLinked":""},"_title":"More Posts","_timestamp_":"v1UjZZUnMxVmVWNmR2UENFWmVieHdTdz09","stretch_section":"section-stretched","shape_divider_bottom_width":{"unit":"%","size":300,"sizes":[]},"background_overlay_image":{"id":478,"url":"http:\/\/www.blueprint.nicolaipalmkvist.com\/wp-content\/uploads\/2024\/10\/topographic_22.png"},"display_condition_list":[{"display_condition_login_status":"subscriber","_id":"bfce74b"}],"background_overlay_background":"classic","background_overlay_position":"center center","background_overlay_repeat":"no-repeat","background_overlay_size":"cover","background_overlay_opacity":{"unit":"px","size":0.04,"sizes":[]},"overflow":"hidden","padding_mobile":{"unit":"px","top":"15","right":"10","bottom":"40","left":"10","isLinked":false},"__globals__":{"background_color":"globals\/colors?id=b025b0d"},"jet_parallax_layout_list":[]},"elements":[{"id":"626aa91e","settings":{"_column_size":"100","display_condition_list":[{"display_condition_login_status":"subscriber","_id":"e685d16"}]},"elements":[{"id":"7553a820","settings":{"title":"Want more helpful blog post?","typography_typography":"custom","jedv_conditions":[{"_id":"a330aa1"}],"typography_font_weight":"500","jet_tricks_widget_satellite_image":{"id":49,"url":"http:\/\/looja.dk\/wp-content\/uploads\/2023\/08\/placeholder-24.png"},"typography_font_family":"Kameron","__globals__":{"typography_typography":"","title_color":""},"typography_font_size":{"unit":"px","size":35,"sizes":[]},"typography_text_transform":"none","typography_line_height":{"unit":"px","size":46,"sizes":[]},"align":"left","_margin":{"unit":"px","top":"0","right":"0","bottom":"20","left":"0","isLinked":false},"__dynamic__":[],"title_color":"#000000","typography_font_size_mobile":{"unit":"px","size":30,"sizes":[]},"_margin_mobile":{"unit":"px","top":"0","right":"0","bottom":"0","left":"0","isLinked":false}},"elements":[],"isInner":false,"widgetType":"heading","elType":"widget"},{"id":"da85c3b","settings":{"_skin":"cards","classic_meta_separator":"\/\/\/","classic_read_more_text":"Read More \u00bb","cards_posts_per_page":3,"cards_item_ratio":{"unit":"px","size":0.55,"sizes":[]},"cards_meta_data":["date"],"cards_meta_separator":"\u2022","cards_read_more_text":"Read the article \u2192","cards_open_new_tab":"yes","cards_show_avatar":"","full_content_meta_separator":"\/\/\/","cards_alignment":"left","cards_badge_color":"#4618D8","cards_badge_radius":{"unit":"px","size":23,"sizes":[]},"cards_badge_typography_typography":"custom","cards_badge_typography_font_family":"Manrope","cards_badge_typography_font_weight":"700","cards_badge_typography_text_transform":"none","cards_badge_typography_letter_spacing":{"unit":"px","size":0,"sizes":[]},"cards_title_typography_typography":"custom","cards_title_typography_font_family":"Dm Sans","cards_title_typography_font_size":{"unit":"px","size":20,"sizes":[]},"cards_title_typography_font_weight":"500","cards_title_typography_letter_spacing":{"unit":"px","size":-0.2,"sizes":[]},"cards_title_spacing":{"unit":"px","size":14,"sizes":[]},"cards_read_more_typography_typography":"custom","cards_read_more_typography_font_family":"Dm Sans","cards_read_more_typography_font_size":{"unit":"px","size":15,"sizes":[]},"cards_read_more_typography_font_weight":"500","cards_read_more_typography_text_transform":"none","pagination_page_limit":"5","pagination_prev_label":"&laquo; Previous","pagination_next_label":"Next &raquo;","__globals__":{"cards_badge_bg_color":"","cards_excerpt_color":"","cards_card_bg_color":"","cards_card_border_color":"","cards_read_more_color":"","cards_meta_color":"","cards_title_color":"","cards_meta_separator_color":"","background_color":"globals\/colors?id=f9c74af"},"cards_card_border_radius":{"unit":"px","size":10,"sizes":[]},"cards_card_padding":{"unit":"px","size":23,"sizes":[]},"cards_title_typography_font_size_mobile":{"unit":"px","size":16,"sizes":[]},"cards_read_more_typography_font_size_mobile":{"unit":"px","size":15,"sizes":[]},"text":"Load More","load_more_no_posts_custom_message":"No more posts to show","display_condition_list":[{"display_condition_login_status":"subscriber","_id":"c01fff9"}],"cards_read_more_alignment":"yes","cards_card_border_color":"#051B2C","cards_card_border_width":{"unit":"px","size":0,"sizes":[]},"cards_meta_border_color":"#02010108","cards_image_spacing":{"unit":"px","size":6,"sizes":[]},"cards_badge_size":{"unit":"px","size":14,"sizes":[]},"cards_meta_typography_typography":"custom","cards_meta_typography_font_family":"Dm Sans","cards_meta_typography_font_size":{"unit":"px","size":16,"sizes":[]},"cards_excerpt_typography_typography":"custom","cards_excerpt_typography_font_family":"Inter","cards_excerpt_typography_font_size":{"unit":"px","size":0,"sizes":[]},"cards_excerpt_spacing":{"unit":"px","size":0,"sizes":[]},"_padding":{"unit":"px","top":"0","right":"0","bottom":"0","left":"0","isLinked":false},"posts_include":["terms"],"posts_include_term_ids":["130"],"jet_tricks_widget_satellite_image":{"id":2044,"url":"http:\/\/looja.dk\/wp-content\/uploads\/2023\/09\/placeholder-145.png"},"cards_apply_to_custom_excerpt":"","cards_row_gap":{"unit":"px","size":40,"sizes":[]},"cards_card_bg_color":"#FFFFFF","cards_title_typography_text_decoration":"none","cards_read_more_typography_text_decoration":"none","cards_badge_bg_color":"#FFFFFF","cards_excerpt_color":"#6EC1E4","cards_read_more_color":"#0071E3","cards_title_color":"#000000","cards_meta_separator_color":"#54595F","cards_thumbnail_size_size":"medium_large","cards_columns":"2","cards_meta_color":"#000000","typography_typography":"custom","typography_font_family":"Manrope","typography_font_weight":"600"},"elements":[],"isInner":false,"widgetType":"posts","elType":"widget"}],"isInner":"","elType":"column"}],"isInner":"","elType":"section"}],"settings":[],"metadata":[]}