{"content":[{"id":"547c2f85","settings":{"flex_direction":"column","boxed_width":{"unit":"%","size":100,"sizes":[]},"boxed_width_tablet":{"unit":"%","size":"","sizes":[]},"boxed_width_mobile":{"unit":"%","size":"","sizes":[]},"min_height":{"unit":"vh","size":400,"sizes":[]},"min_height_tablet":{"unit":"vh","size":"","sizes":[]},"min_height_mobile":{"unit":"vh","size":"","sizes":[]},"background_background":"classic","background_color":"#2C2A24","margin":{"unit":"px","top":"0","right":"0","bottom":"0","left":"0","isLinked":false},"padding":{"unit":"px","top":"0","right":"0","bottom":"0","left":"0","isLinked":false},"css_classes":"stickey_circle_wrap","_title":"Main container","shape_divider_bottom_color":"#422618","shape_divider_bottom_height":{"unit":"px","size":129,"sizes":[]},"shape_divider_bottom_negative":"yes","overflow":"hidden","padding_tablet":{"unit":"px","top":"0","right":"50","bottom":"0","left":"50","isLinked":false},"padding_mobile":{"unit":"px","top":"50","right":"020","bottom":"50","left":"020","isLinked":false},"background_image":{"url":"","id":"","size":""},"background_video_fallback":{"url":"","id":"","size":""},"background_slideshow_gallery":[],"background_hover_image":{"url":"","id":"","size":""},"background_hover_video_fallback":{"url":"","id":"","size":""},"background_hover_slideshow_gallery":[],"background_overlay_image":{"url":"","id":"","size":""},"background_overlay_video_fallback":{"url":"","id":"","size":""},"background_overlay_slideshow_gallery":[],"background_overlay_hover_image":{"url":"","id":"","size":""},"background_overlay_hover_video_fallback":{"url":"","id":"","size":""},"background_overlay_hover_slideshow_gallery":[]},"elements":[{"id":"35761479","settings":{"width":{"unit":"%","size":100,"sizes":[]},"boxed_width":{"unit":"px","size":1330,"sizes":[]},"margin":{"unit":"px","top":"0","right":"0","bottom":"-100","left":"0","isLinked":false},"margin_mobile":{"unit":"px","top":"0","right":"0","bottom":"0","left":"0","isLinked":false},"background_image":{"url":"","id":"","size":""},"background_video_fallback":{"url":"","id":"","size":""},"background_slideshow_gallery":[],"background_hover_image":{"url":"","id":"","size":""},"background_hover_video_fallback":{"url":"","id":"","size":""},"background_hover_slideshow_gallery":[],"background_overlay_image":{"url":"","id":"","size":""},"background_overlay_video_fallback":{"url":"","id":"","size":""},"background_overlay_slideshow_gallery":[],"background_overlay_hover_image":{"url":"","id":"","size":""},"background_overlay_hover_video_fallback":{"url":"","id":"","size":""},"background_overlay_hover_slideshow_gallery":[]},"elements":[{"id":"662a8f92","settings":{"text":"01 Project","typography_typography":"custom","typography_font_family":"Karla","typography_font_size":{"unit":"px","size":14},"typography_font_weight":"600","typography_text_transform":"none","typography_letter_spacing":{"unit":"px","size":0},"border_radius":{"unit":"px","top":"30","right":"30","bottom":"30","left":"30","isLinked":true},"text_padding":{"unit":"px","top":"7","right":"15","bottom":"7","left":"15","isLinked":false},"button_background_hover_color":"#ffffff","_margin_mobile":{"unit":"px","top":"0","right":"0","bottom":"0","left":"0","isLinked":false},"_animation_delay":700,"align_mobile":"center","border_border":"none","border_width":{"unit":"px","top":"1","right":"1","bottom":"1","left":"1","isLinked":true},"button_hover_border_color":"#ffffff","_padding_mobile":{"unit":"px","top":"0","right":"0","bottom":"0","left":"0","isLinked":true},"__globals__":{"background_color":"","border_color":"","hover_color":""},"background_color":"#FFFFFF","border_color":"#d28c0e","icon_indent":{"unit":"px","size":10,"sizes":[]},"typography_line_height":{"unit":"px","size":15,"sizes":[]},"link":{"url":"","is_external":"","nofollow":"","custom_attributes":""},"view":"traditional","_element_width":"auto","_offset_x":{"unit":"px","size":"0","sizes":[]},"_offset_x_end":{"unit":"px","size":"0","sizes":[]},"_offset_y":{"unit":"px","size":"0","sizes":[]},"_offset_y_end":{"unit":"px","size":"0","sizes":[]},"content_width":"full","button_text_color":"#000000","selected_icon":{"value":"fas fa-dot-circle","library":"fa-solid"},"align":"center","_padding":{"unit":"px","top":"50","right":"0","bottom":"0","left":"0","isLinked":false},"background_video_fallback":{"url":"","id":"","size":""},"background_slideshow_gallery":[],"button_background_hover_video_fallback":{"url":"","id":"","size":""},"button_background_hover_slideshow_gallery":[],"_background_image":{"url":"","id":"","size":""},"_background_video_fallback":{"url":"","id":"","size":""},"_background_slideshow_gallery":[],"_background_hover_image":{"url":"","id":"","size":""},"_background_hover_video_fallback":{"url":"","id":"","size":""},"_background_hover_slideshow_gallery":[],"_mask_image":{"url":"","id":"","size":""}},"elements":[],"isInner":false,"widgetType":"button","elType":"widget"},{"id":"139cb572","settings":{"width":{"unit":"%","size":50,"sizes":[]},"align":"center","look":"line_text","text":"The Forest Tower ","color":"#FFFFFF","text_color":"#FFFFFF","typography_typography":"custom","typography_font_family":"El Messiri","typography_font_size":{"unit":"px","size":46,"sizes":[]},"typography_font_weight":"700","text_spacing":{"unit":"px","size":19,"sizes":[]},"content_width":"full","width_tablet":{"unit":"%","size":61,"sizes":[]},"width_mobile":{"unit":"%","size":100,"sizes":[]},"_padding_mobile":{"unit":"px","top":"0","right":"0","bottom":"0","left":"0","isLinked":false},"_padding":{"unit":"px","top":"20","right":"0","bottom":"0","left":"0","isLinked":false},"weight":{"unit":"px","size":0,"sizes":[]},"typography_font_size_tablet":{"unit":"px","size":35,"sizes":[]},"typography_font_size_mobile":{"unit":"px","size":30,"sizes":[]},"icon":{"value":"fas fa-star","library":"fa-solid"},"_background_image":{"url":"","id":"","size":""},"_background_video_fallback":{"url":"","id":"","size":""},"_background_slideshow_gallery":[],"_background_hover_image":{"url":"","id":"","size":""},"_background_hover_video_fallback":{"url":"","id":"","size":""},"_background_hover_slideshow_gallery":[],"_mask_image":{"url":"","id":"","size":""}},"elements":[],"isInner":false,"widgetType":"divider","elType":"widget"},{"id":"2c7840b2","settings":{"content_width":"full","title":"The tower in the forest at Gisselfeld Kloster is an experience for the whole family \u2013 except those with a fear of heights of course! The attraction is well visited and also recognized abroad. It appeared in 2019 on Time Magazine\u2019s list of the World\u2019s Greatest Places.","typography_typography":"custom","typography_font_family":"Karla","typography_font_size":{"unit":"px","size":16,"sizes":[]},"typography_font_weight":"500","_padding":{"unit":"px","top":"0","right":"350","bottom":"0","left":"350","isLinked":false},"__globals__":{"title_color":""},"_margin":{"unit":"px","top":"0","right":"0","bottom":"10","left":"0","isLinked":false},"align_mobile":"center","title_color":"#FFFFFF","_margin_mobile":{"unit":"px","top":"-13","right":"0","bottom":"0","left":"0","isLinked":false},"_padding_mobile":{"unit":"px","top":"0","right":"0","bottom":"0","left":"0","isLinked":false},"align":"center","typography_line_height":{"unit":"px","size":22,"sizes":[]},"_padding_tablet":{"unit":"px","top":"0","right":"0","bottom":"0","left":"0","isLinked":false},"_background_image":{"url":"","id":"","size":""},"_background_video_fallback":{"url":"","id":"","size":""},"_background_slideshow_gallery":[],"_background_hover_image":{"url":"","id":"","size":""},"_background_hover_video_fallback":{"url":"","id":"","size":""},"_background_hover_slideshow_gallery":[],"_mask_image":{"url":"","id":"","size":""}},"elements":[],"isInner":false,"widgetType":"heading","elType":"widget"},{"id":"6f61149b","settings":{"content_width":"full","text":"Explore project","typography_typography":"custom","typography_font_family":"Karla","typography_font_weight":"500","button_text_color":"#FFFFFF","background_color":"#971B7600","border_border":"solid","border_width":{"unit":"px","top":"1","right":"1","bottom":"1","left":"1","isLinked":true},"border_color":"#FFFFFF","border_radius":{"unit":"px","top":"30","right":"30","bottom":"30","left":"30","isLinked":true},"text_padding":{"unit":"px","top":"10","right":"27","bottom":"10","left":"27","isLinked":false},"_margin":{"unit":"px","top":"0","right":"0","bottom":"0","left":"0","isLinked":false},"align_mobile":"center","typography_font_size":{"unit":"px","size":14,"sizes":[]},"selected_icon":{"value":"jki jki-arrow-right-solid","library":"jkiticon"},"icon_align":"row-reverse","hover_color":"#000000","button_background_hover_color":"#FFFFFF","align":"center","background_video_fallback":{"url":"","id":"","size":""},"background_slideshow_gallery":[],"button_background_hover_video_fallback":{"url":"","id":"","size":""},"button_background_hover_slideshow_gallery":[],"_background_image":{"url":"","id":"","size":""},"_background_video_fallback":{"url":"","id":"","size":""},"_background_slideshow_gallery":[],"_background_hover_image":{"url":"","id":"","size":""},"_background_hover_video_fallback":{"url":"","id":"","size":""},"_background_hover_slideshow_gallery":[],"_mask_image":{"url":"","id":"","size":""}},"elements":[],"isInner":false,"widgetType":"button","elType":"widget"}],"isInner":true,"elType":"container"},{"id":"4b0fccda","settings":{"content_width":"full","width":{"unit":"%","size":100,"sizes":[]},"min_height":{"unit":"vh","size":90,"sizes":[]},"min_height_tablet":{"unit":"vh","size":"","sizes":[]},"min_height_mobile":{"unit":"vh","size":90,"sizes":[]},"flex_justify_content":"center","flex_align_items":"center","border_radius":{"unit":"px","top":"40","right":"40","bottom":"40","left":"40","isLinked":true},"margin":{"unit":"px","top":"0","right":"0","bottom":"0","left":"0","isLinked":false},"padding":{"unit":"px","top":"0","right":"0","bottom":"0","left":"0","isLinked":false},"sticky":"top","sticky_offset":100,"sticky_effects_offset":100,"sticky_parent":"yes","_title":"Stikcy container","padding_tablet":{"unit":"px","top":"0","right":"0","bottom":"50","left":"0","isLinked":false},"padding_mobile":{"unit":"px","top":"0","right":"0","bottom":"50","left":"0","isLinked":false},"background_image":{"url":"","id":"","size":""},"background_video_fallback":{"url":"","id":"","size":""},"background_slideshow_gallery":[],"background_hover_image":{"url":"","id":"","size":""},"background_hover_video_fallback":{"url":"","id":"","size":""},"background_hover_slideshow_gallery":[],"background_overlay_image":{"url":"","id":"","size":""},"background_overlay_video_fallback":{"url":"","id":"","size":""},"background_overlay_slideshow_gallery":[],"background_overlay_hover_image":{"url":"","id":"","size":""},"background_overlay_hover_video_fallback":{"url":"","id":"","size":""},"background_overlay_hover_slideshow_gallery":[]},"elements":[{"id":"2987b267","settings":{"content_width":"full","width":{"unit":"px","size":600,"sizes":[]},"width_tablet":{"unit":"em","size":"","sizes":[]},"width_mobile":{"unit":"em","size":"","sizes":[]},"min_height":{"unit":"px","size":600,"sizes":[]},"min_height_tablet":{"unit":"em","size":"","sizes":[]},"min_height_mobile":{"unit":"em","size":"","sizes":[]},"flex_justify_content":"center","flex_align_items":"center","background_background":"classic","background_image":{"id":206,"url":"https:\/\/ivory-viper-747903.hostingersite.com\/wp-content\/uploads\/2025\/06\/YouTube-Thumbnail-2024-08-19T171332.169-1.png"},"background_position":"center center","background_repeat":"no-repeat","border_radius":{"unit":"%","top":"57","right":"57","bottom":"57","left":"57","isLinked":true},"border_radius_tablet":{"unit":"%","top":"","right":"","bottom":"","left":"","isLinked":true},"border_radius_mobile":{"unit":"%","top":"","right":"","bottom":"","left":"","isLinked":true},"css_classes":"circle","_title":"Expand images","background_size":"cover","background_video_fallback":{"url":"","id":"","size":""},"background_slideshow_gallery":[],"background_hover_image":{"url":"","id":"","size":""},"background_hover_video_fallback":{"url":"","id":"","size":""},"background_hover_slideshow_gallery":[],"background_overlay_image":{"url":"","id":"","size":""},"background_overlay_video_fallback":{"url":"","id":"","size":""},"background_overlay_slideshow_gallery":[],"background_overlay_hover_image":{"url":"","id":"","size":""},"background_overlay_hover_video_fallback":{"url":"","id":"","size":""},"background_overlay_hover_slideshow_gallery":[]},"elements":[{"id":"695f65f3","settings":{"width":{"unit":"%","size":100,"sizes":[]},"boxed_width":{"unit":"px","size":1330,"sizes":[]},"background_image":{"url":"","id":"","size":""},"background_video_fallback":{"url":"","id":"","size":""},"background_slideshow_gallery":[],"background_hover_image":{"url":"","id":"","size":""},"background_hover_video_fallback":{"url":"","id":"","size":""},"background_hover_slideshow_gallery":[],"background_overlay_image":{"url":"","id":"","size":""},"background_overlay_video_fallback":{"url":"","id":"","size":""},"background_overlay_slideshow_gallery":[],"background_overlay_hover_image":{"url":"","id":"","size":""},"background_overlay_hover_video_fallback":{"url":"","id":"","size":""},"background_overlay_hover_slideshow_gallery":[]},"elements":[{"id":"613a120e","settings":{"text":"How it was built","typography_typography":"custom","typography_font_family":"Karla","typography_font_size":{"unit":"px","size":14},"typography_font_weight":"600","typography_text_transform":"none","typography_letter_spacing":{"unit":"px","size":0},"border_radius":{"unit":"px","top":"30","right":"30","bottom":"30","left":"30","isLinked":true},"text_padding":{"unit":"px","top":"7","right":"15","bottom":"7","left":"15","isLinked":false},"button_background_hover_color":"#ffffff","_margin_mobile":{"unit":"px","top":"0","right":"0","bottom":"0","left":"0","isLinked":false},"_animation_delay":700,"align_mobile":"center","border_border":"none","border_width":{"unit":"px","top":"1","right":"1","bottom":"1","left":"1","isLinked":true},"button_hover_border_color":"#ffffff","_padding_mobile":{"unit":"px","top":"0","right":"0","bottom":"0","left":"0","isLinked":true},"__globals__":{"background_color":"","border_color":"","hover_color":""},"background_color":"#FFFFFF","border_color":"#d28c0e","icon_indent":{"unit":"px","size":10,"sizes":[]},"typography_line_height":{"unit":"px","size":15,"sizes":[]},"link":{"url":"","is_external":"","nofollow":"","custom_attributes":""},"view":"traditional","_element_width":"auto","_offset_x":{"unit":"px","size":"0","sizes":[]},"_offset_x_end":{"unit":"px","size":"0","sizes":[]},"_offset_y":{"unit":"px","size":"0","sizes":[]},"_offset_y_end":{"unit":"px","size":"0","sizes":[]},"content_width":"full","button_text_color":"#000000","selected_icon":{"value":"fas fa-dot-circle","library":"fa-solid"},"align":"center","_padding":{"unit":"px","top":"50","right":"0","bottom":"0","left":"0","isLinked":false},"typography_font_size_mobile":{"unit":"px","size":12,"sizes":[]},"background_video_fallback":{"url":"","id":"","size":""},"background_slideshow_gallery":[],"button_background_hover_video_fallback":{"url":"","id":"","size":""},"button_background_hover_slideshow_gallery":[],"_background_image":{"url":"","id":"","size":""},"_background_video_fallback":{"url":"","id":"","size":""},"_background_slideshow_gallery":[],"_background_hover_image":{"url":"","id":"","size":""},"_background_hover_video_fallback":{"url":"","id":"","size":""},"_background_hover_slideshow_gallery":[],"_mask_image":{"url":"","id":"","size":""}},"elements":[],"isInner":false,"widgetType":"button","elType":"widget"},{"id":"86f23aa","settings":{"content_width":"full","title":"Making of Forrest<br> tower Denmark","typography_typography":"custom","typography_font_family":"El Messiri","typography_font_size":{"unit":"px","size":48,"sizes":[]},"typography_font_weight":"600","_padding":{"unit":"px","top":"0","right":"16","bottom":"0","left":"0","isLinked":false},"__globals__":{"title_color":""},"_css_classes":"reveal","align_mobile":"center","title_color":"#FFFFFF","typography_font_size_mobile":{"unit":"px","size":25,"sizes":[]},"_margin_mobile":{"unit":"px","top":"-3","right":"0","bottom":"0","left":"0","isLinked":false},"typography_font_size_tablet":{"unit":"px","size":38,"sizes":[]},"typography_line_height_tablet":{"unit":"em","size":1.2,"sizes":[]},"align":"center","_background_image":{"url":"","id":"","size":""},"_background_video_fallback":{"url":"","id":"","size":""},"_background_slideshow_gallery":[],"_background_hover_image":{"url":"","id":"","size":""},"_background_hover_video_fallback":{"url":"","id":"","size":""},"_background_hover_slideshow_gallery":[],"_mask_image":{"url":"","id":"","size":""}},"elements":[],"isInner":false,"widgetType":"heading","elType":"widget"},{"id":"6a5671e4","settings":{"content_width":"full","text":"Explore project","typography_typography":"custom","typography_font_family":"Karla","typography_font_weight":"500","button_text_color":"#FFFFFF","background_color":"#971B7600","border_border":"solid","border_width":{"unit":"px","top":"1","right":"1","bottom":"1","left":"1","isLinked":true},"border_color":"#FFFFFF","border_radius":{"unit":"px","top":"30","right":"30","bottom":"30","left":"30","isLinked":true},"text_padding":{"unit":"px","top":"10","right":"27","bottom":"10","left":"27","isLinked":false},"_margin":{"unit":"px","top":"0","right":"0","bottom":"0","left":"0","isLinked":false},"align_mobile":"center","typography_font_size":{"unit":"px","size":14,"sizes":[]},"selected_icon":{"value":"jki jki-arrow-right-solid","library":"jkiticon"},"icon_align":"row-reverse","hover_color":"#000000","button_background_hover_color":"#FFFFFF","align":"center","typography_font_size_mobile":{"unit":"px","size":12,"sizes":[]},"background_video_fallback":{"url":"","id":"","size":""},"background_slideshow_gallery":[],"button_background_hover_video_fallback":{"url":"","id":"","size":""},"button_background_hover_slideshow_gallery":[],"_background_image":{"url":"","id":"","size":""},"_background_video_fallback":{"url":"","id":"","size":""},"_background_slideshow_gallery":[],"_background_hover_image":{"url":"","id":"","size":""},"_background_hover_video_fallback":{"url":"","id":"","size":""},"_background_hover_slideshow_gallery":[],"_mask_image":{"url":"","id":"","size":""}},"elements":[],"isInner":false,"widgetType":"button","elType":"widget"}],"isInner":true,"elType":"container"}],"isInner":true,"elType":"container"}],"isInner":true,"elType":"container"},{"id":"69988e92","settings":{"content_width":"full","html":"<script src=\"https:\/\/cdnjs.cloudflare.com\/ajax\/libs\/jquery\/3.7.1\/jquery.min.js\"><\/script>\n<script src=\"https:\/\/cdnjs.cloudflare.com\/ajax\/libs\/gsap\/3.8.0\/gsap.min.js\"><\/script>\n<script src=\"https:\/\/cdnjs.cloudflare.com\/ajax\/libs\/gsap\/3.8.0\/ScrollTrigger.min.js\"><\/script>\n<script>\ngsap.registerPlugin(ScrollTrigger);\n\nScrollTrigger.defaults({\n  markers: false\n});\n\n\/\/ Animate From To\n$(\".stickey_circle_wrap\").each(function (index) {\n  let triggerElement = $(this);\n  let targetElement = $(\".circle\");\n\n  let tl = gsap.timeline({\n    scrollTrigger: {\n      trigger: triggerElement,\n      \/\/ trigger element - viewport\n      start: \"top top\",\n      end: \"bottom bottom\",\n      scrub: 1\n    }\n  });\n\n  \/\/ Check screen width for breakpoint\n  if (window.matchMedia(\"(max-width: 768px)\").matches) {\n    \/\/ Mobile\/Tablet\n    tl.fromTo(targetElement, {\n        width: \"10em\", \/\/ Breakpoint width\n        height: \"30em\",\n        borderRadius: \"20em\"\n      },\n      {\n        width: \"100%\",\n        height: \"90vh\",\n        borderRadius: \"0px\",\n        duration: 1\n      }\n    );\n  } else {\n    \/\/ Desktop\n    tl.fromTo(targetElement, {\n        width: \"40em\", \/\/ Original width\n        height: \"30em\",\n        borderRadius: \"20em\"\n      },\n      {\n        width: \"100%\",\n        height: \"90vh\",\n        borderRadius: \"0px\",\n        duration: 1\n      }\n    );\n  }\n});\n<\/script>\n","_background_image":{"url":"","id":"","size":""},"_background_video_fallback":{"url":"","id":"","size":""},"_background_slideshow_gallery":[],"_background_hover_image":{"url":"","id":"","size":""},"_background_hover_video_fallback":{"url":"","id":"","size":""},"_background_hover_slideshow_gallery":[],"_mask_image":{"url":"","id":"","size":""}},"elements":[],"isInner":false,"widgetType":"html","elType":"widget"}],"isInner":false,"elType":"container"}],"settings":[],"metadata":[]}