{"content":[{"id":"6e0394d3","settings":{"flex_direction":"column","content_width":"full","min_height_tablet":{"unit":"vh","size":"","sizes":[]},"min_height_mobile":{"unit":"vh","size":"","sizes":[]},"flex_justify_content":"flex-end","background_background":"classic","background_image":{"url":"","id":"","size":"","alt":"","source":"library"},"background_position":"center center","background_repeat":"no-repeat","background_size":"cover","background_color":"#F8F8F8","padding":{"unit":"px","top":"80","right":"20","bottom":"0","left":"20","isLinked":false},"transparent":"","transparent_on":["desktop","tablet","mobile"],"scroll_distance":{"unit":"px","size":60,"sizes":[]},"scroll_distance_tablet":{"unit":"px","size":"","sizes":[]},"scroll_distance_mobile":{"unit":"px","size":"","sizes":[]},"popover-toggle":"","she_offset_top":{"unit":"px","size":0,"sizes":[]},"she_offset_top_tablet":{"unit":"px","size":"","sizes":[]},"she_offset_top_mobile":{"unit":"px","size":"","sizes":[]},"she_padding":{"unit":"px","top":0,"right":"","bottom":0,"left":"","isLinked":true},"she_padding_tablet":{"unit":"px","top":"","right":"","bottom":"","left":"","isLinked":true},"she_padding_mobile":{"unit":"px","top":"","right":"","bottom":"","left":"","isLinked":true},"transparent_header_show":"","background_show":"","background_type":"classic","background":"","color_stop":{"unit":"%","size":0,"sizes":[]},"color_b":"#f2295b","color_b_stop":{"unit":"%","size":100,"sizes":[]},"gradient_type":"linear","gradient_angle":{"unit":"deg","size":180,"sizes":[]},"gradient_position":"center center","mobile_menu_toggle_animation":"","mobile_menu_toggle_type":"lines","mobile_menu_toggle_only_two":"","mobile_menu_toggle_weight":{"unit":"em","size":0.12,"sizes":[]},"mobile_menu_toggle_width":{"unit":"em","size":1,"sizes":[]},"mobile_menu_toggle_active_width":{"unit":"em","size":1,"sizes":[]},"mobile_menu_toggle_gap":{"unit":"em","size":0.12,"sizes":[]},"mobile_menu_toggle_radius":{"unit":"em","size":0.12,"sizes":[]},"bottom_border":"","custom_bottom_border_color":"","custom_bottom_border_width":{"unit":"px","size":0,"sizes":[]},"custom_bottom_border_width_tablet":{"unit":"px","size":"","sizes":[]},"custom_bottom_border_width_mobile":{"unit":"px","size":"","sizes":[]},"bottom_shadow":"","bottom_shadow_color":"rgba(0, 0, 0, 0.15)","bottom_shadow_vertical":{"unit":"px","size":0,"sizes":[]},"bottom_shadow_blur":{"unit":"px","size":30,"sizes":[]},"bottom_shadow_spread":{"unit":"px","size":0,"sizes":[]},"shrink_header":"","custom_height_header":{"unit":"px","size":70,"sizes":[]},"custom_height_header_tablet":{"unit":"px","size":"","sizes":[]},"custom_height_header_mobile":{"unit":"px","size":"","sizes":[]},"shrink_header_logo":"","custom_height_header_logo":{"unit":"px","size":100,"sizes":[]},"custom_height_header_logo_tablet":{"unit":"px","size":"","sizes":[]},"custom_height_header_logo_mobile":{"unit":"px","size":"","sizes":[]},"change_logo_color":"","logo_color_white_before":"","logo_color_black_before":"","logo_color_white_after":"","logo_color_black_after":"","logo_color_full_after":"","blur_bg":"","blur_bg_blur_amount":{"unit":"px","size":20,"sizes":[]},"blur_bg_saturate_amount":{"unit":"px","size":1.8,"sizes":[]},"hide_header":"","scroll_distance_hide_header":{"unit":"px","size":500,"sizes":[]},"scroll_distance_hide_header_tablet":{"unit":"px","size":"","sizes":[]},"scroll_distance_hide_header_mobile":{"unit":"px","size":"","sizes":[]}},"elements":[{"id":"2ee21240","settings":{"content_width":"full","min_height":{"unit":"vh","size":100,"sizes":[]},"min_height_tablet":{"unit":"vh","size":"","sizes":[]},"min_height_mobile":{"unit":"px","size":650,"sizes":[]},"flex_justify_content":"flex-end","background_background":"classic","background_image":{"id":128,"url":"https:\/\/ivory-viper-747903.hostingersite.com\/wp-content\/uploads\/2025\/06\/Serene-Wooden-Bowl-with-Cushions-1-scaled.jpeg","alt":"","source":"library","size":""},"background_repeat":"no-repeat","background_size":"cover","border_radius":{"unit":"px","top":"20","right":"20","bottom":"20","left":"20","isLinked":true},"background_position":"top left","background_overlay_background":"classic","background_overlay_color":"#000000","background_overlay_opacity":{"unit":"px","size":0.1,"sizes":[]},"transparent":"","transparent_on":["desktop","tablet","mobile"],"scroll_distance":{"unit":"px","size":60,"sizes":[]},"scroll_distance_tablet":{"unit":"px","size":"","sizes":[]},"scroll_distance_mobile":{"unit":"px","size":"","sizes":[]},"popover-toggle":"","she_offset_top":{"unit":"px","size":0,"sizes":[]},"she_offset_top_tablet":{"unit":"px","size":"","sizes":[]},"she_offset_top_mobile":{"unit":"px","size":"","sizes":[]},"she_padding":{"unit":"px","top":0,"right":"","bottom":0,"left":"","isLinked":true},"she_padding_tablet":{"unit":"px","top":"","right":"","bottom":"","left":"","isLinked":true},"she_padding_mobile":{"unit":"px","top":"","right":"","bottom":"","left":"","isLinked":true},"transparent_header_show":"","background_show":"","background_type":"classic","background":"","color_stop":{"unit":"%","size":0,"sizes":[]},"color_b":"#f2295b","color_b_stop":{"unit":"%","size":100,"sizes":[]},"gradient_type":"linear","gradient_angle":{"unit":"deg","size":180,"sizes":[]},"gradient_position":"center center","mobile_menu_toggle_animation":"","mobile_menu_toggle_type":"lines","mobile_menu_toggle_only_two":"","mobile_menu_toggle_weight":{"unit":"em","size":0.12,"sizes":[]},"mobile_menu_toggle_width":{"unit":"em","size":1,"sizes":[]},"mobile_menu_toggle_active_width":{"unit":"em","size":1,"sizes":[]},"mobile_menu_toggle_gap":{"unit":"em","size":0.12,"sizes":[]},"mobile_menu_toggle_radius":{"unit":"em","size":0.12,"sizes":[]},"bottom_border":"","custom_bottom_border_color":"","custom_bottom_border_width":{"unit":"px","size":0,"sizes":[]},"custom_bottom_border_width_tablet":{"unit":"px","size":"","sizes":[]},"custom_bottom_border_width_mobile":{"unit":"px","size":"","sizes":[]},"bottom_shadow":"","bottom_shadow_color":"rgba(0, 0, 0, 0.15)","bottom_shadow_vertical":{"unit":"px","size":0,"sizes":[]},"bottom_shadow_blur":{"unit":"px","size":30,"sizes":[]},"bottom_shadow_spread":{"unit":"px","size":0,"sizes":[]},"shrink_header":"","custom_height_header":{"unit":"px","size":70,"sizes":[]},"custom_height_header_tablet":{"unit":"px","size":"","sizes":[]},"custom_height_header_mobile":{"unit":"px","size":"","sizes":[]},"shrink_header_logo":"","custom_height_header_logo":{"unit":"px","size":100,"sizes":[]},"custom_height_header_logo_tablet":{"unit":"px","size":"","sizes":[]},"custom_height_header_logo_mobile":{"unit":"px","size":"","sizes":[]},"change_logo_color":"","logo_color_white_before":"","logo_color_black_before":"","logo_color_white_after":"","logo_color_black_after":"","logo_color_full_after":"","blur_bg":"","blur_bg_blur_amount":{"unit":"px","size":20,"sizes":[]},"blur_bg_saturate_amount":{"unit":"px","size":1.8,"sizes":[]},"hide_header":"","scroll_distance_hide_header":{"unit":"px","size":500,"sizes":[]},"scroll_distance_hide_header_tablet":{"unit":"px","size":"","sizes":[]},"scroll_distance_hide_header_mobile":{"unit":"px","size":"","sizes":[]},"background_position_mobile":"bottom center"},"elements":[{"id":"ddcf7c","settings":{"title":"Wave Wood is where sculptural design meets organic soul.\nRooted in nature and refined by hand, our furniture blends raw elegance with timeless craftsmanship. Each piece is shaped to bring warmth, texture, and quiet beauty into modern spaces.","typography_typography":"custom","typography_font_family":"Cabin","typography_font_size":{"unit":"px","size":32,"sizes":[]},"typography_font_size_mobile":{"unit":"px","size":18,"sizes":[]},"typography_font_weight":"400","typography_line_height":{"unit":"px","size":40,"sizes":[]},"typography_line_height_mobile":{"unit":"px","size":25,"sizes":[]},"title_color":"#FFFFFF","_padding":{"unit":"px","top":"40","right":"20","bottom":"40","left":"20","isLinked":false},"_padding_mobile":{"unit":"px","top":"40","right":"10","bottom":"40","left":"10","isLinked":false},"_element_width":"initial","_element_custom_width":{"unit":"px","size":1350,"sizes":[]},"sticky":"bottom","sticky_parent":"yes","ra_element_link":{"url":"","is_external":"","nofollow":"","custom_attributes":""},"__globals__":{"title_color":""},"typography_font_size_tablet":{"unit":"px","size":30,"sizes":[]}},"elements":[],"isInner":false,"widgetType":"heading","elType":"widget"},{"id":"29e4a3b5","settings":{"content_width":"full","width_widescreen":{"unit":"px","size":450,"sizes":[]},"flex_direction":"row","flex_align_items":"center","background_background":"classic","background_color":"#F8F8F8","position":"absolute","z_index_widescreen":9,"custom_css":"selector::before {\r\n    BORDER-RADIUS: 50px 0px 0px 0px;\r\n    content: ''; position: absolute;\r\n    background-color: transparent;\r\n    box-shadow: 0 0 0 50px #F8F8F8, 0 0 0 0 #000;\r\n    pointer-events: none; clip-path: inset(0);\r\n    width: 20px;\r\n    height: 20px;\r\n    top: 60px;\r\n    left: 0px;\r\n    \r\n    \r\n}\r\n\r\n\r\n\r\nselector::after {\r\n  \r\nBORDER-RADIUS: 50px 0px 0px 0px;\r\n    content: ''; \r\n    position: absolute;\r\n    background-color: transparent;\r\n    box-shadow: 0 0 0 50px #F8F8F8, 0 0 0 0 #000;\r\n    pointer-events: none; clip-path: inset(0);\r\n    width: 20px;\r\n    height: 20px;\r\n    top: 0px;\r\n    right: -20px;\r\n    \r\n}\r\n\r\n\r\n\r\n@media only screen and (max-width: 1366px) {\r\nselector::before {\r\n\r\n    top: 40px;\r\n\r\n    \r\n    \r\n}\r\n}","width":{"unit":"px","size":120,"sizes":[]},"width_laptop":{"unit":"px","size":380,"sizes":[]},"flex_justify_content_mobile":"space-between","border_radius":{"unit":"px","top":"0","right":"0","bottom":"15","left":"0","isLinked":false},"border_radius_widescreen":{"unit":"px","top":"0","right":"0","bottom":"15","left":"0","isLinked":false},"border_radius_laptop":{"unit":"px","top":"0","right":"0","bottom":"15","left":"0","isLinked":false},"z_index_laptop":999,"min_height":{"unit":"px","size":60,"sizes":[]},"min_height_laptop":{"unit":"px","size":67,"sizes":[]},"flex_justify_content_tablet":"space-between","jet_parallax_layout_list":[],"flex_justify_content":"flex-start","link_note":"","background_gradient_notice":"","background_hover_gradient_notice":"","background_overlay_gradient_notice":"","background_overlay_hover_gradient_notice":"","position_description":"","jkit_glass_blur_level":{"unit":"px","size":"","sizes":[]},"jkit_glass_blur_level_tablet":{"unit":"px","size":"","sizes":[]},"jkit_glass_blur_level_mobile":{"unit":"px","size":"","sizes":[]},"jkit_sticky_section":"","jkit_sticky_device":"desktop","jkit_sticky_trigger":"down","jkit_sticky_position":"sticky","jkit_sticky_top_position":{"unit":"px","size":0,"sizes":[]},"jkit_sticky_bottom_position":{"unit":"px","size":0,"sizes":[]},"jkit_sticky_background_color":"","jkit_sticky_hide_on_scroll":"","jkit_sticky_hide_threshold":"","jkit_sticky_x_axis_animation":{"unit":"px","size":"","sizes":[]},"jkit_sticky_y_axis_animation":{"unit":"px","size":"","sizes":[]},"jkit_sticky_transition":{"unit":"px","size":0.1,"sizes":[]},"jkit_sticky_zindex":100,"jkit_sticky_shadow_box_shadow_type":"","jkit_sticky_shadow_box_shadow":{"horizontal":0,"vertical":0,"blur":10,"spread":0,"color":"rgba(0,0,0,0.5)"},"jkit_sticky_shadow_box_shadow_position":" ","jet_attached_popup":"","jet_trigger_type":"click-self","jet_trigger_custom_selector":"","transform_sticky_notice":"","padding":{"unit":"px","top":"0","right":"0","bottom":"0","left":"0","isLinked":false},"boxed_width_widescreen":{"unit":"px","size":"","sizes":[]},"boxed_width_laptop":{"unit":"px","size":"","sizes":[]},"min_height_widescreen":{"unit":"px","size":"","sizes":[]},"flex_direction_widescreen":"","flex_direction_laptop":"","flex_justify_content_widescreen":"","flex_justify_content_laptop":"","flex_align_items_widescreen":"","flex_align_items_laptop":"","flex_gap":{"column":"10","row":"10","isLinked":true,"unit":"px","size":10},"flex_gap_widescreen":{"column":"","row":"","isLinked":true,"unit":"px"},"flex_gap_laptop":{"column":"","row":"","isLinked":true,"unit":"px"},"flex_wrap_widescreen":"","flex_wrap_laptop":"","flex_align_content_widescreen":"","flex_align_content_laptop":"","grid_columns_grid_widescreen":{"unit":"fr","size":"","sizes":[]},"grid_columns_grid_laptop":{"unit":"fr","size":"","sizes":[]},"grid_rows_grid_widescreen":{"unit":"fr","size":"","sizes":[]},"grid_rows_grid_laptop":{"unit":"fr","size":"","sizes":[]},"grid_gaps_widescreen":{"column":"","row":"","isLinked":true,"unit":"px"},"grid_gaps_laptop":{"column":"","row":"","isLinked":true,"unit":"px"},"grid_auto_flow_widescreen":"row","grid_auto_flow_laptop":"row","grid_justify_items_widescreen":"","grid_justify_items_laptop":"","grid_align_items_widescreen":"","grid_align_items_laptop":"","grid_justify_content_widescreen":"","grid_justify_content_laptop":"","grid_align_content_widescreen":"","grid_align_content_laptop":"","background_color_stop_widescreen":{"unit":"%"},"background_color_stop_laptop":{"unit":"%"},"background_color_b_stop_widescreen":{"unit":"%"},"background_color_b_stop_laptop":{"unit":"%"},"background_gradient_angle_widescreen":{"unit":"deg"},"background_gradient_angle_laptop":{"unit":"deg"},"background_gradient_position_widescreen":"","background_gradient_position_laptop":"","background_image_widescreen":{"url":"","id":"","size":""},"background_image_laptop":{"url":"","id":"","size":""},"background_position_widescreen":"","background_position_laptop":"","background_xpos_widescreen":{"unit":"px","size":"","sizes":[]},"background_xpos_laptop":{"unit":"px","size":"","sizes":[]},"background_ypos_widescreen":{"unit":"px","size":"","sizes":[]},"background_ypos_laptop":{"unit":"px","size":"","sizes":[]},"background_repeat_widescreen":"","background_repeat_laptop":"","background_size_widescreen":"","background_size_laptop":"","background_bg_width_widescreen":{"unit":"px","size":"","sizes":[]},"background_bg_width_laptop":{"unit":"px","size":"","sizes":[]},"background_slideshow_background_size_widescreen":"","background_slideshow_background_size_laptop":"","background_slideshow_background_position_widescreen":"","background_slideshow_background_position_laptop":"","background_hover_color_stop_widescreen":{"unit":"%"},"background_hover_color_stop_laptop":{"unit":"%"},"background_hover_color_b_stop_widescreen":{"unit":"%"},"background_hover_color_b_stop_laptop":{"unit":"%"},"background_hover_gradient_angle_widescreen":{"unit":"deg"},"background_hover_gradient_angle_laptop":{"unit":"deg"},"background_hover_gradient_position_widescreen":"","background_hover_gradient_position_laptop":"","background_hover_image_widescreen":{"url":"","id":"","size":""},"background_hover_image_laptop":{"url":"","id":"","size":""},"background_hover_position_widescreen":"","background_hover_position_laptop":"","background_hover_xpos_widescreen":{"unit":"px","size":"","sizes":[]},"background_hover_xpos_laptop":{"unit":"px","size":"","sizes":[]},"background_hover_ypos_widescreen":{"unit":"px","size":"","sizes":[]},"background_hover_ypos_laptop":{"unit":"px","size":"","sizes":[]},"background_hover_repeat_widescreen":"","background_hover_repeat_laptop":"","background_hover_size_widescreen":"","background_hover_size_laptop":"","background_hover_bg_width_widescreen":{"unit":"px","size":"","sizes":[]},"background_hover_bg_width_laptop":{"unit":"px","size":"","sizes":[]},"background_hover_slideshow_background_size_widescreen":"","background_hover_slideshow_background_size_laptop":"","background_hover_slideshow_background_position_widescreen":"","background_hover_slideshow_background_position_laptop":"","background_overlay_color_stop_widescreen":{"unit":"%"},"background_overlay_color_stop_laptop":{"unit":"%"},"background_overlay_color_b_stop_widescreen":{"unit":"%"},"background_overlay_color_b_stop_laptop":{"unit":"%"},"background_overlay_gradient_angle_widescreen":{"unit":"deg"},"background_overlay_gradient_angle_laptop":{"unit":"deg"},"background_overlay_gradient_position_widescreen":"","background_overlay_gradient_position_laptop":"","background_overlay_image_widescreen":{"url":"","id":"","size":""},"background_overlay_image_laptop":{"url":"","id":"","size":""},"background_overlay_position_widescreen":"","background_overlay_position_laptop":"","background_overlay_xpos_widescreen":{"unit":"px","size":"","sizes":[]},"background_overlay_xpos_laptop":{"unit":"px","size":"","sizes":[]},"background_overlay_ypos_widescreen":{"unit":"px","size":"","sizes":[]},"background_overlay_ypos_laptop":{"unit":"px","size":"","sizes":[]},"background_overlay_repeat_widescreen":"","background_overlay_repeat_laptop":"","background_overlay_size_widescreen":"","background_overlay_size_laptop":"","background_overlay_bg_width_widescreen":{"unit":"px","size":"","sizes":[]},"background_overlay_bg_width_laptop":{"unit":"px","size":"","sizes":[]},"background_overlay_slideshow_background_size_widescreen":"","background_overlay_slideshow_background_size_laptop":"","background_overlay_slideshow_background_position_widescreen":"","background_overlay_slideshow_background_position_laptop":"","background_overlay_opacity_widescreen":{"unit":"px","size":"","sizes":[]},"background_overlay_opacity_laptop":{"unit":"px","size":"","sizes":[]},"background_overlay_hover_color_stop_widescreen":{"unit":"%"},"background_overlay_hover_color_stop_laptop":{"unit":"%"},"background_overlay_hover_color_b_stop_widescreen":{"unit":"%"},"background_overlay_hover_color_b_stop_laptop":{"unit":"%"},"background_overlay_hover_gradient_angle_widescreen":{"unit":"deg"},"background_overlay_hover_gradient_angle_laptop":{"unit":"deg"},"background_overlay_hover_gradient_position_widescreen":"","background_overlay_hover_gradient_position_laptop":"","background_overlay_hover_image_widescreen":{"url":"","id":"","size":""},"background_overlay_hover_image_laptop":{"url":"","id":"","size":""},"background_overlay_hover_position_widescreen":"","background_overlay_hover_position_laptop":"","background_overlay_hover_xpos_widescreen":{"unit":"px","size":"","sizes":[]},"background_overlay_hover_xpos_laptop":{"unit":"px","size":"","sizes":[]},"background_overlay_hover_ypos_widescreen":{"unit":"px","size":"","sizes":[]},"background_overlay_hover_ypos_laptop":{"unit":"px","size":"","sizes":[]},"background_overlay_hover_repeat_widescreen":"","background_overlay_hover_repeat_laptop":"","background_overlay_hover_size_widescreen":"","background_overlay_hover_size_laptop":"","background_overlay_hover_bg_width_widescreen":{"unit":"px","size":"","sizes":[]},"background_overlay_hover_bg_width_laptop":{"unit":"px","size":"","sizes":[]},"background_overlay_hover_slideshow_background_size_widescreen":"","background_overlay_hover_slideshow_background_size_laptop":"","background_overlay_hover_slideshow_background_position_widescreen":"","background_overlay_hover_slideshow_background_position_laptop":"","background_overlay_hover_opacity_widescreen":{"unit":"px","size":"","sizes":[]},"background_overlay_hover_opacity_laptop":{"unit":"px","size":"","sizes":[]},"border_width_widescreen":{"unit":"px","top":"","right":"","bottom":"","left":"","isLinked":true},"border_width_laptop":{"unit":"px","top":"","right":"","bottom":"","left":"","isLinked":true},"border_hover_width_widescreen":{"unit":"px","top":"","right":"","bottom":"","left":"","isLinked":true},"border_hover_width_laptop":{"unit":"px","top":"","right":"","bottom":"","left":"","isLinked":true},"border_radius_hover_widescreen":{"unit":"px","top":"","right":"","bottom":"","left":"","isLinked":true},"border_radius_hover_laptop":{"unit":"px","top":"","right":"","bottom":"","left":"","isLinked":true},"shape_divider_top_width_widescreen":{"unit":"px","size":"","sizes":[]},"shape_divider_top_width_laptop":{"unit":"px","size":"","sizes":[]},"shape_divider_top_height_widescreen":{"unit":"px","size":"","sizes":[]},"shape_divider_top_height_laptop":{"unit":"px","size":"","sizes":[]},"shape_divider_bottom_width_widescreen":{"unit":"px","size":"","sizes":[]},"shape_divider_bottom_width_laptop":{"unit":"px","size":"","sizes":[]},"shape_divider_bottom_height_widescreen":{"unit":"px","size":"","sizes":[]},"shape_divider_bottom_height_laptop":{"unit":"px","size":"","sizes":[]},"margin_widescreen":{"unit":"px","top":"","right":"","bottom":"","left":"","isLinked":true},"margin_laptop":{"unit":"px","top":"","right":"","bottom":"","left":"","isLinked":true},"padding_widescreen":{"unit":"px","top":"","right":"","bottom":"","left":"","isLinked":true},"padding_laptop":{"unit":"px","top":"","right":"","bottom":"","left":"","isLinked":true},"grid_column_widescreen":"","grid_column_laptop":"","grid_column_custom_widescreen":"","grid_column_custom_laptop":"","grid_row_widescreen":"","grid_row_laptop":"","grid_row_custom_widescreen":"","grid_row_custom_laptop":"","_flex_align_self_widescreen":"","_flex_align_self_laptop":"","_flex_order_widescreen":"","_flex_order_laptop":"","_flex_order_custom_widescreen":"","_flex_order_custom_laptop":"","_flex_size_widescreen":"","_flex_size_laptop":"","_flex_grow_widescreen":"","_flex_grow_laptop":"","_flex_shrink_widescreen":"","_flex_shrink_laptop":"","_offset_x_widescreen":{"unit":"px","size":"","sizes":[]},"_offset_x_laptop":{"unit":"px","size":"","sizes":[]},"_offset_x_end_widescreen":{"unit":"px","size":"","sizes":[]},"_offset_x_end_laptop":{"unit":"px","size":"","sizes":[]},"_offset_y_widescreen":{"unit":"px","size":"","sizes":[]},"_offset_y_laptop":{"unit":"px","size":"","sizes":[]},"_offset_y_end_widescreen":{"unit":"px","size":"","sizes":[]},"_offset_y_end_laptop":{"unit":"px","size":"","sizes":[]},"sticky_offset_widescreen":"","sticky_offset_laptop":"","sticky_effects_offset_widescreen":"","sticky_effects_offset_laptop":"","sticky_anchor_link_offset_widescreen":"","sticky_anchor_link_offset_laptop":"","animation_widescreen":"","animation_laptop":"","_transform_rotateZ_effect_widescreen":{"unit":"deg","size":"","sizes":[]},"_transform_rotateZ_effect_laptop":{"unit":"deg","size":"","sizes":[]},"_transform_rotateX_effect_widescreen":{"unit":"deg","size":"","sizes":[]},"_transform_rotateX_effect_laptop":{"unit":"deg","size":"","sizes":[]},"_transform_rotateY_effect_widescreen":{"unit":"deg","size":"","sizes":[]},"_transform_rotateY_effect_laptop":{"unit":"deg","size":"","sizes":[]},"_transform_perspective_effect_widescreen":{"unit":"px","size":"","sizes":[]},"_transform_perspective_effect_laptop":{"unit":"px","size":"","sizes":[]},"_transform_translateX_effect_widescreen":{"unit":"px","size":"","sizes":[]},"_transform_translateX_effect_laptop":{"unit":"px","size":"","sizes":[]},"_transform_translateY_effect_widescreen":{"unit":"px","size":"","sizes":[]},"_transform_translateY_effect_laptop":{"unit":"px","size":"","sizes":[]},"_transform_scale_effect_widescreen":{"unit":"px","size":"","sizes":[]},"_transform_scale_effect_laptop":{"unit":"px","size":"","sizes":[]},"_transform_scaleX_effect_widescreen":{"unit":"px","size":"","sizes":[]},"_transform_scaleX_effect_laptop":{"unit":"px","size":"","sizes":[]},"_transform_scaleY_effect_widescreen":{"unit":"px","size":"","sizes":[]},"_transform_scaleY_effect_laptop":{"unit":"px","size":"","sizes":[]},"_transform_skewX_effect_widescreen":{"unit":"deg","size":"","sizes":[]},"_transform_skewX_effect_laptop":{"unit":"deg","size":"","sizes":[]},"_transform_skewY_effect_widescreen":{"unit":"deg","size":"","sizes":[]},"_transform_skewY_effect_laptop":{"unit":"deg","size":"","sizes":[]},"_transform_rotateZ_effect_hover_widescreen":{"unit":"deg","size":"","sizes":[]},"_transform_rotateZ_effect_hover_laptop":{"unit":"deg","size":"","sizes":[]},"_transform_rotateX_effect_hover_widescreen":{"unit":"deg","size":"","sizes":[]},"_transform_rotateX_effect_hover_laptop":{"unit":"deg","size":"","sizes":[]},"_transform_rotateY_effect_hover_widescreen":{"unit":"deg","size":"","sizes":[]},"_transform_rotateY_effect_hover_laptop":{"unit":"deg","size":"","sizes":[]},"_transform_perspective_effect_hover_widescreen":{"unit":"px","size":"","sizes":[]},"_transform_perspective_effect_hover_laptop":{"unit":"px","size":"","sizes":[]},"_transform_translateX_effect_hover_widescreen":{"unit":"px","size":"","sizes":[]},"_transform_translateX_effect_hover_laptop":{"unit":"px","size":"","sizes":[]},"_transform_translateY_effect_hover_widescreen":{"unit":"px","size":"","sizes":[]},"_transform_translateY_effect_hover_laptop":{"unit":"px","size":"","sizes":[]},"_transform_scale_effect_hover_widescreen":{"unit":"px","size":"","sizes":[]},"_transform_scale_effect_hover_laptop":{"unit":"px","size":"","sizes":[]},"_transform_scaleX_effect_hover_widescreen":{"unit":"px","size":"","sizes":[]},"_transform_scaleX_effect_hover_laptop":{"unit":"px","size":"","sizes":[]},"_transform_scaleY_effect_hover_widescreen":{"unit":"px","size":"","sizes":[]},"_transform_scaleY_effect_hover_laptop":{"unit":"px","size":"","sizes":[]},"_transform_skewX_effect_hover_widescreen":{"unit":"deg","size":"","sizes":[]},"_transform_skewX_effect_hover_laptop":{"unit":"deg","size":"","sizes":[]},"_transform_skewY_effect_hover_widescreen":{"unit":"deg","size":"","sizes":[]},"_transform_skewY_effect_hover_laptop":{"unit":"deg","size":"","sizes":[]},"motion_fx_transform_x_anchor_point_widescreen":"","motion_fx_transform_x_anchor_point_laptop":"","motion_fx_transform_y_anchor_point_widescreen":"","motion_fx_transform_y_anchor_point_laptop":"","hide_widescreen":"","hide_laptop":"","width_mobile":{"unit":"px","size":100,"sizes":[]},"min_height_mobile":{"unit":"px","size":40,"sizes":[]}},"elements":[{"id":"3cf545b7","settings":{"image":{"id":123,"url":"https:\/\/ivory-viper-747903.hostingersite.com\/wp-content\/uploads\/2025\/06\/Untitled-design-4.svg","alt":"","source":"library","size":""},"width":{"unit":"%","size":80,"sizes":[]},"_element_width":"inherit","_element_custom_width":{"unit":"%","size":21,"sizes":[]},"_offset_orientation_h":"end","_offset_x_end":{"unit":"px","size":14,"sizes":[]},"_offset_y":{"unit":"px","size":5,"sizes":[]},"align":"left","align_widescreen":"","align_laptop":"","width_widescreen":{"unit":"px","size":"","sizes":[]},"width_laptop":{"unit":"px","size":"","sizes":[]},"space_widescreen":{"unit":"px","size":"","sizes":[]},"space_laptop":{"unit":"px","size":"","sizes":[]},"height_widescreen":{"unit":"px","size":"","sizes":[]},"height_laptop":{"unit":"px","size":"","sizes":[]},"object-fit_widescreen":"","object-fit_laptop":"","object-position_widescreen":"","object-position_laptop":"","image_border_width_widescreen":{"unit":"px","top":"","right":"","bottom":"","left":"","isLinked":true},"image_border_width_laptop":{"unit":"px","top":"","right":"","bottom":"","left":"","isLinked":true},"image_border_radius_widescreen":{"unit":"px","top":"","right":"","bottom":"","left":"","isLinked":true},"image_border_radius_laptop":{"unit":"px","top":"","right":"","bottom":"","left":"","isLinked":true},"caption_align_widescreen":"","caption_align_laptop":"","caption_typography_font_size_widescreen":{"unit":"px","size":"","sizes":[]},"caption_typography_font_size_laptop":{"unit":"px","size":"","sizes":[]},"caption_typography_line_height_widescreen":{"unit":"px","size":"","sizes":[]},"caption_typography_line_height_laptop":{"unit":"px","size":"","sizes":[]},"caption_typography_letter_spacing_widescreen":{"unit":"px","size":"","sizes":[]},"caption_typography_letter_spacing_laptop":{"unit":"px","size":"","sizes":[]},"caption_typography_word_spacing_widescreen":{"unit":"px","size":"","sizes":[]},"caption_typography_word_spacing_laptop":{"unit":"px","size":"","sizes":[]},"caption_space_widescreen":{"unit":"px","size":"","sizes":[]},"caption_space_laptop":{"unit":"px","size":"","sizes":[]},"_margin_widescreen":{"unit":"px","top":"","right":"","bottom":"","left":"","isLinked":true},"_margin_laptop":{"unit":"px","top":"","right":"","bottom":"","left":"","isLinked":true},"_padding_widescreen":{"unit":"px","top":"","right":"","bottom":"","left":"","isLinked":true},"_padding_laptop":{"unit":"px","top":"","right":"","bottom":"","left":"","isLinked":true},"_element_width_widescreen":"","_element_width_laptop":"","_element_custom_width_widescreen":{"unit":"px","size":"","sizes":[]},"_element_custom_width_laptop":{"unit":"px","size":"","sizes":[]},"_grid_column_widescreen":"","_grid_column_laptop":"","_grid_column_custom_widescreen":"","_grid_column_custom_laptop":"","_grid_row_widescreen":"","_grid_row_laptop":"","_grid_row_custom_widescreen":"","_grid_row_custom_laptop":"","_flex_align_self_widescreen":"","_flex_align_self_laptop":"","_flex_order_widescreen":"","_flex_order_laptop":"","_flex_order_custom_widescreen":"","_flex_order_custom_laptop":"","_flex_size_widescreen":"","_flex_size_laptop":"","_flex_grow_widescreen":"","_flex_grow_laptop":"","_flex_shrink_widescreen":"","_flex_shrink_laptop":"","_element_vertical_align_widescreen":"","_element_vertical_align_laptop":"","_offset_x_widescreen":{"unit":"px","size":"","sizes":[]},"_offset_x_laptop":{"unit":"px","size":"","sizes":[]},"_offset_x_end_widescreen":{"unit":"px","size":"","sizes":[]},"_offset_x_end_laptop":{"unit":"px","size":"","sizes":[]},"_offset_y_widescreen":{"unit":"px","size":"","sizes":[]},"_offset_y_laptop":{"unit":"px","size":"","sizes":[]},"_offset_y_end_widescreen":{"unit":"px","size":"","sizes":[]},"_offset_y_end_laptop":{"unit":"px","size":"","sizes":[]},"_z_index_widescreen":"","_z_index_laptop":"","motion_fx_devices":["widescreen","desktop","laptop","tablet","mobile"],"sticky_on":["widescreen","desktop","laptop","tablet","mobile"],"sticky_offset_widescreen":"","sticky_offset_laptop":"","sticky_effects_offset_widescreen":"","sticky_effects_offset_laptop":"","sticky_anchor_link_offset_widescreen":"","sticky_anchor_link_offset_laptop":"","_animation_widescreen":"","_animation_laptop":"","_transform_rotateZ_effect_widescreen":{"unit":"deg","size":"","sizes":[]},"_transform_rotateZ_effect_laptop":{"unit":"deg","size":"","sizes":[]},"_transform_rotateX_effect_widescreen":{"unit":"deg","size":"","sizes":[]},"_transform_rotateX_effect_laptop":{"unit":"deg","size":"","sizes":[]},"_transform_rotateY_effect_widescreen":{"unit":"deg","size":"","sizes":[]},"_transform_rotateY_effect_laptop":{"unit":"deg","size":"","sizes":[]},"_transform_perspective_effect_widescreen":{"unit":"px","size":"","sizes":[]},"_transform_perspective_effect_laptop":{"unit":"px","size":"","sizes":[]},"_transform_translateX_effect_widescreen":{"unit":"px","size":"","sizes":[]},"_transform_translateX_effect_laptop":{"unit":"px","size":"","sizes":[]},"_transform_translateY_effect_widescreen":{"unit":"px","size":"","sizes":[]},"_transform_translateY_effect_laptop":{"unit":"px","size":"","sizes":[]},"_transform_scale_effect_widescreen":{"unit":"px","size":"","sizes":[]},"_transform_scale_effect_laptop":{"unit":"px","size":"","sizes":[]},"_transform_scaleX_effect_widescreen":{"unit":"px","size":"","sizes":[]},"_transform_scaleX_effect_laptop":{"unit":"px","size":"","sizes":[]},"_transform_scaleY_effect_widescreen":{"unit":"px","size":"","sizes":[]},"_transform_scaleY_effect_laptop":{"unit":"px","size":"","sizes":[]},"_transform_skewX_effect_widescreen":{"unit":"deg","size":"","sizes":[]},"_transform_skewX_effect_laptop":{"unit":"deg","size":"","sizes":[]},"_transform_skewY_effect_widescreen":{"unit":"deg","size":"","sizes":[]},"_transform_skewY_effect_laptop":{"unit":"deg","size":"","sizes":[]},"_transform_rotateZ_effect_hover_widescreen":{"unit":"deg","size":"","sizes":[]},"_transform_rotateZ_effect_hover_laptop":{"unit":"deg","size":"","sizes":[]},"_transform_rotateX_effect_hover_widescreen":{"unit":"deg","size":"","sizes":[]},"_transform_rotateX_effect_hover_laptop":{"unit":"deg","size":"","sizes":[]},"_transform_rotateY_effect_hover_widescreen":{"unit":"deg","size":"","sizes":[]},"_transform_rotateY_effect_hover_laptop":{"unit":"deg","size":"","sizes":[]},"_transform_perspective_effect_hover_widescreen":{"unit":"px","size":"","sizes":[]},"_transform_perspective_effect_hover_laptop":{"unit":"px","size":"","sizes":[]},"_transform_translateX_effect_hover_widescreen":{"unit":"px","size":"","sizes":[]},"_transform_translateX_effect_hover_laptop":{"unit":"px","size":"","sizes":[]},"_transform_translateY_effect_hover_widescreen":{"unit":"px","size":"","sizes":[]},"_transform_translateY_effect_hover_laptop":{"unit":"px","size":"","sizes":[]},"_transform_scale_effect_hover_widescreen":{"unit":"px","size":"","sizes":[]},"_transform_scale_effect_hover_laptop":{"unit":"px","size":"","sizes":[]},"_transform_scaleX_effect_hover_widescreen":{"unit":"px","size":"","sizes":[]},"_transform_scaleX_effect_hover_laptop":{"unit":"px","size":"","sizes":[]},"_transform_scaleY_effect_hover_widescreen":{"unit":"px","size":"","sizes":[]},"_transform_scaleY_effect_hover_laptop":{"unit":"px","size":"","sizes":[]},"_transform_skewX_effect_hover_widescreen":{"unit":"deg","size":"","sizes":[]},"_transform_skewX_effect_hover_laptop":{"unit":"deg","size":"","sizes":[]},"_transform_skewY_effect_hover_widescreen":{"unit":"deg","size":"","sizes":[]},"_transform_skewY_effect_hover_laptop":{"unit":"deg","size":"","sizes":[]},"motion_fx_transform_x_anchor_point_widescreen":"","motion_fx_transform_x_anchor_point_laptop":"","motion_fx_transform_y_anchor_point_widescreen":"","motion_fx_transform_y_anchor_point_laptop":"","_background_color_stop_widescreen":{"unit":"%"},"_background_color_stop_laptop":{"unit":"%"},"_background_color_b_stop_widescreen":{"unit":"%"},"_background_color_b_stop_laptop":{"unit":"%"},"_background_gradient_angle_widescreen":{"unit":"deg"},"_background_gradient_angle_laptop":{"unit":"deg"},"_background_gradient_position_widescreen":"","_background_gradient_position_laptop":"","_background_image_widescreen":{"url":"","id":"","size":""},"_background_image_laptop":{"url":"","id":"","size":""},"_background_position_widescreen":"","_background_position_laptop":"","_background_xpos_widescreen":{"unit":"px","size":"","sizes":[]},"_background_xpos_laptop":{"unit":"px","size":"","sizes":[]},"_background_ypos_widescreen":{"unit":"px","size":"","sizes":[]},"_background_ypos_laptop":{"unit":"px","size":"","sizes":[]},"_background_repeat_widescreen":"","_background_repeat_laptop":"","_background_size_widescreen":"","_background_size_laptop":"","_background_bg_width_widescreen":{"unit":"px","size":"","sizes":[]},"_background_bg_width_laptop":{"unit":"px","size":"","sizes":[]},"_background_slideshow_background_size_widescreen":"","_background_slideshow_background_size_laptop":"","_background_slideshow_background_position_widescreen":"","_background_slideshow_background_position_laptop":"","_background_hover_color_stop_widescreen":{"unit":"%"},"_background_hover_color_stop_laptop":{"unit":"%"},"_background_hover_color_b_stop_widescreen":{"unit":"%"},"_background_hover_color_b_stop_laptop":{"unit":"%"},"_background_hover_gradient_angle_widescreen":{"unit":"deg"},"_background_hover_gradient_angle_laptop":{"unit":"deg"},"_background_hover_gradient_position_widescreen":"","_background_hover_gradient_position_laptop":"","_background_hover_image_widescreen":{"url":"","id":"","size":""},"_background_hover_image_laptop":{"url":"","id":"","size":""},"_background_hover_position_widescreen":"","_background_hover_position_laptop":"","_background_hover_xpos_widescreen":{"unit":"px","size":"","sizes":[]},"_background_hover_xpos_laptop":{"unit":"px","size":"","sizes":[]},"_background_hover_ypos_widescreen":{"unit":"px","size":"","sizes":[]},"_background_hover_ypos_laptop":{"unit":"px","size":"","sizes":[]},"_background_hover_repeat_widescreen":"","_background_hover_repeat_laptop":"","_background_hover_size_widescreen":"","_background_hover_size_laptop":"","_background_hover_bg_width_widescreen":{"unit":"px","size":"","sizes":[]},"_background_hover_bg_width_laptop":{"unit":"px","size":"","sizes":[]},"_background_hover_slideshow_background_size_widescreen":"","_background_hover_slideshow_background_size_laptop":"","_background_hover_slideshow_background_position_widescreen":"","_background_hover_slideshow_background_position_laptop":"","_border_width_widescreen":{"unit":"px","top":"","right":"","bottom":"","left":"","isLinked":true},"_border_width_laptop":{"unit":"px","top":"","right":"","bottom":"","left":"","isLinked":true},"_border_radius_widescreen":{"unit":"px","top":"","right":"","bottom":"","left":"","isLinked":true},"_border_radius_laptop":{"unit":"px","top":"","right":"","bottom":"","left":"","isLinked":true},"_border_hover_width_widescreen":{"unit":"px","top":"","right":"","bottom":"","left":"","isLinked":true},"_border_hover_width_laptop":{"unit":"px","top":"","right":"","bottom":"","left":"","isLinked":true},"_border_radius_hover_widescreen":{"unit":"px","top":"","right":"","bottom":"","left":"","isLinked":true},"_border_radius_hover_laptop":{"unit":"px","top":"","right":"","bottom":"","left":"","isLinked":true},"_mask_size_widescreen":"","_mask_size_laptop":"","_mask_size_scale_widescreen":{"unit":"px","size":"","sizes":[]},"_mask_size_scale_laptop":{"unit":"px","size":"","sizes":[]},"_mask_position_widescreen":"","_mask_position_laptop":"","_mask_position_x_widescreen":{"unit":"px","size":"","sizes":[]},"_mask_position_x_laptop":{"unit":"px","size":"","sizes":[]},"_mask_position_y_widescreen":{"unit":"px","size":"","sizes":[]},"_mask_position_y_laptop":{"unit":"px","size":"","sizes":[]},"_mask_repeat_widescreen":"","_mask_repeat_laptop":"","hide_widescreen":"","hide_laptop":"","_margin":{"unit":"px","top":"0","right":"0","bottom":"0","left":"10","isLinked":false},"width_mobile":{"unit":"%","size":70,"sizes":[]},"image_size":"full","align_mobile":"center","_margin_mobile":{"unit":"px","top":"0","right":"0","bottom":"0","left":"0","isLinked":false}},"elements":[],"isInner":false,"widgetType":"image","elType":"widget"}],"isInner":true,"elType":"container"}],"isInner":true,"elType":"container"},{"id":"6874557a","settings":{"text":"Explore","typography_typography":"custom","typography_font_family":"Cabin","typography_font_size":{"unit":"px","size":16,"sizes":[]},"typography_font_weight":"400","button_text_color":"#000000","background_color":"#F8F8F8","border_radius":{"unit":"px","top":"15","right":"0","bottom":"0","left":"0","isLinked":false},"_position":"absolute","_offset_orientation_h":"end","_offset_orientation_v":"end","_z_index":999,"custom_css":"selector::before {\r\n    BORDER-RADIUS: 0px 0px 50px 0px;\r\n    content: ''; position: absolute;\r\n    background-color: transparent;\r\n    box-shadow: 0 0 0 50px #F6F6F6, 0 0 0 0 #000;\r\n    pointer-events: none; clip-path: inset(0);\r\n    width: 20px;\r\n    height: 20px;\r\n    bottom: 0;\r\n    left: -20px;\r\n    \r\n    \r\n}\r\n\r\nselector::after {\r\n  \r\nBORDER-RADIUS: 0px 0px 50px 0px;\r\n    content: ''; \r\n    position: absolute;\r\n    background-color: transparent;\r\n    box-shadow: 0 0 0 50px #F6F6F6, 0 0 0 0 #000;\r\n    pointer-events: none; clip-path: inset(0);\r\n    width: 20px;\r\n    height: 20px;\r\n    top: -20px;\r\n    right: 0px;\r\n    \r\n}","typography_font_size_widescreen":{"unit":"px","size":18,"sizes":[]},"text_padding":{"unit":"px","top":"15","right":"30","bottom":"15","left":"30","isLinked":false},"text_padding_widescreen":{"unit":"px","top":"15","right":"30","bottom":"15","left":"30","isLinked":false},"_offset_x_end":{"size":13,"unit":"px"},"_offset_y_end":{"size":-2,"unit":"px"},"background_gradient_notice":"","button_background_hover_gradient_notice":"","_position_description":"","jkit_transform_rotate":{"unit":"px","size":"","sizes":[]},"jkit_transform_rotate_tablet":{"unit":"px","size":"","sizes":[]},"jkit_transform_rotate_mobile":{"unit":"px","size":"","sizes":[]},"jkit_glass_blur_level":{"unit":"px","size":"","sizes":[]},"jkit_glass_blur_level_tablet":{"unit":"px","size":"","sizes":[]},"jkit_glass_blur_level_mobile":{"unit":"px","size":"","sizes":[]},"jet_family_widget_is_order_orientaion":"false","jet_family_widget_order_orientaion":"","jet_family_widget_order_orientaion_tablet":"","jet_family_widget_order_orientaion_mobile":"","jet_family_widget_is_flex_basis":"false","jet_family_widget_flex_basis":{"unit":"px","size":0,"sizes":[]},"jet_family_widget_flex_basis_tablet":{"unit":"px","size":"","sizes":[]},"jet_family_widget_flex_basis_mobile":{"unit":"px","size":"","sizes":[]},"jet_attached_popup":"","jet_trigger_type":"click-self","jet_trigger_custom_selector":"","_background_gradient_notice":"","_background_hover_gradient_notice":"","align_widescreen":"","align_laptop":"","content_align_widescreen":"","content_align_laptop":"","typography_font_size_laptop":{"unit":"px","size":"","sizes":[]},"typography_line_height_widescreen":{"unit":"px","size":"","sizes":[]},"typography_line_height_laptop":{"unit":"px","size":"","sizes":[]},"typography_letter_spacing_widescreen":{"unit":"px","size":"","sizes":[]},"typography_letter_spacing_laptop":{"unit":"px","size":"","sizes":[]},"typography_word_spacing_widescreen":{"unit":"px","size":"","sizes":[]},"typography_word_spacing_laptop":{"unit":"px","size":"","sizes":[]},"background_color_stop_widescreen":{"unit":"%"},"background_color_stop_laptop":{"unit":"%"},"background_color_b_stop_widescreen":{"unit":"%"},"background_color_b_stop_laptop":{"unit":"%"},"background_gradient_angle_widescreen":{"unit":"deg"},"background_gradient_angle_laptop":{"unit":"deg"},"background_gradient_position_widescreen":"","background_gradient_position_laptop":"","background_position_widescreen":"","background_position_laptop":"","background_xpos_widescreen":{"unit":"px","size":"","sizes":[]},"background_xpos_laptop":{"unit":"px","size":"","sizes":[]},"background_ypos_widescreen":{"unit":"px","size":"","sizes":[]},"background_ypos_laptop":{"unit":"px","size":"","sizes":[]},"background_repeat_widescreen":"","background_repeat_laptop":"","background_size_widescreen":"","background_size_laptop":"","background_bg_width_widescreen":{"unit":"px","size":"","sizes":[]},"background_bg_width_laptop":{"unit":"px","size":"","sizes":[]},"background_slideshow_background_size_widescreen":"","background_slideshow_background_size_laptop":"","background_slideshow_background_position_widescreen":"","background_slideshow_background_position_laptop":"","button_background_hover_color_stop_widescreen":{"unit":"%"},"button_background_hover_color_stop_laptop":{"unit":"%"},"button_background_hover_color_b_stop_widescreen":{"unit":"%"},"button_background_hover_color_b_stop_laptop":{"unit":"%"},"button_background_hover_gradient_angle_widescreen":{"unit":"deg"},"button_background_hover_gradient_angle_laptop":{"unit":"deg"},"button_background_hover_gradient_position_widescreen":"","button_background_hover_gradient_position_laptop":"","button_background_hover_position_widescreen":"","button_background_hover_position_laptop":"","button_background_hover_xpos_widescreen":{"unit":"px","size":"","sizes":[]},"button_background_hover_xpos_laptop":{"unit":"px","size":"","sizes":[]},"button_background_hover_ypos_widescreen":{"unit":"px","size":"","sizes":[]},"button_background_hover_ypos_laptop":{"unit":"px","size":"","sizes":[]},"button_background_hover_repeat_widescreen":"","button_background_hover_repeat_laptop":"","button_background_hover_size_widescreen":"","button_background_hover_size_laptop":"","button_background_hover_bg_width_widescreen":{"unit":"px","size":"","sizes":[]},"button_background_hover_bg_width_laptop":{"unit":"px","size":"","sizes":[]},"button_background_hover_slideshow_background_size_widescreen":"","button_background_hover_slideshow_background_size_laptop":"","button_background_hover_slideshow_background_position_widescreen":"","button_background_hover_slideshow_background_position_laptop":"","border_width_widescreen":{"unit":"px","top":"","right":"","bottom":"","left":"","isLinked":true},"border_width_laptop":{"unit":"px","top":"","right":"","bottom":"","left":"","isLinked":true},"border_radius_widescreen":{"unit":"px","top":"","right":"","bottom":"","left":"","isLinked":true},"border_radius_laptop":{"unit":"px","top":"","right":"","bottom":"","left":"","isLinked":true},"text_padding_laptop":{"unit":"px","top":"","right":"","bottom":"","left":"","isLinked":true},"_margin_widescreen":{"unit":"px","top":"","right":"","bottom":"","left":"","isLinked":true},"_margin_laptop":{"unit":"px","top":"","right":"","bottom":"","left":"","isLinked":true},"_padding_widescreen":{"unit":"px","top":"","right":"","bottom":"","left":"","isLinked":true},"_padding_laptop":{"unit":"px","top":"","right":"","bottom":"","left":"","isLinked":true},"_element_width_widescreen":"","_element_width_laptop":"","_element_custom_width_widescreen":{"unit":"px","size":"","sizes":[]},"_element_custom_width_laptop":{"unit":"px","size":"","sizes":[]},"_grid_column_widescreen":"","_grid_column_laptop":"","_grid_column_custom_widescreen":"","_grid_column_custom_laptop":"","_grid_row_widescreen":"","_grid_row_laptop":"","_grid_row_custom_widescreen":"","_grid_row_custom_laptop":"","_flex_align_self_widescreen":"","_flex_align_self_laptop":"","_flex_order_widescreen":"","_flex_order_laptop":"","_flex_order_custom_widescreen":"","_flex_order_custom_laptop":"","_flex_size_widescreen":"","_flex_size_laptop":"","_flex_grow_widescreen":"","_flex_grow_laptop":"","_flex_shrink_widescreen":"","_flex_shrink_laptop":"","_element_vertical_align_widescreen":"","_element_vertical_align_laptop":"","_offset_x_widescreen":{"unit":"px","size":"","sizes":[]},"_offset_x_laptop":{"unit":"px","size":"","sizes":[]},"_offset_x_end_widescreen":{"unit":"px","size":"","sizes":[]},"_offset_x_end_laptop":{"unit":"px","size":"","sizes":[]},"_offset_y_widescreen":{"unit":"px","size":"","sizes":[]},"_offset_y_laptop":{"unit":"px","size":"","sizes":[]},"_offset_y_end_widescreen":{"unit":"px","size":"","sizes":[]},"_offset_y_end_laptop":{"unit":"px","size":"","sizes":[]},"_z_index_widescreen":"","_z_index_laptop":"","sticky_offset_widescreen":"","sticky_offset_laptop":"","sticky_effects_offset_widescreen":"","sticky_effects_offset_laptop":"","sticky_anchor_link_offset_widescreen":"","sticky_anchor_link_offset_laptop":"","_animation_widescreen":"","_animation_laptop":"","_transform_rotateZ_effect_widescreen":{"unit":"deg","size":"","sizes":[]},"_transform_rotateZ_effect_laptop":{"unit":"deg","size":"","sizes":[]},"_transform_rotateX_effect_widescreen":{"unit":"deg","size":"","sizes":[]},"_transform_rotateX_effect_laptop":{"unit":"deg","size":"","sizes":[]},"_transform_rotateY_effect_widescreen":{"unit":"deg","size":"","sizes":[]},"_transform_rotateY_effect_laptop":{"unit":"deg","size":"","sizes":[]},"_transform_perspective_effect_widescreen":{"unit":"px","size":"","sizes":[]},"_transform_perspective_effect_laptop":{"unit":"px","size":"","sizes":[]},"_transform_translateX_effect_widescreen":{"unit":"px","size":"","sizes":[]},"_transform_translateX_effect_laptop":{"unit":"px","size":"","sizes":[]},"_transform_translateY_effect_widescreen":{"unit":"px","size":"","sizes":[]},"_transform_translateY_effect_laptop":{"unit":"px","size":"","sizes":[]},"_transform_scale_effect_widescreen":{"unit":"px","size":"","sizes":[]},"_transform_scale_effect_laptop":{"unit":"px","size":"","sizes":[]},"_transform_scaleX_effect_widescreen":{"unit":"px","size":"","sizes":[]},"_transform_scaleX_effect_laptop":{"unit":"px","size":"","sizes":[]},"_transform_scaleY_effect_widescreen":{"unit":"px","size":"","sizes":[]},"_transform_scaleY_effect_laptop":{"unit":"px","size":"","sizes":[]},"_transform_skewX_effect_widescreen":{"unit":"deg","size":"","sizes":[]},"_transform_skewX_effect_laptop":{"unit":"deg","size":"","sizes":[]},"_transform_skewY_effect_widescreen":{"unit":"deg","size":"","sizes":[]},"_transform_skewY_effect_laptop":{"unit":"deg","size":"","sizes":[]},"_transform_rotateZ_effect_hover_widescreen":{"unit":"deg","size":"","sizes":[]},"_transform_rotateZ_effect_hover_laptop":{"unit":"deg","size":"","sizes":[]},"_transform_rotateX_effect_hover_widescreen":{"unit":"deg","size":"","sizes":[]},"_transform_rotateX_effect_hover_laptop":{"unit":"deg","size":"","sizes":[]},"_transform_rotateY_effect_hover_widescreen":{"unit":"deg","size":"","sizes":[]},"_transform_rotateY_effect_hover_laptop":{"unit":"deg","size":"","sizes":[]},"_transform_perspective_effect_hover_widescreen":{"unit":"px","size":"","sizes":[]},"_transform_perspective_effect_hover_laptop":{"unit":"px","size":"","sizes":[]},"_transform_translateX_effect_hover_widescreen":{"unit":"px","size":"","sizes":[]},"_transform_translateX_effect_hover_laptop":{"unit":"px","size":"","sizes":[]},"_transform_translateY_effect_hover_widescreen":{"unit":"px","size":"","sizes":[]},"_transform_translateY_effect_hover_laptop":{"unit":"px","size":"","sizes":[]},"_transform_scale_effect_hover_widescreen":{"unit":"px","size":"","sizes":[]},"_transform_scale_effect_hover_laptop":{"unit":"px","size":"","sizes":[]},"_transform_scaleX_effect_hover_widescreen":{"unit":"px","size":"","sizes":[]},"_transform_scaleX_effect_hover_laptop":{"unit":"px","size":"","sizes":[]},"_transform_scaleY_effect_hover_widescreen":{"unit":"px","size":"","sizes":[]},"_transform_scaleY_effect_hover_laptop":{"unit":"px","size":"","sizes":[]},"_transform_skewX_effect_hover_widescreen":{"unit":"deg","size":"","sizes":[]},"_transform_skewX_effect_hover_laptop":{"unit":"deg","size":"","sizes":[]},"_transform_skewY_effect_hover_widescreen":{"unit":"deg","size":"","sizes":[]},"_transform_skewY_effect_hover_laptop":{"unit":"deg","size":"","sizes":[]},"motion_fx_transform_x_anchor_point_widescreen":"","motion_fx_transform_x_anchor_point_laptop":"","motion_fx_transform_y_anchor_point_widescreen":"","motion_fx_transform_y_anchor_point_laptop":"","_background_color_stop_widescreen":{"unit":"%"},"_background_color_stop_laptop":{"unit":"%"},"_background_color_b_stop_widescreen":{"unit":"%"},"_background_color_b_stop_laptop":{"unit":"%"},"_background_gradient_angle_widescreen":{"unit":"deg"},"_background_gradient_angle_laptop":{"unit":"deg"},"_background_gradient_position_widescreen":"","_background_gradient_position_laptop":"","_background_image_widescreen":{"url":"","id":"","size":""},"_background_image_laptop":{"url":"","id":"","size":""},"_background_position_widescreen":"","_background_position_laptop":"","_background_xpos_widescreen":{"unit":"px","size":"","sizes":[]},"_background_xpos_laptop":{"unit":"px","size":"","sizes":[]},"_background_ypos_widescreen":{"unit":"px","size":"","sizes":[]},"_background_ypos_laptop":{"unit":"px","size":"","sizes":[]},"_background_repeat_widescreen":"","_background_repeat_laptop":"","_background_size_widescreen":"","_background_size_laptop":"","_background_bg_width_widescreen":{"unit":"px","size":"","sizes":[]},"_background_bg_width_laptop":{"unit":"px","size":"","sizes":[]},"_background_slideshow_background_size_widescreen":"","_background_slideshow_background_size_laptop":"","_background_slideshow_background_position_widescreen":"","_background_slideshow_background_position_laptop":"","_background_hover_color_stop_widescreen":{"unit":"%"},"_background_hover_color_stop_laptop":{"unit":"%"},"_background_hover_color_b_stop_widescreen":{"unit":"%"},"_background_hover_color_b_stop_laptop":{"unit":"%"},"_background_hover_gradient_angle_widescreen":{"unit":"deg"},"_background_hover_gradient_angle_laptop":{"unit":"deg"},"_background_hover_gradient_position_widescreen":"","_background_hover_gradient_position_laptop":"","_background_hover_image_widescreen":{"url":"","id":"","size":""},"_background_hover_image_laptop":{"url":"","id":"","size":""},"_background_hover_position_widescreen":"","_background_hover_position_laptop":"","_background_hover_xpos_widescreen":{"unit":"px","size":"","sizes":[]},"_background_hover_xpos_laptop":{"unit":"px","size":"","sizes":[]},"_background_hover_ypos_widescreen":{"unit":"px","size":"","sizes":[]},"_background_hover_ypos_laptop":{"unit":"px","size":"","sizes":[]},"_background_hover_repeat_widescreen":"","_background_hover_repeat_laptop":"","_background_hover_size_widescreen":"","_background_hover_size_laptop":"","_background_hover_bg_width_widescreen":{"unit":"px","size":"","sizes":[]},"_background_hover_bg_width_laptop":{"unit":"px","size":"","sizes":[]},"_background_hover_slideshow_background_size_widescreen":"","_background_hover_slideshow_background_size_laptop":"","_background_hover_slideshow_background_position_widescreen":"","_background_hover_slideshow_background_position_laptop":"","_border_width_widescreen":{"unit":"px","top":"","right":"","bottom":"","left":"","isLinked":true},"_border_width_laptop":{"unit":"px","top":"","right":"","bottom":"","left":"","isLinked":true},"_border_radius_widescreen":{"unit":"px","top":"","right":"","bottom":"","left":"","isLinked":true},"_border_radius_laptop":{"unit":"px","top":"","right":"","bottom":"","left":"","isLinked":true},"_border_hover_width_widescreen":{"unit":"px","top":"","right":"","bottom":"","left":"","isLinked":true},"_border_hover_width_laptop":{"unit":"px","top":"","right":"","bottom":"","left":"","isLinked":true},"_border_radius_hover_widescreen":{"unit":"px","top":"","right":"","bottom":"","left":"","isLinked":true},"_border_radius_hover_laptop":{"unit":"px","top":"","right":"","bottom":"","left":"","isLinked":true},"_mask_size_widescreen":"","_mask_size_laptop":"","_mask_size_scale_widescreen":{"unit":"px","size":"","sizes":[]},"_mask_size_scale_laptop":{"unit":"px","size":"","sizes":[]},"_mask_position_widescreen":"","_mask_position_laptop":"","_mask_position_x_widescreen":{"unit":"px","size":"","sizes":[]},"_mask_position_x_laptop":{"unit":"px","size":"","sizes":[]},"_mask_position_y_widescreen":{"unit":"px","size":"","sizes":[]},"_mask_position_y_laptop":{"unit":"px","size":"","sizes":[]},"_mask_repeat_widescreen":"","_mask_repeat_laptop":"","hide_widescreen":"","hide_laptop":"","selected_icon":{"value":" arrow_right-up","library":"skb_cife-elegant-icon"},"icon_align":"row-reverse","link":{"url":"https:\/\/ivory-viper-747903.hostingersite.com\/products","is_external":"","nofollow":"","custom_attributes":""},"hover_color":"#702D1D"},"elements":[],"isInner":false,"widgetType":"button","elType":"widget"}],"isInner":false,"elType":"container"}],"settings":{"hide_title":"yes"},"metadata":[]}