{"content":[{"id":"6c0a9a08","settings":{"flex_direction":"row","margin":{"unit":"px","top":"0","right":"0","bottom":"0","left":"0","isLinked":false},"padding":{"unit":"%","top":"2","right":"7","bottom":"5","left":"7","isLinked":false},"_title":"desktop header","background_background":"classic","background_color":"#31313100","padding_widescreen":{"unit":"%","top":"","right":"","bottom":"","left":"","isLinked":true},"padding_laptop":{"unit":"%","top":"4","right":"5","bottom":"4","left":"5","isLinked":false},"padding_tablet":{"unit":"%","top":"","right":"","bottom":"","left":"","isLinked":true},"padding_mobile":{"unit":"%","top":"","right":"","bottom":"","left":"","isLinked":true},"flex_justify_content":"space-between","flex_align_items":"center","hide_tablet":"hidden-tablet","hide_mobile":"hidden-mobile","z_index":999,"boxed_width":{"unit":"px","size":1400,"sizes":[]}},"elements":[{"id":"52650819","settings":{"image":{"id":42,"url":"https:\/\/ivory-viper-747903.hostingersite.com\/wp-content\/uploads\/2025\/06\/Brown-Minimalist-Elegant-Oak-Tree-Logo-e1750425686130.png","alt":"","source":"library","size":""},"align":"left","width":{"unit":"%","size":66,"sizes":[]},"_element_width":"initial","_element_custom_width":{"unit":"%","size":12,"sizes":[]},"link_to":"custom","__dynamic__":{"link":"[elementor-tag id=\"36fbd25\" name=\"site-url\" settings=\"%7B%7D\"]"}},"elements":[],"isInner":false,"widgetType":"image","elType":"widget"},{"id":"4d74c693","settings":{"menu_name":"Menu","menu":"menu","pointer":"none","menu_typography_typography":"custom","menu_typography_font_family":"Cabin","menu_typography_font_size":{"unit":"px","size":16,"sizes":[]},"menu_typography_font_weight":"400","color_menu_item":"#FFFFFF","color_menu_item_hover":"#000000","color_menu_item_active":"#000000","padding_horizontal_menu_item":{"unit":"px","size":14,"sizes":[]},"padding_vertical_menu_item":{"unit":"px","size":16,"sizes":[]},"menu_space_between":{"unit":"px","size":10,"sizes":[]},"_margin":{"unit":"px","top":"0","right":"0","bottom":"0","left":"0","isLinked":false},"_padding":{"unit":"px","top":"10","right":"10","bottom":"10","left":"10","isLinked":true},"_background_color":"#191919","_border_radius":{"unit":"px","top":"200","right":"200","bottom":"200","left":"200","isLinked":true},"_element_custom_width":{"unit":"%","size":60,"sizes":[]},"menu_typography_text_transform":"none","menu_typography_line_height":{"unit":"px","size":5,"sizes":[]},"menu_typography_letter_spacing":{"unit":"px","size":0.9,"sizes":[]},"menu_id":8},"elements":[],"isInner":false,"widgetType":"nav-menu","elType":"widget"},{"id":"31692e4","settings":{"text":"Shop now","selected_icon":{"value":" arrow_right-up","library":"skb_cife-elegant-icon"},"icon_align":"row-reverse","typography_typography":"custom","typography_font_family":"Cabin","typography_font_size":{"unit":"px","size":15,"sizes":[]},"typography_font_weight":"500","button_text_color":"#FFFFFF","background_color":"#702D1D","border_radius":{"unit":"px","top":"41","right":"41","bottom":"41","left":"41","isLinked":true},"text_padding":{"unit":"px","top":"10","right":"15","bottom":"10","left":"15","isLinked":false},"_margin":{"unit":"px","top":"0","right":"0","bottom":"0","left":"0","isLinked":false},"__dynamic__":[],"icon_indent":{"unit":"px","size":13,"sizes":[]},"align_tablet":"right","typography_font_size_tablet":{"unit":"px","size":16,"sizes":[]},"background_color_stop":{"unit":"%","size":42,"sizes":[]},"background_color_b":"#3D1E14","background_gradient_angle":{"unit":"deg","size":140,"sizes":[]},"hover_color":"#000000","text_padding_tablet":{"unit":"px","top":"10","right":"15","bottom":"10","left":"15","isLinked":false},"_element_width_tablet":"auto","_element_custom_width":{"unit":"%","size":26,"sizes":[]},"_element_custom_width_tablet":{"unit":"px","size":25,"sizes":[]},"hide_mobile":"hidden-mobile","__globals__":{"background_color":"","button_text_color":"","hover_color":"","button_background_hover_color":""},"background_background":"gradient","button_background_hover_color":"#FFFFFF","link":{"url":"https:\/\/ivory-viper-747903.hostingersite.com\/contact\/","is_external":"","nofollow":"","custom_attributes":""},"button_background_hover_background":"gradient","button_background_hover_color_b":"#FFFFFF"},"elements":[],"isInner":false,"widgetType":"button","elType":"widget"}],"isInner":false,"elType":"container"},{"id":"20cb47a7","settings":{"flex_direction":"row","flex_gap":{"unit":"px","size":0,"column":"0","row":"0","isLinked":true},"background_color":"#020101","margin":{"unit":"px","top":"0","right":"0","bottom":"0","left":"0","isLinked":false},"padding":{"unit":"px","top":"0","right":"0","bottom":"30","left":"0","isLinked":false},"z_index":999,"_title":"Menu Mobile + tablet","flex_wrap_mobile":"nowrap","margin_mobile":{"unit":"px","top":"0","right":"0","bottom":"0","left":"0","isLinked":false},"padding_mobile":{"unit":"px","top":"16","right":"0","bottom":"0","left":"0","isLinked":false},"sticky":"top","hide_widescreen":"hidden-widescreen","hide_desktop":"hidden-desktop","hide_laptop":"hidden-laptop","padding_tablet":{"unit":"%","top":"2","right":"2","bottom":"0","left":"3","isLinked":false},"z_index_mobile":1000,"z_index_tablet":99999},"elements":[{"id":"699fc63d","settings":{"flex_direction":"column","width":{"unit":"%","size":18},"flex_justify_content":"center","flex_align_items":"center","width_mobile":{"unit":"%","size":"","sizes":[]},"boxed_width_mobile":{"unit":"%","size":73,"sizes":[]},"flex_align_items_mobile":"flex-start","padding_mobile":{"unit":"px","top":"0","right":"0","bottom":"0","left":"0","isLinked":false},"margin_tablet":{"unit":"px","top":"0","right":"0","bottom":"0","left":"0","isLinked":false}},"elements":[{"id":"f686c00","settings":{"image":{"id":42,"url":"https:\/\/ivory-viper-747903.hostingersite.com\/wp-content\/uploads\/2025\/06\/Brown-Minimalist-Elegant-Oak-Tree-Logo-e1750425686130.png","alt":"","source":"library","size":""},"align":"left","width":{"unit":"%","size":100,"sizes":[]},"_element_width":"initial","_element_custom_width":{"unit":"%","size":12,"sizes":[]},"width_tablet":{"unit":"%","size":28,"sizes":[]},"width_mobile":{"unit":"%","size":73,"sizes":[]},"_element_width_tablet":"inherit","link_to":"custom","__dynamic__":{"link":"[elementor-tag id=\"6ec8d9f\" name=\"site-url\" settings=\"%7B%7D\"]"},"image_size":"full"},"elements":[],"isInner":false,"widgetType":"image","elType":"widget"}],"isInner":true,"elType":"container"},{"id":"2142aa76","settings":{"flex_direction":"column","content_width":"full","width":{"unit":"%","size":14},"flex_justify_content":"center","margin":{"unit":"px","top":"0","right":"0","bottom":"8","left":"-29","isLinked":false},"margin_mobile":{"unit":"px","top":"0","right":"0","bottom":"0","left":"0","isLinked":false},"padding_mobile":{"unit":"px","top":"0","right":"0","bottom":"0","left":"0","isLinked":false},"width_tablet":{"unit":"%","size":50,"sizes":[]},"width_mobile":{"unit":"%","size":58,"sizes":[]},"margin_tablet":{"unit":"px","top":"0","right":"0","bottom":"0","left":"0","isLinked":false}},"elements":[{"id":"1409c8d5","settings":{"text":"Buy a product","selected_icon":{"value":" arrow_right-up","library":"skb_cife-elegant-icon"},"icon_align":"row-reverse","align":"left","typography_typography":"custom","typography_font_family":"DM Sans","typography_font_size":{"unit":"px","size":14,"sizes":[]},"typography_font_weight":"500","typography_text_transform":"uppercase","typography_letter_spacing":{"unit":"px","size":1.5,"sizes":[]},"button_text_color":"#FFFFFF","background_color":"#FFFFFF00","border_radius":{"unit":"px","top":"30","right":"30","bottom":"30","left":"30","isLinked":true},"text_padding":{"unit":"px","top":"9","right":"17","bottom":"9","left":"17","isLinked":false},"_margin":{"unit":"px","top":"-4","right":"0","bottom":"0","left":"-6","isLinked":false},"_offset_orientation_h":"end","_offset_x_end":{"unit":"px","size":30,"sizes":[]},"_offset_y":{"unit":"px","size":390,"sizes":[]},"_transform_rotateZ_effect":{"unit":"px","size":90,"sizes":[]},"align_mobile":"right","typography_font_size_mobile":{"unit":"px","size":13,"sizes":[]},"border_radius_mobile":{"unit":"px","top":"0","right":"0","bottom":"0","left":"0","isLinked":false},"text_padding_mobile":{"unit":"px","top":"0","right":"0","bottom":"0","left":"0","isLinked":false},"_margin_mobile":{"unit":"px","top":"-3","right":"6","bottom":"0","left":"0","isLinked":false},"_margin_tablet":{"unit":"px","top":"0","right":"-14","bottom":"0","left":"0","isLinked":false},"hide_mobile":"hidden-mobile","align_tablet":"right","__dynamic__":[],"link":{"url":"https:\/\/ivory-viper-747903.hostingersite.com\/contact\/","is_external":"","nofollow":"","custom_attributes":""}},"elements":[],"isInner":false,"widgetType":"button","elType":"widget"}],"isInner":true,"elType":"container"},{"id":"28ce585a","settings":{"flex_direction":"column","content_width":"full","width":{"unit":"%","size":30},"flex_justify_content":"center","margin":{"unit":"px","top":"0","right":"0","bottom":"8","left":"0","isLinked":false},"width_mobile":{"unit":"%","size":45,"sizes":[]},"padding_mobile":{"unit":"px","top":"0","right":"0","bottom":"0","left":"0","isLinked":false},"width_tablet":{"unit":"%","size":11,"sizes":[]},"flex_justify_content_mobile":"center","flex_align_items_tablet":"flex-end","flex_align_items_mobile":"center","margin_mobile":{"unit":"px","top":"0","right":"0","bottom":"0","left":"0","isLinked":false}},"elements":[{"id":"3c0ffc3a","settings":{"menu_name":"Menu","menu":"menu","pointer":"none","menu_typography_typography":"custom","menu_typography_font_family":"DM Sans","menu_typography_font_size":{"unit":"px","size":16,"sizes":[]},"menu_typography_font_weight":"400","color_menu_item":"#FFFFFF","color_menu_item_hover":"#FFFFFF","color_menu_item_active":"#FFFFFF","padding_horizontal_menu_item":{"unit":"px","size":14,"sizes":[]},"padding_vertical_menu_item":{"unit":"px","size":16,"sizes":[]},"menu_space_between":{"unit":"px","size":10,"sizes":[]},"_margin":{"unit":"px","top":"0","right":"0","bottom":"0","left":"0","isLinked":false},"_padding":{"unit":"px","top":"10","right":"10","bottom":"10","left":"10","isLinked":true},"_background_background":"classic","_border_radius":{"unit":"px","top":"200","right":"200","bottom":"200","left":"200","isLinked":true},"toggle_color":"#000000","toggle_background_color":"#FFFFFF","toggle_border_width_tablet":{"unit":"px","size":0,"sizes":[]},"toggle_border_radius_tablet":{"unit":"px","size":100,"sizes":[]},"_margin_tablet":{"unit":"%","top":"0","right":"0","bottom":"0","left":"0","isLinked":false},"_margin_mobile":{"unit":"%","top":"0","right":"0","bottom":"0","left":"0","isLinked":false},"_padding_tablet":{"unit":"%","top":"0","right":"0","bottom":"0","left":"0","isLinked":false},"_padding_mobile":{"unit":"%","top":"","right":"","bottom":"","left":"","isLinked":true},"_element_custom_width":{"unit":"%","size":60,"sizes":[]},"_element_custom_width_tablet":{"unit":"px","size":155,"sizes":[]},"_offset_orientation_h":"end","_offset_x_end_tablet":{"unit":"%","size":5,"sizes":[]},"_offset_x_end_mobile":{"unit":"%","size":9,"sizes":[]},"_offset_y_tablet":{"unit":"%","size":30,"sizes":[]},"_offset_y_mobile":{"unit":"%","size":24,"sizes":[]},"_border_radius_tablet":{"unit":"px","top":"0","right":"0","bottom":"0","left":"0","isLinked":false},"toggle_align":"right","color_dropdown_item":"#000000","background_color_dropdown_item":"#F8F8F8","background_color_dropdown_item_hover":"#702D1D","background_color_dropdown_item_active":"#702D1D","dropdown_border_radius_tablet":{"unit":"px","top":"20","right":"20","bottom":"20","left":"20","isLinked":true},"padding_horizontal_dropdown_item_tablet":{"unit":"px","size":20,"sizes":[]},"padding_vertical_dropdown_item_tablet":{"unit":"px","size":21,"sizes":[]},"_element_width_tablet":"auto","align_items":"end","full_width":"stretch","menu_typography_text_transform":"uppercase","menu_typography_letter_spacing_mobile":{"unit":"px","size":1.6,"sizes":[]},"toggle_color_hover":"#FFFFFF","toggle_background_color_hover":"#702D1D","toggle_size_mobile":{"unit":"px","size":22,"sizes":[]},"_z_index_mobile":1000,"menu_id":8,"color_dropdown_item_hover":"#FFFFFF","color_dropdown_item_active":"#FFFFFF","dropdown_typography_typography":"custom","dropdown_typography_font_family":"Cabin","dropdown_typography_font_size_mobile":{"unit":"px","size":17,"sizes":[]},"dropdown_typography_font_weight":"500","dropdown_typography_text_transform":"none","dropdown_typography_font_style":"normal","padding_vertical_dropdown_item_mobile":{"unit":"px","size":15,"sizes":[]},"__globals__":{"background_color_dropdown_item":"","background_color_dropdown_item_hover":"","toggle_background_color_hover":""}},"elements":[],"isInner":false,"widgetType":"nav-menu","elType":"widget"}],"isInner":true,"elType":"container"}],"isInner":false,"elType":"container"},{"id":"41cde25f","settings":{"margin":{"unit":"px","top":"0","right":"0","bottom":"0","left":"0","isLinked":false},"padding":{"unit":"px","top":"0","right":"0","bottom":"0","left":"0","isLinked":false},"z_index":140,"_title":"Container","hide_tablet":"hidden-tablet","hide_mobile":"hidden-mobile"},"elements":[{"id":"6869ba0e","settings":{"html":"<style>\n\n\/*main menu area css start*\/\nnav.elementor-nav-menu--main ul li a:hover, nav.elementor-nav-menu--main ul li a.elementor-item.elementor-item-active {\n    background: #FFFFFF;\n    border-radius: 100px;\n}\n.elementor-menu-toggle {\n    padding: 8px;\n}\n\/*main menu area css end*\/\n\n<\/style>"},"elements":[],"isInner":false,"widgetType":"html","elType":"widget"}],"isInner":false,"elType":"container"}],"settings":[],"metadata":[]}