{"content":[{"id":"2cd8b64d","settings":{"flex_direction":"row","flex_gap":{"unit":"px","size":0,"column":"0","row":"0","isLinked":true},"content_width":"full","padding":{"unit":"px","top":"0","right":"50","bottom":"0","left":"50","isLinked":false},"background_image":{"url":"","id":"","size":""},"background_video_fallback":{"url":"","id":"","size":""},"background_slideshow_gallery":[],"background_hover_image":{"url":"","id":"","size":""},"background_hover_video_fallback":{"url":"","id":"","size":""},"background_hover_slideshow_gallery":[],"background_overlay_image":{"url":"","id":"","size":""},"background_overlay_video_fallback":{"url":"","id":"","size":""},"background_overlay_slideshow_gallery":[],"background_overlay_hover_image":{"url":"","id":"","size":""},"background_overlay_hover_video_fallback":{"url":"","id":"","size":""},"background_overlay_hover_slideshow_gallery":[]},"elements":[{"id":"38060ed2","settings":{"flex_direction":"column","content_width":"full","width":{"unit":"%","size":"50"},"background_image":{"url":"","id":"","size":""},"background_video_fallback":{"url":"","id":"","size":""},"background_slideshow_gallery":[],"background_hover_image":{"url":"","id":"","size":""},"background_hover_video_fallback":{"url":"","id":"","size":""},"background_hover_slideshow_gallery":[],"background_overlay_image":{"url":"","id":"","size":""},"background_overlay_video_fallback":{"url":"","id":"","size":""},"background_overlay_slideshow_gallery":[],"background_overlay_hover_image":{"url":"","id":"","size":""},"background_overlay_hover_video_fallback":{"url":"","id":"","size":""},"background_overlay_hover_slideshow_gallery":[]},"elements":[{"id":"4d393df","settings":{"content_width":"full","text":"Get Elementor template","link":{"url":"","is_external":"","nofollow":"","custom_attributes":""},"selected_icon":{"value":"fas fa-arrow-circle-right","library":"fa-solid"},"icon_align":"row-reverse","icon_indent":{"unit":"px","size":13,"sizes":[]},"align":"left","typography_typography":"custom","typography_font_family":"Montserrat","typography_font_size":{"unit":"px","size":14,"sizes":[]},"typography_font_weight":"600","button_text_color":"#FFFFFF","background_background":"gradient","background_color":"#61CE70","background_color_b":"#52ECA5","background_color_b_stop":{"unit":"%","size":54,"sizes":[]},"background_gradient_angle":{"unit":"deg","size":134,"sizes":[]},"hover_color":"#FFFFFF","button_background_hover_color":"#A0FFD3","button_hover_border_color":"#62FFB7","hover_animation":"grow","border_radius":{"unit":"px","top":"30","right":"30","bottom":"30","left":"30","isLinked":true},"_padding":{"unit":"px","top":"0","right":"0","bottom":"017","left":"0","isLinked":false},"_element_width":"inherit","background_video_fallback":{"url":"","id":"","size":""},"background_slideshow_gallery":[],"button_background_hover_video_fallback":{"url":"","id":"","size":""},"button_background_hover_slideshow_gallery":[],"_background_image":{"url":"","id":"","size":""},"_background_video_fallback":{"url":"","id":"","size":""},"_background_slideshow_gallery":[],"_background_hover_image":{"url":"","id":"","size":""},"_background_hover_video_fallback":{"url":"","id":"","size":""},"_background_hover_slideshow_gallery":[],"_mask_image":{"url":"","id":"","size":""}},"elements":[],"isInner":false,"widgetType":"button","elType":"widget"}],"isInner":true,"elType":"container"},{"id":"49182792","settings":{"flex_direction":"column","content_width":"full","width":{"unit":"%","size":"50"},"background_image":{"url":"","id":"","size":""},"background_video_fallback":{"url":"","id":"","size":""},"background_slideshow_gallery":[],"background_hover_image":{"url":"","id":"","size":""},"background_hover_video_fallback":{"url":"","id":"","size":""},"background_hover_slideshow_gallery":[],"background_overlay_image":{"url":"","id":"","size":""},"background_overlay_video_fallback":{"url":"","id":"","size":""},"background_overlay_slideshow_gallery":[],"background_overlay_hover_image":{"url":"","id":"","size":""},"background_overlay_hover_video_fallback":{"url":"","id":"","size":""},"background_overlay_hover_slideshow_gallery":[]},"elements":[{"id":"31195c21","settings":{"content_width":"full","text":"Made with \u2665 by Nicolai Palmkvist ","link":{"url":"https:\/\/www.youtube.com\/@nicopalmkvist","is_external":"on","nofollow":"","custom_attributes":""},"icon_align":"row-reverse","icon_indent":{"unit":"px","size":9,"sizes":[]},"align":"right","typography_typography":"custom","typography_font_family":"Montserrat","typography_font_size":{"unit":"px","size":14,"sizes":[]},"typography_font_weight":"600","button_text_color":"#000000","background_color":"#61CE7000","background_color_b":"#52ECA5","background_color_b_stop":{"unit":"%","size":54,"sizes":[]},"background_gradient_angle":{"unit":"deg","size":134,"sizes":[]},"button_background_hover_color":"#A0FFD300","button_hover_border_color":"#62FFB700","hover_animation":"grow","border_radius":{"unit":"px","top":"30","right":"30","bottom":"30","left":"30","isLinked":true},"_padding":{"unit":"px","top":"0","right":"0","bottom":"0","left":"0","isLinked":false},"_element_width":"inherit","__globals__":{"hover_color":"globals\/colors?id=7dbe488"},"selected_icon":{"value":"","library":""},"background_video_fallback":{"url":"","id":"","size":""},"background_slideshow_gallery":[],"button_background_hover_video_fallback":{"url":"","id":"","size":""},"button_background_hover_slideshow_gallery":[],"_background_image":{"url":"","id":"","size":""},"_background_video_fallback":{"url":"","id":"","size":""},"_background_slideshow_gallery":[],"_background_hover_image":{"url":"","id":"","size":""},"_background_hover_video_fallback":{"url":"","id":"","size":""},"_background_hover_slideshow_gallery":[],"_mask_image":{"url":"","id":"","size":""}},"elements":[],"isInner":false,"widgetType":"button","elType":"widget"}],"isInner":true,"elType":"container"}],"isInner":false,"elType":"container"}],"settings":{"hide_title":"yes","background_background":"classic","background_color":"#F8F9FA","__globals__":{"background_color":""},"background_image":{"url":"","id":"","size":""},"background_video_fallback":{"url":"","id":"","size":""},"background_slideshow_gallery":[]},"metadata":[]}