{"content":[{"id":"4fa9b8d6","settings":{"flex_direction":"row","content_width":"full","flex_align_items":"center","flex_gap":{"column":"0","row":"0","isLinked":true,"unit":"px","size":0},"background_background":"classic","background_color":"#02010100","padding":{"unit":"px","top":"4","right":"50","bottom":"20","left":"50","isLinked":false},"padding_tablet":{"unit":"px","top":"0","right":"0","bottom":"0","left":"0","isLinked":false},"padding_mobile":{"unit":"px","top":"20","right":"20","bottom":"20","left":"20","isLinked":true},"width_tablet":{"unit":"px","size":734,"sizes":[]}},"elements":[{"id":"1c0bcf03","settings":{"content_width":"full","text":"Get this Elementor template","link":{"url":"https:\/\/nicolaipalmkvist.com\/choose-your-plan\/","is_external":"on","nofollow":"","custom_attributes":""},"selected_icon":{"value":"fas fa-arrow-circle-right","library":"fa-solid"},"icon_align":"row-reverse","icon_indent":{"unit":"px","size":13,"sizes":[]},"align":"left","typography_typography":"custom","typography_font_family":"Montserrat","typography_font_size":{"unit":"px","size":14,"sizes":[]},"typography_font_weight":"600","button_text_color":"#FFFFFF","background_background":"gradient","background_color":"#61CE70","background_color_b":"#52ECA5","background_color_b_stop":{"unit":"%","size":54,"sizes":[]},"background_gradient_angle":{"unit":"deg","size":134,"sizes":[]},"hover_color":"#FFFFFF","button_background_hover_color":"#A0FFD3","button_hover_border_color":"#62FFB7","hover_animation":"grow","border_border":"solid","border_width":{"unit":"px","top":"1","right":"1","bottom":"1","left":"1","isLinked":true},"border_color":"#A0FFD300","border_radius":{"unit":"px","top":"30","right":"30","bottom":"30","left":"30","isLinked":true},"_padding":{"unit":"px","top":"5","right":"0","bottom":"5","left":"0","isLinked":false},"_element_width":"inherit","sticky":"bottom","align_tablet":"left","align_mobile":"center","_padding_mobile":{"unit":"px","top":"0","right":"0","bottom":"7","left":"0","isLinked":false},"_padding_tablet":{"unit":"px","top":"10","right":"0","bottom":"10","left":"0","isLinked":false}},"elements":[],"isInner":false,"widgetType":"button","elType":"widget"}],"isInner":false,"elType":"container"}],"settings":{"width":{"unit":"vw","size":100,"sizes":[]},"horizontal_position":"left","vertical_position":"bottom","overlay":"","close_button":"","entrance_animation_duration":{"unit":"px","size":1,"sizes":[]},"background_background":"classic","background_color":"#02010100","border_border":"none","border_radius":{"unit":"px","top":"0","right":"0","bottom":"0","left":"0","isLinked":true},"box_shadow_box_shadow_type":"","overlay_background_color":"#02010147","close_button_vertical":{"unit":"%","size":0,"sizes":[]},"close_button_horizontal":{"unit":"%","size":1.5,"sizes":[]},"close_button_color":"#1C244B00","close_button_background_color":"#02010100","close_button_hover_color":"#467FF7","icon_size":{"unit":"px","size":20,"sizes":[]},"prevent_close_on_background_click":"yes","prevent_close_on_esc_key":"yes","width_tablet":{"unit":"vw","size":"","sizes":[]},"width_mobile":{"unit":"vw","size":"","sizes":[]},"close_button_vertical_mobile":{"unit":"%","size":2,"sizes":[]},"close_button_horizontal_mobile":{"unit":"%","size":3,"sizes":[]},"icon_size_tablet":{"unit":"px","size":29,"sizes":[]},"icon_size_mobile":{"unit":"px","size":22,"sizes":[]},"__globals__":{"close_button_hover_color":"globals\/colors?id=accent","overlay_background_color":"","close_button_color":"globals\/colors?id=primary"},"horizontal_position_tablet":"left","vertical_position_tablet":"bottom","vertical_position_mobile":"bottom"},"metadata":[],"display_settings":{"triggers":{"scrolling":"yes","scrolling_direction":"down","scrolling_offset":50},"timing":[]}}