{"content":[{"id":"74ffc3f1","settings":{"content_width":"full","padding":{"unit":"px","top":"0","right":"50","bottom":"0","left":"50","isLinked":false},"custom_css":"selector{\n  scroll-behavior: auto !important;\n}","min_height":{"unit":"px","size":400,"sizes":[]},"shape_divider_top_color":"#FA5353","shape_divider_top_height":{"unit":"px","size":259,"sizes":[]},"background_background":"classic","border_radius":{"unit":"px","top":"0","right":"0","bottom":"0","left":"0","isLinked":true},"__globals__":{"background_color":"globals\/colors?id=286a5b8"},"padding_mobile":{"unit":"px","top":"0","right":"20","bottom":"0","left":"20","isLinked":false},"border_radius_tablet":{"unit":"px","top":"0","right":"0","bottom":"0","left":"0","isLinked":false},"padding_tablet":{"unit":"px","top":"0","right":"0","bottom":"0","left":"0","isLinked":false}},"elements":[{"id":"2028a6b4","settings":{"flex_direction":"row","background_background":"classic","background_color":"#2E4D71","boxed_width":{"unit":"px","size":1200,"sizes":[]},"flex_gap":{"column":"20","row":"20","isLinked":true,"unit":"px","size":20},"padding":{"unit":"px","top":"0","right":"0","bottom":"50","left":"0","isLinked":false},"css_classes":"gallery","background_image_mobile":{"url":"","id":"","size":"","alt":"","source":"library"},"background_position_mobile":"center center","background_repeat_mobile":"no-repeat","background_size_mobile":"cover","padding_mobile":{"unit":"px","top":"50","right":"20","bottom":"50","left":"20","isLinked":false},"__globals__":{"background_color":""},"border_radius":{"unit":"px","top":"20","right":"20","bottom":"20","left":"20","isLinked":true},"margin":{"unit":"px","top":"0","right":"0","bottom":"0","left":"0","isLinked":false},"border_radius_tablet":{"unit":"px","top":"0","right":"0","bottom":"0","left":"0","isLinked":true}},"elements":[{"id":"328074d8","settings":{"content_width":"full","width":{"unit":"%","size":76,"sizes":[]},"padding":{"unit":"px","top":"0","right":"0","bottom":"0","left":"0","isLinked":false},"css_classes":"left","_title":"left"},"elements":[{"id":"70758f6c","settings":{"padding":{"unit":"px","top":"0","right":"0","bottom":"0","left":"0","isLinked":false},"css_classes":"desktopContent","_title":"desktopContent","flex_gap_mobile":{"column":"0","row":"0","isLinked":true,"unit":"px","size":0},"min_height":{"unit":"vh","size":100,"sizes":[]},"min_height_tablet":{"unit":"vh","size":60,"sizes":[]},"min_height_mobile":{"unit":"vh","size":"","sizes":[]}},"elements":[{"id":"76f9ba22","settings":{"content_width":"full","min_height":{"unit":"vh","size":100,"sizes":[]},"min_height_tablet":{"unit":"vh","size":60,"sizes":[]},"min_height_mobile":{"unit":"px","size":40,"sizes":[]},"flex_justify_content":"center","padding":{"unit":"px","top":"0","right":"0","bottom":"0","left":"0","isLinked":false},"css_classes":"desktopContentSection","padding_mobile":{"unit":"px","top":"20","right":"10","bottom":"50","left":"10","isLinked":false},"width_tablet":{"unit":"%","size":"","sizes":[]},"width_mobile":{"unit":"%","size":"","sizes":[]},"padding_tablet":{"unit":"px","top":"0","right":"0","bottom":"0","left":"030","isLinked":false}},"elements":[{"id":"30e8d9d","settings":{"content_width":"full","image":{"id":"12","url":"http:\/\/elementor-template.lifeonablock.com\/wp-content\/uploads\/2024\/09\/YouTube-Thumbnail-13.svg"},"title_text":"01 Project","description_text":"","position":"left","image_space":{"unit":"px","size":7,"sizes":[]},"title_bottom_space":{"unit":"px","size":8,"sizes":[]},"image_size":{"unit":"%","size":5,"sizes":[]},"title_color":"#FFFFFF","title_typography_typography":"custom","title_typography_font_family":"Montserrat","title_typography_font_size":{"unit":"px","size":14,"sizes":[]},"title_typography_font_weight":"600","title_typography_line_height":{"unit":"px","size":11,"sizes":[]},"_margin":{"unit":"px","top":"0","right":"0","bottom":"0","left":"0","isLinked":false},"content_vertical_alignment":"middle","text_align":"left","image_space_tablet":{"unit":"px","size":12,"sizes":[]},"image_size_tablet":{"unit":"%","size":8,"sizes":[]}},"elements":[],"isInner":false,"widgetType":"image-box","elType":"widget"},{"id":"7aa5bb55","settings":{"content_width":"full","title":"Making of Swedish<br> Barn House","typography_typography":"custom","typography_font_family":"Kameron","typography_font_size":{"unit":"px","size":45,"sizes":[]},"typography_font_weight":"600","_padding":{"unit":"px","top":"0","right":"16","bottom":"0","left":"0","isLinked":false},"__globals__":{"title_color":""},"_css_classes":"reveal","align_mobile":"center","title_color":"#FFFFFF","typography_font_size_mobile":{"unit":"px","size":32,"sizes":[]},"_margin_mobile":{"unit":"px","top":"-3","right":"0","bottom":"0","left":"0","isLinked":false},"typography_font_size_tablet":{"unit":"px","size":38,"sizes":[]},"typography_line_height_tablet":{"unit":"em","size":1.2,"sizes":[]}},"elements":[],"isInner":false,"widgetType":"heading","elType":"widget"},{"id":"31c02635","settings":{"content_width":"full","title":"We aimed at making both exterior and interiors for this project, and the first thing I did we visiting Swedish...","typography_typography":"custom","typography_font_family":"Montserrat","typography_font_size":{"unit":"px","size":15,"sizes":[]},"typography_font_weight":"500","_padding":{"unit":"px","top":"0","right":"16","bottom":"0","left":"0","isLinked":false},"__globals__":{"title_color":""},"_margin":{"unit":"px","top":"0","right":"0","bottom":"10","left":"0","isLinked":false},"align_mobile":"center","title_color":"#FFFFFF","_margin_mobile":{"unit":"px","top":"-13","right":"0","bottom":"0","left":"0","isLinked":false},"_padding_mobile":{"unit":"px","top":"0","right":"0","bottom":"0","left":"0","isLinked":false},"typography_line_height":{"unit":"px","size":27,"sizes":[]}},"elements":[],"isInner":false,"widgetType":"heading","elType":"widget"},{"id":"5e5226bb","settings":{"content_width":"full","text":"Our work","selected_icon":{"value":"fas fa-arrow-right","library":"fa-solid"},"icon_align":"row-reverse","icon_indent":{"unit":"px","size":11,"sizes":[]},"typography_typography":"custom","typography_font_family":"Montserrat","typography_font_weight":"600","button_text_color":"#000000","background_color":"#FFFFFF","border_radius":{"unit":"px","top":"41","right":"41","bottom":"41","left":"41","isLinked":true},"text_padding":{"unit":"px","top":"14","right":"25","bottom":"14","left":"25","isLinked":false},"custom_css":"\n\n.btn-white-blue{\n    .elementor-button-content-wrapper{\n        align-items: center;\n     \n       :\n    }\n    .elementor-button-icon{\n        background: white;\n        color: black;\n        padding-top:10px;\n        padding-right: 10px;\n        padding-bottom: 9px;\n        padding-left: 12px;\n        border-radius: 19px;\n        transition: all 0.2s ease;\n    }\n    .elementor-button-icon > :first-child{\n        -webkit-animation: in 0.2s;\n    }\n    .elementor-button-text{\n        z-index: 9;\n        margin-left: 20px;\n    }\n}\n.btn-white:hover{\n    .elementor-button-icon{\n        padding-left: 100px;\n        margin-left: -100px;\n     \n        \n            }\n    .elementor-button-icon > :first-child{\n    -webkit-animation: out 0.2s;\n    }\n    \n}","__globals__":{"button_text_color":"","hover_color":"","button_hover_border_color":""},"_margin":{"unit":"px","top":"0","right":"0","bottom":"0","left":"0","isLinked":false},"border_border":"solid","border_width":{"unit":"px","top":"1","right":"1","bottom":"1","left":"1","isLinked":true},"typography_font_size":{"unit":"px","size":15,"sizes":[]},"background_color_stop":{"unit":"%","size":42,"sizes":[]},"background_color_b":"#25409E","background_gradient_angle":{"unit":"deg","size":140,"sizes":[]},"hover_color":"#FFFFFF","button_background_hover_color":"#A3010100","border_color":"#FFFFFF","text_padding_mobile":{"unit":"px","top":"5","right":"5","bottom":"5","left":"5","isLinked":true},"_margin_mobile":{"unit":"px","top":"0","right":"0","bottom":"0","left":"0","isLinked":false},"hide_mobile":"hidden-mobile","button_hover_border_color":"#FFFFFF","__dynamic__":{"link":"[elementor-tag id=\"8ffcaf0\" name=\"internal-url\" settings=\"%7B%22type%22%3A%22post%22%2C%22post_id%22%3A975%2C%22taxonomy_id%22%3A%22%22%2C%22attachment_id%22%3A%22%22%2C%22author_id%22%3A%22%22%7D\"]"}},"elements":[],"isInner":false,"widgetType":"button","elType":"widget"}],"isInner":true,"elType":"container"},{"id":"192afbd8","settings":{"content_width":"full","min_height":{"unit":"vh","size":100,"sizes":[]},"min_height_tablet":{"unit":"vh","size":60,"sizes":[]},"min_height_mobile":{"unit":"vh","size":0,"sizes":[]},"flex_justify_content":"center","padding":{"unit":"px","top":"0","right":"0","bottom":"0","left":"0","isLinked":false},"css_classes":"desktopContentSection","padding_mobile":{"unit":"px","top":"0","right":"10","bottom":"50","left":"10","isLinked":false},"width_tablet":{"unit":"%","size":"","sizes":[]},"width_mobile":{"unit":"%","size":"","sizes":[]},"padding_tablet":{"unit":"px","top":"0","right":"0","bottom":"0","left":"030","isLinked":false},"margin_mobile":{"unit":"px","top":"0","right":"0","bottom":"0","left":"0","isLinked":false}},"elements":[{"id":"2f9fa6c1","settings":{"content_width":"full","image":{"id":"80","url":"http:\/\/elementor-template.lifeonablock.com\/wp-content\/uploads\/2024\/09\/4-1-1.png"},"height_mobile":{"unit":"px","size":318,"sizes":[]},"object-fit_mobile":"cover","image_border_radius_mobile":{"unit":"rem","top":"2","right":"2","bottom":"2","left":"2","isLinked":true},"_margin_mobile":{"unit":"px","top":"0","right":"5","bottom":"0","left":"05","isLinked":false},"hide_desktop":"hidden-desktop","hide_tablet":"hidden-tablet"},"elements":[],"isInner":false,"widgetType":"image","elType":"widget"},{"id":"32157e10","settings":{"content_width":"full","image":{"id":"12","url":"http:\/\/elementor-template.lifeonablock.com\/wp-content\/uploads\/2024\/09\/YouTube-Thumbnail-13.svg"},"title_text":"02 Project","description_text":"","position":"left","image_space":{"unit":"px","size":7,"sizes":[]},"title_bottom_space":{"unit":"px","size":8,"sizes":[]},"image_size":{"unit":"%","size":5,"sizes":[]},"title_color":"#FFFFFF","title_typography_typography":"custom","title_typography_font_family":"Montserrat","title_typography_font_size":{"unit":"px","size":14,"sizes":[]},"title_typography_font_weight":"600","title_typography_line_height":{"unit":"px","size":11,"sizes":[]},"_margin":{"unit":"px","top":"0","right":"0","bottom":"0","left":"0","isLinked":false},"content_vertical_alignment":"middle","text_align":"left"},"elements":[],"isInner":false,"widgetType":"image-box","elType":"widget"},{"id":"24e510a9","settings":{"content_width":"full","title":"Architectural<br> Design Studio Zero","typography_typography":"custom","typography_font_family":"Kameron","typography_font_size":{"unit":"px","size":45,"sizes":[]},"typography_font_weight":"600","_padding":{"unit":"px","top":"0","right":"16","bottom":"0","left":"0","isLinked":false},"__globals__":{"title_color":""},"_css_classes":"reveal","align_mobile":"center","title_color":"#FFFFFF","typography_font_size_mobile":{"unit":"px","size":32,"sizes":[]},"_margin_mobile":{"unit":"px","top":"-3","right":"0","bottom":"0","left":"0","isLinked":false},"typography_font_size_tablet":{"unit":"px","size":38,"sizes":[]},"typography_line_height_tablet":{"unit":"em","size":1.2,"sizes":[]}},"elements":[],"isInner":false,"widgetType":"heading","elType":"widget"},{"id":"52fb8122","settings":{"content_width":"full","title":"We aimed at making both exterior and interiors for this project, and the first thing I did we visiting Swedish...","typography_typography":"custom","typography_font_family":"Montserrat","typography_font_size":{"unit":"px","size":15,"sizes":[]},"typography_font_weight":"500","_padding":{"unit":"px","top":"0","right":"16","bottom":"0","left":"0","isLinked":false},"__globals__":{"title_color":""},"_margin":{"unit":"px","top":"0","right":"0","bottom":"10","left":"0","isLinked":false},"align_mobile":"center","title_color":"#FFFFFF","_margin_mobile":{"unit":"px","top":"-13","right":"0","bottom":"0","left":"0","isLinked":false},"_padding_mobile":{"unit":"px","top":"0","right":"0","bottom":"0","left":"0","isLinked":false},"typography_line_height":{"unit":"px","size":27,"sizes":[]}},"elements":[],"isInner":false,"widgetType":"heading","elType":"widget"},{"id":"7ca382fa","settings":{"content_width":"full","text":"Our work","selected_icon":{"value":"fas fa-arrow-right","library":"fa-solid"},"icon_align":"row-reverse","icon_indent":{"unit":"px","size":11,"sizes":[]},"typography_typography":"custom","typography_font_family":"Montserrat","typography_font_weight":"600","button_text_color":"#000000","background_color":"#FFFFFF","border_radius":{"unit":"px","top":"41","right":"41","bottom":"41","left":"41","isLinked":true},"text_padding":{"unit":"px","top":"14","right":"25","bottom":"14","left":"25","isLinked":false},"custom_css":"\n\n.btn-white-blue{\n    .elementor-button-content-wrapper{\n        align-items: center;\n     \n       :\n    }\n    .elementor-button-icon{\n        background: white;\n        color: black;\n        padding-top:10px;\n        padding-right: 10px;\n        padding-bottom: 9px;\n        padding-left: 12px;\n        border-radius: 19px;\n        transition: all 0.2s ease;\n    }\n    .elementor-button-icon > :first-child{\n        -webkit-animation: in 0.2s;\n    }\n    .elementor-button-text{\n        z-index: 9;\n        margin-left: 20px;\n    }\n}\n.btn-white:hover{\n    .elementor-button-icon{\n        padding-left: 100px;\n        margin-left: -100px;\n     \n        \n            }\n    .elementor-button-icon > :first-child{\n    -webkit-animation: out 0.2s;\n    }\n    \n}","__globals__":{"button_text_color":"","hover_color":"","button_hover_border_color":""},"_margin":{"unit":"px","top":"0","right":"0","bottom":"0","left":"0","isLinked":false},"border_border":"solid","border_width":{"unit":"px","top":"1","right":"1","bottom":"1","left":"1","isLinked":true},"typography_font_size":{"unit":"px","size":15,"sizes":[]},"background_color_stop":{"unit":"%","size":42,"sizes":[]},"background_color_b":"#25409E","background_gradient_angle":{"unit":"deg","size":140,"sizes":[]},"hover_color":"#FFFFFF","button_background_hover_color":"#A3010100","border_color":"#FFFFFF","text_padding_mobile":{"unit":"px","top":"5","right":"5","bottom":"5","left":"5","isLinked":true},"_margin_mobile":{"unit":"px","top":"0","right":"0","bottom":"0","left":"0","isLinked":false},"hide_mobile":"hidden-mobile","button_hover_border_color":"#FFFFFF","__dynamic__":{"link":"[elementor-tag id=\"8ffcaf0\" name=\"internal-url\" settings=\"%7B%22type%22%3A%22post%22%2C%22post_id%22%3A975%2C%22taxonomy_id%22%3A%22%22%2C%22attachment_id%22%3A%22%22%2C%22author_id%22%3A%22%22%7D\"]"}},"elements":[],"isInner":false,"widgetType":"button","elType":"widget"}],"isInner":true,"elType":"container"},{"id":"2204b790","settings":{"content_width":"full","min_height":{"unit":"vh","size":100,"sizes":[]},"min_height_tablet":{"unit":"vh","size":60,"sizes":[]},"min_height_mobile":{"unit":"vh","size":0,"sizes":[]},"flex_justify_content":"center","padding":{"unit":"px","top":"0","right":"0","bottom":"0","left":"0","isLinked":false},"css_classes":"desktopContentSection","padding_mobile":{"unit":"px","top":"0","right":"10","bottom":"50","left":"10","isLinked":false},"width_tablet":{"unit":"%","size":"","sizes":[]},"width_mobile":{"unit":"%","size":"","sizes":[]},"padding_tablet":{"unit":"px","top":"0","right":"0","bottom":"0","left":"030","isLinked":false},"margin_mobile":{"unit":"px","top":"0","right":"0","bottom":"0","left":"0","isLinked":false}},"elements":[{"id":"7202dfdc","settings":{"content_width":"full","image":{"id":"81","url":"http:\/\/elementor-template.lifeonablock.com\/wp-content\/uploads\/2024\/09\/Pink-1.png"},"height_mobile":{"unit":"px","size":318,"sizes":[]},"object-fit_mobile":"cover","image_border_radius_mobile":{"unit":"rem","top":"2","right":"2","bottom":"2","left":"2","isLinked":true},"_margin_mobile":{"unit":"px","top":"0","right":"5","bottom":"0","left":"05","isLinked":false},"hide_desktop":"hidden-desktop","hide_tablet":"hidden-tablet"},"elements":[],"isInner":false,"widgetType":"image","elType":"widget"},{"id":"3b31ecfd","settings":{"content_width":"full","image":{"id":"12","url":"http:\/\/elementor-template.lifeonablock.com\/wp-content\/uploads\/2024\/09\/YouTube-Thumbnail-13.svg"},"title_text":"03 Project","description_text":"","position":"left","image_space":{"unit":"px","size":7,"sizes":[]},"title_bottom_space":{"unit":"px","size":8,"sizes":[]},"image_size":{"unit":"%","size":5,"sizes":[]},"title_color":"#FFFFFF","title_typography_typography":"custom","title_typography_font_family":"Montserrat","title_typography_font_size":{"unit":"px","size":14,"sizes":[]},"title_typography_font_weight":"600","title_typography_line_height":{"unit":"px","size":11,"sizes":[]},"_margin":{"unit":"px","top":"0","right":"0","bottom":"0","left":"0","isLinked":false},"content_vertical_alignment":"middle","text_align":"left"},"elements":[],"isInner":false,"widgetType":"image-box","elType":"widget"},{"id":"77ab9f8b","settings":{"content_width":"full","title":"Pink scandinavian design office","typography_typography":"custom","typography_font_family":"Kameron","typography_font_size":{"unit":"px","size":45,"sizes":[]},"typography_font_weight":"600","_padding":{"unit":"px","top":"0","right":"16","bottom":"0","left":"0","isLinked":false},"__globals__":{"title_color":""},"_css_classes":"reveal","align_mobile":"center","title_color":"#FFFFFF","typography_font_size_mobile":{"unit":"px","size":32,"sizes":[]},"_margin_mobile":{"unit":"px","top":"-3","right":"0","bottom":"0","left":"0","isLinked":false},"typography_font_size_tablet":{"unit":"px","size":38,"sizes":[]},"typography_line_height_tablet":{"unit":"em","size":1.2,"sizes":[]}},"elements":[],"isInner":false,"widgetType":"heading","elType":"widget"},{"id":"48c3eb4c","settings":{"content_width":"full","title":"We aimed at making both exterior and interiors for this project, and the first thing I did we visiting Swedish...","typography_typography":"custom","typography_font_family":"Montserrat","typography_font_size":{"unit":"px","size":15,"sizes":[]},"typography_font_weight":"500","_padding":{"unit":"px","top":"0","right":"16","bottom":"0","left":"0","isLinked":false},"__globals__":{"title_color":""},"_margin":{"unit":"px","top":"0","right":"0","bottom":"10","left":"0","isLinked":false},"align_mobile":"center","title_color":"#FFFFFF","_margin_mobile":{"unit":"px","top":"-13","right":"0","bottom":"0","left":"0","isLinked":false},"_padding_mobile":{"unit":"px","top":"0","right":"0","bottom":"0","left":"0","isLinked":false},"typography_line_height":{"unit":"px","size":27,"sizes":[]}},"elements":[],"isInner":false,"widgetType":"heading","elType":"widget"},{"id":"7245cf97","settings":{"content_width":"full","text":"Our work","selected_icon":{"value":"fas fa-arrow-right","library":"fa-solid"},"icon_align":"row-reverse","icon_indent":{"unit":"px","size":11,"sizes":[]},"typography_typography":"custom","typography_font_family":"Montserrat","typography_font_weight":"600","button_text_color":"#000000","background_color":"#FFFFFF","border_radius":{"unit":"px","top":"41","right":"41","bottom":"41","left":"41","isLinked":true},"text_padding":{"unit":"px","top":"14","right":"25","bottom":"14","left":"25","isLinked":false},"custom_css":"\n\n.btn-white-blue{\n    .elementor-button-content-wrapper{\n        align-items: center;\n     \n       :\n    }\n    .elementor-button-icon{\n        background: white;\n        color: black;\n        padding-top:10px;\n        padding-right: 10px;\n        padding-bottom: 9px;\n        padding-left: 12px;\n        border-radius: 19px;\n        transition: all 0.2s ease;\n    }\n    .elementor-button-icon > :first-child{\n        -webkit-animation: in 0.2s;\n    }\n    .elementor-button-text{\n        z-index: 9;\n        margin-left: 20px;\n    }\n}\n.btn-white:hover{\n    .elementor-button-icon{\n        padding-left: 100px;\n        margin-left: -100px;\n     \n        \n            }\n    .elementor-button-icon > :first-child{\n    -webkit-animation: out 0.2s;\n    }\n    \n}","__globals__":{"button_text_color":"","hover_color":"","button_hover_border_color":""},"_margin":{"unit":"px","top":"0","right":"0","bottom":"0","left":"0","isLinked":false},"border_border":"solid","border_width":{"unit":"px","top":"1","right":"1","bottom":"1","left":"1","isLinked":true},"typography_font_size":{"unit":"px","size":15,"sizes":[]},"background_color_stop":{"unit":"%","size":42,"sizes":[]},"background_color_b":"#25409E","background_gradient_angle":{"unit":"deg","size":140,"sizes":[]},"hover_color":"#FFFFFF","button_background_hover_color":"#A3010100","border_color":"#FFFFFF","text_padding_mobile":{"unit":"px","top":"5","right":"5","bottom":"5","left":"5","isLinked":true},"_margin_mobile":{"unit":"px","top":"0","right":"0","bottom":"0","left":"0","isLinked":false},"hide_mobile":"hidden-mobile","button_hover_border_color":"#FFFFFF","__dynamic__":{"link":"[elementor-tag id=\"8ffcaf0\" name=\"internal-url\" settings=\"%7B%22type%22%3A%22post%22%2C%22post_id%22%3A975%2C%22taxonomy_id%22%3A%22%22%2C%22attachment_id%22%3A%22%22%2C%22author_id%22%3A%22%22%7D\"]"}},"elements":[],"isInner":false,"widgetType":"button","elType":"widget"}],"isInner":true,"elType":"container"},{"id":"5d0b2036","settings":{"content_width":"full","min_height":{"unit":"vh","size":100,"sizes":[]},"min_height_tablet":{"unit":"vh","size":60,"sizes":[]},"min_height_mobile":{"unit":"vh","size":0,"sizes":[]},"flex_justify_content":"center","padding":{"unit":"px","top":"0","right":"0","bottom":"0","left":"0","isLinked":false},"css_classes":"desktopContentSection","padding_mobile":{"unit":"px","top":"0","right":"10","bottom":"0","left":"10","isLinked":false},"width_tablet":{"unit":"%","size":"","sizes":[]},"width_mobile":{"unit":"%","size":"","sizes":[]},"padding_tablet":{"unit":"px","top":"0","right":"0","bottom":"0","left":"030","isLinked":false},"margin_mobile":{"unit":"px","top":"0","right":"0","bottom":"0","left":"0","isLinked":false}},"elements":[{"id":"1002351d","settings":{"content_width":"full","image":{"id":"82","url":"http:\/\/elementor-template.lifeonablock.com\/wp-content\/uploads\/2024\/09\/Untitled-design-7-1-1.png"},"height_mobile":{"unit":"px","size":318,"sizes":[]},"object-fit_mobile":"cover","image_border_radius_mobile":{"unit":"rem","top":"2","right":"2","bottom":"2","left":"2","isLinked":true},"_margin_mobile":{"unit":"px","top":"0","right":"5","bottom":"0","left":"05","isLinked":false},"hide_desktop":"hidden-desktop","hide_tablet":"hidden-tablet"},"elements":[],"isInner":false,"widgetType":"image","elType":"widget"},{"id":"3d55f5a","settings":{"content_width":"full","image":{"id":"12","url":"http:\/\/elementor-template.lifeonablock.com\/wp-content\/uploads\/2024\/09\/YouTube-Thumbnail-13.svg"},"title_text":"04 Project","description_text":"","position":"left","image_space":{"unit":"px","size":7,"sizes":[]},"title_bottom_space":{"unit":"px","size":8,"sizes":[]},"image_size":{"unit":"%","size":5,"sizes":[]},"title_color":"#FFFFFF","title_typography_typography":"custom","title_typography_font_family":"Montserrat","title_typography_font_size":{"unit":"px","size":14,"sizes":[]},"title_typography_font_weight":"600","title_typography_line_height":{"unit":"px","size":11,"sizes":[]},"_margin":{"unit":"px","top":"0","right":"0","bottom":"0","left":"0","isLinked":false},"content_vertical_alignment":"middle","text_align":"left"},"elements":[],"isInner":false,"widgetType":"image-box","elType":"widget"},{"id":"1e67fb88","settings":{"content_width":"full","title":"Whisky cellar <br>work office brown","typography_typography":"custom","typography_font_family":"Kameron","typography_font_size":{"unit":"px","size":45,"sizes":[]},"typography_font_weight":"600","_padding":{"unit":"px","top":"0","right":"16","bottom":"0","left":"0","isLinked":false},"__globals__":{"title_color":""},"_css_classes":"reveal","align_mobile":"center","title_color":"#FFFFFF","typography_font_size_mobile":{"unit":"px","size":32,"sizes":[]},"_margin_mobile":{"unit":"px","top":"-3","right":"0","bottom":"0","left":"0","isLinked":false},"typography_font_size_tablet":{"unit":"px","size":38,"sizes":[]},"typography_line_height_tablet":{"unit":"em","size":1.2,"sizes":[]}},"elements":[],"isInner":false,"widgetType":"heading","elType":"widget"},{"id":"2ac8dd88","settings":{"content_width":"full","title":"We aimed at making both exterior and interiors for this project, and the first thing I did we visiting Swedish...","typography_typography":"custom","typography_font_family":"Montserrat","typography_font_size":{"unit":"px","size":15,"sizes":[]},"typography_font_weight":"500","_padding":{"unit":"px","top":"0","right":"16","bottom":"0","left":"0","isLinked":false},"__globals__":{"title_color":""},"_margin":{"unit":"px","top":"0","right":"0","bottom":"10","left":"0","isLinked":false},"align_mobile":"center","title_color":"#FFFFFF","_margin_mobile":{"unit":"px","top":"-13","right":"0","bottom":"0","left":"0","isLinked":false},"_padding_mobile":{"unit":"px","top":"0","right":"0","bottom":"0","left":"0","isLinked":false},"typography_line_height":{"unit":"px","size":27,"sizes":[]}},"elements":[],"isInner":false,"widgetType":"heading","elType":"widget"},{"id":"6fb9540","settings":{"content_width":"full","text":"Our work","selected_icon":{"value":"fas fa-arrow-right","library":"fa-solid"},"icon_align":"row-reverse","icon_indent":{"unit":"px","size":11,"sizes":[]},"typography_typography":"custom","typography_font_family":"Montserrat","typography_font_weight":"600","button_text_color":"#000000","background_color":"#FFFFFF","border_radius":{"unit":"px","top":"41","right":"41","bottom":"41","left":"41","isLinked":true},"text_padding":{"unit":"px","top":"14","right":"25","bottom":"14","left":"25","isLinked":false},"custom_css":"\n\n.btn-white-blue{\n    .elementor-button-content-wrapper{\n        align-items: center;\n     \n       :\n    }\n    .elementor-button-icon{\n        background: white;\n        color: black;\n        padding-top:10px;\n        padding-right: 10px;\n        padding-bottom: 9px;\n        padding-left: 12px;\n        border-radius: 19px;\n        transition: all 0.2s ease;\n    }\n    .elementor-button-icon > :first-child{\n        -webkit-animation: in 0.2s;\n    }\n    .elementor-button-text{\n        z-index: 9;\n        margin-left: 20px;\n    }\n}\n.btn-white:hover{\n    .elementor-button-icon{\n        padding-left: 100px;\n        margin-left: -100px;\n     \n        \n            }\n    .elementor-button-icon > :first-child{\n    -webkit-animation: out 0.2s;\n    }\n    \n}","__globals__":{"button_text_color":"","hover_color":"","button_hover_border_color":""},"_margin":{"unit":"px","top":"0","right":"0","bottom":"0","left":"0","isLinked":false},"border_border":"solid","border_width":{"unit":"px","top":"1","right":"1","bottom":"1","left":"1","isLinked":true},"typography_font_size":{"unit":"px","size":15,"sizes":[]},"background_color_stop":{"unit":"%","size":42,"sizes":[]},"background_color_b":"#25409E","background_gradient_angle":{"unit":"deg","size":140,"sizes":[]},"hover_color":"#FFFFFF","button_background_hover_color":"#A3010100","border_color":"#FFFFFF","text_padding_mobile":{"unit":"px","top":"5","right":"5","bottom":"5","left":"5","isLinked":true},"_margin_mobile":{"unit":"px","top":"0","right":"0","bottom":"0","left":"0","isLinked":false},"hide_mobile":"hidden-mobile","button_hover_border_color":"#FFFFFF","__dynamic__":{"link":"[elementor-tag id=\"8ffcaf0\" name=\"internal-url\" settings=\"%7B%22type%22%3A%22post%22%2C%22post_id%22%3A975%2C%22taxonomy_id%22%3A%22%22%2C%22attachment_id%22%3A%22%22%2C%22author_id%22%3A%22%22%7D\"]"}},"elements":[],"isInner":false,"widgetType":"button","elType":"widget"}],"isInner":true,"elType":"container"}],"isInner":true,"elType":"container"}],"isInner":true,"elType":"container"},{"id":"4cfbcd83","settings":{"padding":{"unit":"px","top":"0","right":"0","bottom":"0","left":"0","isLinked":false},"_title":"right","boxed_width":{"unit":"%","size":80,"sizes":[]},"boxed_width_tablet":{"unit":"%","size":95,"sizes":[]},"boxed_width_mobile":{"unit":"%","size":"","sizes":[]},"_flex_order_mobile":"start","hide_mobile":"hidden-mobile"},"elements":[{"id":"352a9f92","settings":{"min_height_tablet":{"unit":"vh","size":"","sizes":[]},"min_height_mobile":{"unit":"vh","size":"","sizes":[]},"flex_justify_content":"center","sticky":"top","_title":"container","sticky_parent":"yes","sticky_offset_mobile":0,"sticky_effects_offset_mobile":0},"elements":[{"id":"2258c1de","settings":{"content_width":"full","min_height":{"unit":"vh","size":100,"sizes":[]},"min_height_tablet":{"unit":"vh","size":60,"sizes":[]},"min_height_mobile":{"unit":"vh","size":"","sizes":[]},"flex_justify_content":"center","padding":{"unit":"px","top":"0","right":"0","bottom":"0","left":"0","isLinked":false},"css_classes":"desktopPhotos","sticky":"top","sticky_parent":"yes","_title":"desktopPhotos","_offset_y":{"unit":"%","size":"","sizes":[]},"_offset_y_tablet":{"unit":"%","size":"","sizes":[]},"_offset_y_mobile":{"unit":"%","size":"","sizes":[]},"custom_css":"selector{\n\theight:400px;\n\tborder-radius:40px;\n\tposition:relative;\n\toverflow:hidden;\n}","padding_tablet":{"unit":"px","top":"040","right":"020","bottom":"0","left":"020","isLinked":false}},"elements":[{"id":"5b452860","settings":{"content_width":"full","min_height":{"unit":"px","size":600,"sizes":[]},"background_background":"classic","background_image":{"id":"83","url":"http:\/\/elementor-template.lifeonablock.com\/wp-content\/uploads\/2024\/09\/3-2-e1722273081916.png"},"background_position":"center center","background_repeat":"no-repeat","background_size":"cover","border_radius":{"unit":"px","top":"40","right":"40","bottom":"40","left":"40","isLinked":true},"position":"absolute","_offset_y":{"unit":"%","size":"","sizes":[]},"_offset_y_tablet":{"unit":"%","size":"","sizes":[]},"_offset_y_mobile":{"unit":"%","size":"","sizes":[]},"css_classes":"desktopPhoto","_title":"desktopPhoto","motion_fx_translateY_direction":"negative","motion_fx_translateY_speed":{"unit":"px","size":6.6,"sizes":[]},"motion_fx_devices":["desktop","tablet"],"motion_fx_range":"viewport"},"elements":[],"isInner":true,"elType":"container"},{"id":"3db71057","settings":{"content_width":"full","min_height":{"unit":"px","size":600,"sizes":[]},"background_background":"classic","background_image":{"id":"84","url":"http:\/\/elementor-template.lifeonablock.com\/wp-content\/uploads\/2024\/09\/4-1.png"},"background_position":"center center","background_repeat":"no-repeat","background_size":"cover","border_radius":{"unit":"px","top":"40","right":"40","bottom":"40","left":"40","isLinked":true},"position":"absolute","_offset_y":{"unit":"%","size":"","sizes":[]},"_offset_y_tablet":{"unit":"%","size":"","sizes":[]},"_offset_y_mobile":{"unit":"%","size":"","sizes":[]},"css_classes":"desktopPhoto","_title":"desktopPhoto"},"elements":[{"id":"5d1ec10","settings":{"content_width":"full"},"elements":[],"isInner":false,"widgetType":"spacer","elType":"widget"}],"isInner":true,"elType":"container"},{"id":"1bbecfff","settings":{"content_width":"full","min_height":{"unit":"px","size":600,"sizes":[]},"background_background":"classic","background_image":{"id":"85","url":"http:\/\/elementor-template.lifeonablock.com\/wp-content\/uploads\/2024\/09\/Pink.png"},"background_position":"center center","background_repeat":"no-repeat","background_size":"cover","border_radius":{"unit":"px","top":"40","right":"40","bottom":"40","left":"40","isLinked":true},"position":"absolute","_offset_y":{"unit":"%","size":"","sizes":[]},"_offset_y_tablet":{"unit":"%","size":"","sizes":[]},"_offset_y_mobile":{"unit":"%","size":"","sizes":[]},"css_classes":"desktopPhoto","_title":"desktopPhoto"},"elements":[{"id":"5664b9d1","settings":{"content_width":"full"},"elements":[],"isInner":false,"widgetType":"spacer","elType":"widget"}],"isInner":true,"elType":"container"},{"id":"399a56f9","settings":{"content_width":"full","min_height":{"unit":"px","size":600,"sizes":[]},"background_background":"classic","background_image":{"id":"86","url":"http:\/\/elementor-template.lifeonablock.com\/wp-content\/uploads\/2024\/09\/Untitled-design-7-1.png"},"background_position":"center center","background_repeat":"no-repeat","background_size":"cover","border_radius":{"unit":"px","top":"40","right":"40","bottom":"40","left":"40","isLinked":true},"position":"absolute","_offset_y":{"unit":"%","size":"","sizes":[]},"_offset_y_tablet":{"unit":"%","size":"","sizes":[]},"_offset_y_mobile":{"unit":"%","size":"","sizes":[]},"css_classes":"desktopPhoto","_title":"desktopPhoto"},"elements":[{"id":"25c45c8c","settings":{"content_width":"full"},"elements":[],"isInner":false,"widgetType":"spacer","elType":"widget"}],"isInner":true,"elType":"container"}],"isInner":true,"elType":"container"}],"isInner":true,"elType":"container"}],"isInner":true,"elType":"container"}],"isInner":true,"elType":"container"}],"isInner":false,"elType":"container"}],"settings":{"custom_css":"\/* Buttons *\/\n\n\n@-webkit-keyframes in {\n    0%   { -webkit-transform: translate(0%,0%); }\n    20%   { \n        -webkit-filter: opacity(0);\n        -webkit-transform: translate(-50%,0%); }\n    40%   { \n        -webkit-filter: opacity(0);\n        -webkit-transform: translate(-50%,50%); }\n    60%   {\n        -webkit-filter: opacity(0);\n        -webkit-transform: translate(50%,50%); }\n    80%   { \n        -webkit-filter: opacity(0);\n        -webkit-transform: translate(50%,0); }\n    100%   { -webkit-transform: translate(0,0); }\n}\n\n@-webkit-keyframes out {\n    0%   { -webkit-transform: translate(0,0); }\n    20%   { \n        -webkit-filter: opacity(0);\n        -webkit-transform: translate(50%,0); }\n    40%   {\n        -webkit-filter: opacity(0);\n        -webkit-transform: translate(50%,50%); }\n    60%   { \n        -webkit-filter: opacity(0);\n        -webkit-transform: translate(-50%,50%); }\n    80%   { \n        -webkit-filter: opacity(0);\n        -webkit-transform: translate(-50%,0%); }\n    100%   { -webkit-transform: translate(0%,0%); }\n}\n\n\n.btn1{\n    .elementor-button-content-wrapper{\n        align-items: center;\n        padding-left: 12px;\n    }\n    .elementor-button-icon{\n        background: white;\n        color: black;\n        padding-top:12px;\n        padding-right: 10px;\n        padding-bottom: 10px;\n        padding-left: 13px;\n        border-radius: 60px;\n        transition: all 0.2s ease;\n    }\n    .elementor-button-icon > :first-child{\n        -webkit-animation: in 0.2s;\n    }\n    .elementor-button-text{\n        z-index: 9;\n        margin-left: 20px;\n        color: white;\n    }\n}\n.btn1:hover{\n    .elementor-button-icon{\n        \/*margin-left: calc(-100%);*\/\n        \/*padding-left: calc(100%);*\/\n    }\n    .elementor-button-icon > :first-child{\n    -webkit-animation: out 0.2s;\n    }\n    \n    .elementor-button-text{\n        z-index: 9;\n        margin-left: 20px;\n        color: black;\n    }\n    \n}\n\n* image box *\/\n.img_box .top-back{\n\ttransition: 0.2s ease;\n\taspect-ratio: 1!important;\n}\n.img_box .c-heading{\n\tdisplay: none!important;\n\taspect-ratio: 1!important;\n}\n.img_box:hover .top-back{\n\twidth: 190px!important;\n}\n.img_box:hover .icon{\n\tdisplay: none!important;\n}\n.img_box:hover .c-heading{\n\tdisplay: block!important;\n}\n \n \n .users_photo .gallery-item{\n\twidth: 40px!important;\n\theight: 40px!important;\n}\n \n \n #underline { text-decoration: none;\n;}\n\n\n\n"},"metadata":[]}