{"content":[{"id":"6a4f2bce","settings":{"flex_direction":"column","background_background":"classic","__globals__":{"background_color":"globals\/colors?id=286a5b8"}},"elements":[{"id":"36b0399","settings":{"content_width":"full","html":"<script src=\"https:\/\/cdnjs.cloudflare.com\/ajax\/libs\/gsap\/3.11.0\/gsap.min.js\"><\/script>\r\n<script src=\"https:\/\/cdnjs.cloudflare.com\/ajax\/libs\/gsap\/3.11.0\/ScrollTrigger.min.js\"><\/script>\r\n\r\n<script>\r\nlet mediaAnimation = gsap.matchMedia();\r\nScrollTrigger.defaults({\r\n  markers: false\r\n});\r\n\r\nconst colors = [\"#2E4D71\", \"#856546\", \"#05625C\", \"#5A483E\", \"#886648\"];\r\n\r\nmediaAnimation.add(\"(min-width: 666px)\", () => {\r\n  \/\/ Desktop animations\r\n  const details = gsap.utils.toArray(\".desktopContentSection:not(:first-child)\");\r\n  const photos = gsap.utils.toArray(\".desktopPhoto:not(:first-child)\");\r\n\r\n  gsap.set(photos, { clipPath: 'inset(100% 0% 0% 0%)', autoAlpha: 1 });\r\n\r\n  const allPhotos = gsap.utils.toArray(\".desktopPhoto\");\r\n\r\n  details.forEach((section, i) => {\r\n      let bgColor = colors[i + 1];\r\n      ScrollTrigger.create({\r\n          trigger: section,\r\n          start: \"200 bottom\",\r\n          end: \"+=100%\",\r\n          \r\n          onToggle: self => {\r\n              if (self.isActive) {\r\n                  gsap.to(\".gallery\", { backgroundColor: bgColor });\r\n              } else if ((i === 0 && self.direction < 0) || (i === details.length - 1 && self.direction > 0)) {\r\n                  gsap.to(\".gallery\", { backgroundColor: \"#2E4D71\" });\r\n              }\r\n          }\r\n      });\r\n  });\r\n\r\n  details.forEach((detail, index) => {\r\n      let headline = detail.querySelector(\".reveal\");\r\n      let animation = gsap.timeline()\r\n          .to(photos[index], { clipPath: 'inset(0% 0% 0% 0%)', autoAlpha: 1, duration: 1.5 })\r\n          .set(allPhotos[index], { autoAlpha: 1, duration: 1.5 });\r\n\r\n      ScrollTrigger.create({\r\n          trigger: headline,\r\n          start: \"top 120%\",\r\n          end: \"top 60%\",\r\n          animation: animation,\r\n          scrub: true,\r\n          markers: false\r\n      });\r\n  });\r\n});\r\n\r\nmediaAnimation.add(\"(max-width: 665px)\", () => {\r\n  \/\/ Mobile animations\r\n  const details = gsap.utils.toArray(\".desktopContentSection:not(:first-child)\");\r\n\r\n  details.forEach((section, i) => {\r\n      let bgColor = colors[i + 1];\r\n      ScrollTrigger.create({\r\n          trigger: section,\r\n          start: \"200 bottom\",\r\n          end: \"+=100%\",\r\n          \r\n          onToggle: self => {\r\n              if (self.isActive) {\r\n                  gsap.to(\".gallery\", { backgroundColor: bgColor });\r\n              } else if ((i === 0 && self.direction < 0) || (i === details.length - 1 && self.direction > 0)) {\r\n                  gsap.to(\".gallery\", { backgroundColor: \"#2E4D71\" });\r\n              }\r\n          }\r\n      });\r\n  });\r\n});\r\n<\/script>\r\n"},"elements":[],"isInner":false,"widgetType":"html","elType":"widget"}],"isInner":false,"elType":"container"}],"settings":{"custom_css":"\/* Buttons *\/\n\n\n@-webkit-keyframes in {\n    0%   { -webkit-transform: translate(0%,0%); }\n    20%   { \n        -webkit-filter: opacity(0);\n        -webkit-transform: translate(-50%,0%); }\n    40%   { \n        -webkit-filter: opacity(0);\n        -webkit-transform: translate(-50%,50%); }\n    60%   {\n        -webkit-filter: opacity(0);\n        -webkit-transform: translate(50%,50%); }\n    80%   { \n        -webkit-filter: opacity(0);\n        -webkit-transform: translate(50%,0); }\n    100%   { -webkit-transform: translate(0,0); }\n}\n\n@-webkit-keyframes out {\n    0%   { -webkit-transform: translate(0,0); }\n    20%   { \n        -webkit-filter: opacity(0);\n        -webkit-transform: translate(50%,0); }\n    40%   {\n        -webkit-filter: opacity(0);\n        -webkit-transform: translate(50%,50%); }\n    60%   { \n        -webkit-filter: opacity(0);\n        -webkit-transform: translate(-50%,50%); }\n    80%   { \n        -webkit-filter: opacity(0);\n        -webkit-transform: translate(-50%,0%); }\n    100%   { -webkit-transform: translate(0%,0%); }\n}\n\n\n.btn1{\n    .elementor-button-content-wrapper{\n        align-items: center;\n        padding-left: 12px;\n    }\n    .elementor-button-icon{\n        background: white;\n        color: black;\n        padding-top:12px;\n        padding-right: 10px;\n        padding-bottom: 10px;\n        padding-left: 13px;\n        border-radius: 60px;\n        transition: all 0.2s ease;\n    }\n    .elementor-button-icon > :first-child{\n        -webkit-animation: in 0.2s;\n    }\n    .elementor-button-text{\n        z-index: 9;\n        margin-left: 20px;\n        color: white;\n    }\n}\n.btn1:hover{\n    .elementor-button-icon{\n        \/*margin-left: calc(-100%);*\/\n        \/*padding-left: calc(100%);*\/\n    }\n    .elementor-button-icon > :first-child{\n    -webkit-animation: out 0.2s;\n    }\n    \n    .elementor-button-text{\n        z-index: 9;\n        margin-left: 20px;\n        color: black;\n    }\n    \n}\n\n* image box *\/\n.img_box .top-back{\n\ttransition: 0.2s ease;\n\taspect-ratio: 1!important;\n}\n.img_box .c-heading{\n\tdisplay: none!important;\n\taspect-ratio: 1!important;\n}\n.img_box:hover .top-back{\n\twidth: 190px!important;\n}\n.img_box:hover .icon{\n\tdisplay: none!important;\n}\n.img_box:hover .c-heading{\n\tdisplay: block!important;\n}\n \n \n .users_photo .gallery-item{\n\twidth: 40px!important;\n\theight: 40px!important;\n}\n \n \n #underline { text-decoration: none;\n;}\n\n\n\n"},"metadata":[]}