{"content":[{"id":"6a925924","settings":{"flex_direction":"column","boxed_width":{"unit":"vw","size":100,"sizes":[]},"boxed_width_tablet":{"unit":"vw","size":"","sizes":[]},"boxed_width_mobile":{"unit":"vw","size":"","sizes":[]},"min_height":{"unit":"vh","size":150,"sizes":[]},"min_height_tablet":{"unit":"vh","size":100,"sizes":[]},"min_height_mobile":{"unit":"vh","size":90,"sizes":[]},"flex_gap":{"column":"40","row":"40","isLinked":true,"unit":"px","size":40},"overflow":"hidden","css_classes":"main","_title":"Main container","flex_justify_content":"center","flex_align_items":"center","background_background":"classic","background_color":"#FBFBFB","padding":{"unit":"px","top":"0","right":"0","bottom":"0","left":"0","isLinked":false},"margin":{"unit":"px","top":"0","right":"0","bottom":"-71","left":"0","isLinked":false},"margin_tablet":{"unit":"px","top":"0","right":"0","bottom":"0","left":"0","isLinked":false},"margin_mobile":{"unit":"px","top":"0","right":"0","bottom":"0","left":"0","isLinked":false},"flex_justify_content_tablet":"flex-start","padding_mobile":{"unit":"px","top":"0","right":"0","bottom":"50","left":"0","isLinked":false}},"elements":[{"id":"5a6b17c3","settings":{"content_width":"full","flex_direction":"column","flex_gap":{"column":"30","row":"30","isLinked":true,"unit":"px","size":30},"padding":{"unit":"px","top":"0","right":"0","bottom":"0","left":"0","isLinked":false},"_title":"Code"},"elements":[{"id":"1143df49","settings":{"content_width":"full","html":"<style>\n    .card{\n        will-change: transform;\n    }\n<\/style>\n\n<!-- Add these to your Elementor page head or footer -->\n<script src=\"https:\/\/cdnjs.cloudflare.com\/ajax\/libs\/gsap\/3.11.4\/gsap.min.js\"><\/script>\n<script src=\"https:\/\/cdnjs.cloudflare.com\/ajax\/libs\/gsap\/3.11.4\/ScrollTrigger.min.js\"><\/script>\n\n\n<script>\ndocument.addEventListener(\"DOMContentLoaded\", function() {\n    \/\/ Ensure GSAP and ScrollTrigger are available\n    if (typeof gsap !== \"undefined\" && typeof ScrollTrigger !== \"undefined\") {\n        gsap.registerPlugin(ScrollTrigger);\n\n        \/\/ Define different movement values for desktop and mobile\n        const isMobile = window.innerWidth <= 768;\n\n        const leftXValues = isMobile ? [-1500, -1500, -500] : [-800, -900, -400];\n        const rightXValues = isMobile ? [1500, 1500, 500] : [800, 900, 400];\n        const leftRotationValues = isMobile ? [-45, -40, -50] : [-30, -20, -35];\n        const rightRotationValues = isMobile ? [45, 40, 50] : [30, 20, 35];\n        const yValues = isMobile ? [200, -300, -700] : [100, -150, -400];\n\n        gsap.utils.toArray(\".row\").forEach((row, index) => {\n            const cardLeft = row.querySelector(\".card-left\");\n            const cardRight = row.querySelector(\".card-right\");\n\n            gsap.fromTo(cardLeft, \n                { x: 0, y: 0, rotation: 0 },\n                {\n                    x: leftXValues[index],\n                    rotation: leftRotationValues[index],\n                    scrollTrigger: {\n                        trigger: \".main\",\n                        start: \"top 80%\",\n                        end: \"150% bottom\",\n                        scrub: true,\n                        onUpdate: (self) => {\n                            const progress = self.progress;\n                            gsap.set(cardLeft, {\n                                x: progress * leftXValues[index],\n                                y: progress * yValues[index],\n                                rotation: progress * leftRotationValues[index]\n                            });\n                        },\n                    },\n                }\n            );\n\n            gsap.fromTo(cardRight,\n                { x: 0, y: 0, rotation: 0 },\n                {\n                    x: rightXValues[index],\n                    rotation: rightRotationValues[index],\n                    scrollTrigger: {\n                        trigger: \".main\",\n                        start: \"top 80%\",\n                        end: \"150% bottom\",\n                        scrub: true,\n                        onUpdate: (self) => {\n                            const progress = self.progress;\n                            gsap.set(cardRight, {\n                                x: progress * rightXValues[index],\n                                y: progress * yValues[index],\n                                rotation: progress * rightRotationValues[index]\n                            });\n                        },\n                    },\n                }\n            );\n        });\n    } else {\n        console.error(\"GSAP or ScrollTrigger not found.\");\n    }\n});\n<\/script>\n"},"elements":[],"isInner":false,"widgetType":"html","elType":"widget"}],"isInner":true,"elType":"container"},{"id":"10f9e0d6","settings":{"content_width":"full","width":{"unit":"px","size":600,"sizes":[]},"boxed_width":{"unit":"px","size":300,"sizes":[]},"flex_justify_content":"center","flex_align_items":"center","flex_gap":{"column":"10","row":"10","isLinked":true,"unit":"px","size":10},"position":"absolute","_offset_x":{"unit":"%","size":50,"sizes":[]},"_offset_x_tablet":{"unit":"%","size":"","sizes":[]},"_offset_x_mobile":{"unit":"%","size":"","sizes":[]},"_offset_y":{"unit":"%","size":25,"sizes":[]},"_offset_y_tablet":{"unit":"%","size":"","sizes":[]},"_offset_y_mobile":{"unit":"%","size":24,"sizes":[]},"_transform_translate_popover":"transform","_transform_translateX_effect":{"unit":"%","size":-50,"sizes":[]},"_transform_translateX_effect_tablet":{"unit":"%","size":"","sizes":[]},"_transform_translateX_effect_mobile":{"unit":"%","size":"","sizes":[]},"_transform_translateY_effect":{"unit":"px","size":-50,"sizes":[]},"_title":"Main content","z_index":4,"margin_mobile":{"unit":"px","top":"0","right":"0","bottom":"0","left":"0","isLinked":false},"flex_justify_content_mobile":"flex-start"},"elements":[{"id":"6cf91881","settings":{"content_width":"full","image":{"id":"17","url":"http:\/\/elementor-template.lifeonablock.com\/wp-content\/uploads\/2024\/09\/YouTube-Thumbnail-16.svg"},"align":"center","width":{"unit":"%","size":7,"sizes":[]},"width_tablet":{"unit":"%","size":6,"sizes":[]},"width_mobile":{"unit":"%","size":15,"sizes":[]},"_animation":"fadeInUp","animation_duration":"fast"},"elements":[],"isInner":false,"widgetType":"image","elType":"widget"},{"id":"79dcc6b3","settings":{"content_width":"full","title":"Some Of<br> <span class=\"tofarver\">Our Work\n<\/span>","align":"left","title_color":"#000000","typography_typography":"custom","typography_font_family":"Kameron","typography_font_size":{"unit":"px","size":58,"sizes":[]},"typography_font_weight":"600","_margin":{"unit":"px","top":"0","right":"0","bottom":"6","left":"0","isLinked":false},"typography_font_size_tablet":{"unit":"px","size":45,"sizes":[]},"typography_font_size_mobile":{"unit":"px","size":40,"sizes":[]},"typography_line_height_tablet":{"unit":"em","size":1.2,"sizes":[]},"_animation":"fadeInUp","animation_duration":"fast"},"elements":[],"isInner":false,"widgetType":"heading","elType":"widget"},{"id":"34a049db","settings":{"content_width":"full","editor":"<p>Each project in our collection reflects the passion and creativity we bring to every digital endeavor. From sleek web designs to dynamic branding solutions, our portfolio highlights the diversity of our expertise. We believe in pushing boundaries and crafting digital experiences that not only meet but exceed expectations. Your vision, brought to life with precision and flair.<\/p>","align":"center","text_color":"#000000","typography_typography":"custom","typography_font_family":"Montserrat","typography_font_size":{"unit":"px","size":16,"sizes":[]},"typography_font_size_mobile":{"unit":"px","size":20,"sizes":[]},"typography_font_weight":"500","_element_width_mobile":"initial","_element_custom_width_mobile":{"unit":"%","size":90,"sizes":[]},"_animation":"fadeInUp","animation_duration":"fast","typography_line_height":{"unit":"px","size":30,"sizes":[]}},"elements":[],"isInner":false,"widgetType":"text-editor","elType":"widget"},{"id":"b202a11","settings":{"content_width":"full","text":"Explore our work","selected_icon":{"value":"fas fa-arrow-right","library":"fa-solid"},"icon_align":"row-reverse","icon_indent":{"unit":"px","size":24,"sizes":[]},"typography_typography":"custom","typography_font_family":"Montserrat","typography_font_weight":"600","button_text_color":"#000000","background_color":"#0071E3","border_radius":{"unit":"px","top":"41","right":"41","bottom":"41","left":"41","isLinked":true},"text_padding":{"unit":"px","top":"6","right":"6","bottom":"6","left":"6","isLinked":true},"__globals__":{"button_text_color":""},"_css_classes":"btn1","_margin":{"unit":"px","top":"6","right":"0","bottom":"0","left":"0","isLinked":false},"background_background":"gradient","background_color_b":"#25409E","background_gradient_angle":{"unit":"deg","size":177,"sizes":[]},"link":{"url":"","is_external":"","nofollow":"","custom_attributes":""},"__dynamic__":{"link":"[elementor-tag id=\"ce316a0\" name=\"internal-url\" settings=\"%7B%22type%22%3A%22post%22%2C%22post_id%22%3A975%2C%22taxonomy_id%22%3A%22%22%2C%22attachment_id%22%3A%22%22%2C%22author_id%22%3A%22%22%7D\"]"},"typography_font_size":{"unit":"px","size":15,"sizes":[]},"hover_color":"#000000"},"elements":[],"isInner":false,"widgetType":"button","elType":"widget"},{"id":"1956c566","settings":{"content_width":"full","source_json":{"id":"18","url":"http:\/\/elementor-template.lifeonablock.com\/wp-content\/uploads\/2024\/09\/Animation-1717687475253-1.json"},"loop":"yes","width":{"unit":"px","size":360,"sizes":[]},"width_tablet":{"unit":"px","size":"","sizes":[]},"width_mobile":{"unit":"px","size":"","sizes":[]},"_padding":{"unit":"px","top":"200","right":"0","bottom":"0","left":"0","isLinked":false},"_padding_mobile":{"unit":"px","top":"10","right":"0","bottom":"0","left":"0","isLinked":false},"_padding_tablet":{"unit":"px","top":"050","right":"0","bottom":"0","left":"0","isLinked":false}},"elements":[],"isInner":false,"widgetType":"lottie","elType":"widget"}],"isInner":true,"elType":"container"},{"id":"69b3003","settings":{"content_width":"full","flex_direction":"row","flex_gap":{"column":"40","row":"40","isLinked":true,"unit":"px","size":40},"padding":{"unit":"px","top":"0","right":"0","bottom":"0","left":"0","isLinked":false},"css_classes":"row","_title":"row","flex_justify_content":"center"},"elements":[{"id":"50948619","settings":{"content_width":"full","image":{"id":1483,"url":"http:\/\/elementor-template.lifeonablock.com\/wp-content\/uploads\/2024\/09\/2-1.png","alt":"","source":"library","size":""},"image_border_radius":{"unit":"px","top":"30","right":"30","bottom":"30","left":"30","isLinked":true},"_css_classes":"card card-left","width":{"unit":"%","size":81,"sizes":[]},"align":"left","image_border_radius_mobile":{"unit":"px","top":"10","right":"10","bottom":"10","left":"10","isLinked":true},"_z_index":6,"_z_index_tablet":6,"width_mobile":{"unit":"%","size":100,"sizes":[]},"width_tablet":{"unit":"%","size":93,"sizes":[]},"align_tablet":"left"},"elements":[],"isInner":false,"widgetType":"image","elType":"widget"},{"id":"3ccdd8ed","settings":{"content_width":"full","image":{"id":1482,"url":"http:\/\/elementor-template.lifeonablock.com\/wp-content\/uploads\/2024\/09\/1-1.png","alt":"","source":"library","size":""},"image_border_radius":{"unit":"px","top":"30","right":"30","bottom":"30","left":"30","isLinked":true},"_css_classes":"card card-right","width":{"unit":"%","size":81,"sizes":[]},"image_border_radius_mobile":{"unit":"px","top":"10","right":"10","bottom":"10","left":"10","isLinked":true},"_z_index":6,"_z_index_tablet":6,"width_mobile":{"unit":"%","size":100,"sizes":[]},"align_tablet":"right","width_tablet":{"unit":"%","size":93,"sizes":[]},"align":"right"},"elements":[],"isInner":false,"widgetType":"image","elType":"widget"}],"isInner":true,"elType":"container"},{"id":"2752684a","settings":{"content_width":"full","flex_direction":"row","flex_gap":{"column":"40","row":"40","isLinked":true,"unit":"px","size":40},"padding":{"unit":"px","top":"0","right":"0","bottom":"0","left":"0","isLinked":false},"css_classes":"row","_title":"row","flex_justify_content":"center"},"elements":[{"id":"33204904","settings":{"content_width":"full","image":{"id":1484,"url":"http:\/\/elementor-template.lifeonablock.com\/wp-content\/uploads\/2024\/09\/3-1.png","alt":"","source":"library","size":""},"image_border_radius":{"unit":"px","top":"30","right":"30","bottom":"30","left":"30","isLinked":true},"_css_classes":"card card-left","width":{"unit":"%","size":81,"sizes":[]},"align":"left","image_box_shadow_box_shadow_type":"yes","image_box_shadow_box_shadow":{"horizontal":0,"vertical":0,"blur":10,"spread":0,"color":"rgba(156.4, 156.4, 156.4, 0.5)"},"image_border_radius_mobile":{"unit":"px","top":"10","right":"10","bottom":"10","left":"10","isLinked":true},"_z_index_tablet":6,"width_mobile":{"unit":"%","size":100,"sizes":[]}},"elements":[],"isInner":false,"widgetType":"image","elType":"widget"},{"id":"632302f5","settings":{"content_width":"full","image":{"id":1485,"url":"http:\/\/elementor-template.lifeonablock.com\/wp-content\/uploads\/2024\/09\/4.png","alt":"","source":"library","size":""},"image_border_radius":{"unit":"px","top":"30","right":"30","bottom":"30","left":"30","isLinked":true},"_css_classes":"card card-right","width":{"unit":"%","size":81,"sizes":[]},"image_border_radius_mobile":{"unit":"px","top":"10","right":"10","bottom":"10","left":"10","isLinked":true},"_z_index_tablet":6,"width_mobile":{"unit":"%","size":100,"sizes":[]},"align":"right"},"elements":[],"isInner":false,"widgetType":"image","elType":"widget"}],"isInner":true,"elType":"container"},{"id":"57a4b637","settings":{"content_width":"full","flex_direction":"row","flex_gap":{"column":"40","row":"40","isLinked":true,"unit":"px","size":40},"padding":{"unit":"px","top":"0","right":"0","bottom":"0","left":"0","isLinked":false},"css_classes":"row","_title":"row","flex_justify_content":"center","margin":{"unit":"px","top":"0","right":"0","bottom":"-250","left":"0","isLinked":false},"z_index":3},"elements":[{"id":"11977cbd","settings":{"content_width":"full","image":{"id":1487,"url":"http:\/\/elementor-template.lifeonablock.com\/wp-content\/uploads\/2024\/09\/6.png","alt":"","source":"library","size":""},"image_border_radius":{"unit":"px","top":"30","right":"30","bottom":"30","left":"30","isLinked":true},"_css_classes":"card card-left","width":{"unit":"%","size":81,"sizes":[]},"align":"left","image_border_radius_mobile":{"unit":"px","top":"10","right":"10","bottom":"10","left":"10","isLinked":true},"_z_index_tablet":6,"width_mobile":{"unit":"%","size":100,"sizes":[]}},"elements":[],"isInner":false,"widgetType":"image","elType":"widget"},{"id":"75a63889","settings":{"content_width":"full","image":{"id":1486,"url":"http:\/\/elementor-template.lifeonablock.com\/wp-content\/uploads\/2024\/09\/5-1.png","alt":"","source":"library","size":""},"image_border_radius":{"unit":"px","top":"30","right":"30","bottom":"30","left":"30","isLinked":true},"_css_classes":"card card-right","width":{"unit":"%","size":81,"sizes":[]},"align":"right","image_border_radius_mobile":{"unit":"px","top":"10","right":"10","bottom":"10","left":"10","isLinked":true},"_z_index_tablet":6},"elements":[],"isInner":false,"widgetType":"image","elType":"widget"}],"isInner":true,"elType":"container"}],"isInner":false,"elType":"container"}],"settings":{"custom_css":"\n.fit{\n\twidth: fit-content;\n\n}\n\n\n\n.users_photo .gallery-item{\n\twidth: 40px!important;\n\theight: 40px!important;\n}\n\n.elementor-widget-text-editor p:last-child{\n\tmargin-bottom: 0px;\n}\n\n\n\/* clients logo *\/\n\n.clients_logo{\n\tmask-image: linear-gradient(to right, rgba(0, 0, 0, 0) 0%, rgb(0, 0, 0) 12.5%, rgb(0, 0, 0) 87.5%, rgba(0, 0, 0, 0) 100%);\n}\n\n.icon_box_style1:hover h3, .icon_box_style1:hover p, .icon_box_style1:hover .elementor-icon i{\n\tcolor: #ffffff!important;\n}\n\n\/* image box *\/\n.img_box .top-back{\n\ttransition: 0.2s ease;\n\taspect-ratio: 1!important;\n}\n.img_box .c-heading{\n\tdisplay: none!important;\n\taspect-ratio: 1!important;\n}\n.img_box:hover .top-back{\n\twidth: 190px!important;\n}\n.img_box:hover .icon{\n\tdisplay: none!important;\n}\n.img_box:hover .c-heading{\n\tdisplay: block!important;\n}\n\n\/* pricing box *\/\n.pricing_box:hover .package_name .elementor-widget-container{\n\tbackground: #807166!important;\n}\n\n\/* Footer *\/\n.footer nav a:hover, .footer nav a.elementor-item-active{\n\ttext-decoration: underline;\n}\n\n.contact_info .elementor-icon-list-item{\n\tjustify-content: space-between;\n}\n\n\n\n\/* Buttons *\/\n\n\n@-webkit-keyframes in {\n    0%   { -webkit-transform: translate(0%,0%); }\n    20%   { \n        -webkit-filter: opacity(0);\n        -webkit-transform: translate(-50%,0%); }\n    40%   { \n        -webkit-filter: opacity(0);\n        -webkit-transform: translate(-50%,50%); }\n    60%   {\n        -webkit-filter: opacity(0);\n        -webkit-transform: translate(50%,50%); }\n    80%   { \n        -webkit-filter: opacity(0);\n        -webkit-transform: translate(50%,0); }\n    100%   { -webkit-transform: translate(0,0); }\n}\n\n@-webkit-keyframes out {\n    0%   { -webkit-transform: translate(0,0); }\n    20%   { \n        -webkit-filter: opacity(0);\n        -webkit-transform: translate(50%,0); }\n    40%   {\n        -webkit-filter: opacity(0);\n        -webkit-transform: translate(50%,50%); }\n    60%   { \n        -webkit-filter: opacity(0);\n        -webkit-transform: translate(-50%,50%); }\n    80%   { \n        -webkit-filter: opacity(0);\n        -webkit-transform: translate(-50%,0%); }\n    100%   { -webkit-transform: translate(0%,0%); }\n}\n\n\n.btn1{\n    .elementor-button-content-wrapper{\n        align-items: center;\n        padding-left: 12px;\n    }\n    .elementor-button-icon{\n        background: white;\n        color: black;\n        padding-top:12px;\n        padding-right: 10px;\n        padding-bottom: 10px;\n        padding-left: 13px;\n        border-radius: 60px;\n        transition: all 0.2s ease;\n    }\n    .elementor-button-icon > :first-child{\n        -webkit-animation: in 0.2s;\n    }\n    .elementor-button-text{\n        z-index: 9;\n        margin-left: 20px;\n         color: white;\n    }\n}\n.btn1:hover{\n    .elementor-button-icon{\n        \/*margin-left: calc(-100%);*\/\n        \/*padding-left: calc(100%);*\/\n    }\n    .elementor-button-icon > :first-child{\n    -webkit-animation: out 0.2s;\n    }\n    \n    .elementor-button-text{\n        z-index: 9;\n        margin-left: 20px;\n        color: black;\n    }\n    \n}\n\n\n"},"metadata":[]}