{"content":[{"id":"84139f3","settings":{"background_background":"classic","padding":{"unit":"px","top":"50","right":"40","bottom":"080","left":"40","isLinked":false},"background_color_b":"#C4C4C4","background_gradient_angle":{"unit":"deg","size":134,"sizes":[]},"background_color_b_stop":{"unit":"%","size":79,"sizes":[]},"background_gradient_position":"top center","margin":{"unit":"px","top":"0","right":"0","bottom":"0","left":"0","isLinked":false},"background_color_stop":{"unit":"%","size":70,"sizes":[]},"overflow":"hidden","padding_mobile":{"unit":"px","top":"70","right":"20","bottom":"050","left":"20","isLinked":false},"__globals__":{"background_color":""},"background_color":"#F4F4F4","padding_tablet":{"unit":"px","top":"050","right":"30","bottom":"050","left":"30","isLinked":false},"hide_mobile":"hidden-mobile"},"elements":[{"id":"2e3cffc","settings":{"content_width":"full","image":{"id":"17","url":"http:\/\/elementor-template.lifeonablock.com\/wp-content\/uploads\/2024\/09\/YouTube-Thumbnail-16.svg"},"align":"center","width":{"unit":"%","size":3,"sizes":[]},"width_tablet":{"unit":"%","size":7,"sizes":[]},"width_mobile":{"unit":"%","size":19,"sizes":[]}},"elements":[],"isInner":false,"widgetType":"image","elType":"widget"},{"id":"40311712","settings":{"title":"<span class=\"tofarver\"> Some of the Clients<\/span><br>We've Worked With","title_color":"#000000","typography_typography":"custom","typography_font_family":"Kameron","typography_font_size":{"unit":"px","size":45,"sizes":[]},"typography_font_weight":"600","pa_condition_repeater":[],"premium_tooltip_text":"Hi, I'm a global tooltip.","premium_tooltip_position":"top,bottom","_element_width":"inherit","_element_custom_width":{"unit":"%","size":90,"sizes":[]},"typography_font_size_tablet":{"unit":"px","size":35,"sizes":[]},"typography_line_height_tablet":{"unit":"px","size":45,"sizes":[]},"typography_line_height_mobile":{"unit":"em","size":1.3,"sizes":[]},"_element_custom_width_tablet":{"unit":"%","size":90,"sizes":[]},"_element_custom_width_mobile":{"unit":"%","size":"","sizes":[]},"align":"center","typography_text_transform":"capitalize","content_width":"full","typography_font_size_mobile":{"unit":"px","size":31,"sizes":[]},"_padding_mobile":{"unit":"px","top":"0","right":"0","bottom":"0","left":"0","isLinked":false}},"elements":[],"isInner":false,"widgetType":"heading","elType":"widget"},{"id":"86bf8ab","settings":{"editor":"<div class=\"flex max-w-full flex-col flex-grow\"><div class=\"min-h-[20px] text-message flex w-full flex-col items-end gap-2 whitespace-normal break-words [.text-message+&amp;]:mt-5\" dir=\"auto\" data-message-author-role=\"assistant\" data-message-id=\"0a2298c2-7f3f-4962-b97a-750f07075d60\"><div class=\"flex w-full flex-col gap-1 empty:hidden first:pt-[3px]\"><div class=\"markdown prose w-full break-words dark:prose-invert light\"><p>We partner with businesses to create solutions that drive real results. From improving workflows to boosting their online presence, these case studies showcase how we've helped our clients grow and succeed through collaboration and innovation.<\/p><\/div><\/div><\/div><\/div>","__globals__":{"typography_typography":""},"text_color":"#000000","typography_typography":"custom","typography_font_family":"Montserrat","typography_font_size":{"unit":"px","size":15,"sizes":[]},"typography_font_weight":"500","typography_line_height":{"unit":"px","size":27,"sizes":[]},"pa_condition_repeater":[],"premium_tooltip_text":"Hi, I'm a global tooltip.","premium_tooltip_position":"top,bottom","align":"center","_margin_tablet":{"unit":"px","top":"0","right":"0","bottom":"0","left":"0","isLinked":false},"_margin_mobile":{"unit":"px","top":"0","right":"0","bottom":"0","left":"0","isLinked":false},"_padding":{"unit":"px","top":"0","right":"0","bottom":"0","left":"0","isLinked":false},"content_width":"full","_padding_tablet":{"unit":"px","top":"0","right":"50","bottom":"0","left":"50","isLinked":false},"_padding_mobile":{"unit":"px","top":"0","right":"0","bottom":"0","left":"0","isLinked":false}},"elements":[],"isInner":false,"widgetType":"text-editor","elType":"widget"},{"id":"72dbcb89","settings":{"content_width":"full","source_json":{"id":"97","url":"http:\/\/elementor-template.lifeonablock.com\/wp-content\/uploads\/2024\/09\/Animation-1725448586238.json"},"loop":"yes","width":{"unit":"%","size":7,"sizes":[]},"_margin":{"unit":"px","top":"0","right":"0","bottom":"-68","left":"0","isLinked":false},"css_filters_css_filter":"custom","css_filters_brightness":{"unit":"px","size":0,"sizes":[]},"css_filters_contrast":{"unit":"px","size":49,"sizes":[]},"css_filters_saturate":{"unit":"px","size":88,"sizes":[]},"css_filters_hue":{"unit":"px","size":150,"sizes":[]},"_element_custom_width":{"unit":"%","size":28,"sizes":[]},"width_mobile":{"unit":"%","size":22,"sizes":[]},"_margin_mobile":{"unit":"px","top":"0","right":"0","bottom":"0","left":"0","isLinked":false},"_margin_tablet":{"unit":"px","top":"0","right":"0","bottom":"-35","left":"0","isLinked":false}},"elements":[],"isInner":false,"widgetType":"lottie","elType":"widget"},{"id":"1e5d82ec","settings":{"content_width":"full","html":"<!DOCTYPE html>\n<html lang=\"en\">\n  <head>\n    <meta charset=\"UTF-8\" \/>\n    <meta name=\"viewport\" content=\"width=device-width, initial-scale=1.0\" \/>\n    <title>Document<\/title>\n    <link rel=\"stylesheet\" href=\"main.css\" \/>\n  <\/head>\n  <body>\n    <div class=\"wrapper\">\n      <div class=\"imgs-parent\">\n        <div class=\"img\" style=\"background-image: url(http:\/\/elementor-template.lifeonablock.com\/wp-content\/uploads\/2024\/10\/wave-1.webp)\">\n          <div class=\"content\">\n            <h3>Fusion\u00ae<\/h3>\n            <a href=\"https:\/\/michellewp.gumroad.com\/l\/bvwiw\" class=\"btn\">Read More<\/a>\n          <\/div>\n        <\/div>\n        <div class=\"img\" style=\"background-image: url(http:\/\/elementor-template.lifeonablock.com\/wp-content\/uploads\/2024\/10\/wave-2.webp)\">\n          <div class=\"content\">\n            <h3>Panzer Collect<\/h3>\n            <a href=\"https:\/\/michellewp.gumroad.com\/l\/bvwiw\" class=\"btn\">Read More<\/a>\n          <\/div>\n        <\/div>\n        <div class=\"img\" style=\"background-image: url(http:\/\/elementor-template.lifeonablock.com\/wp-content\/uploads\/2024\/10\/Wave-3.jpg)\">\n          <div class=\"content\">\n            <h3>BikeUP\u2122<\/h3>\n            <a href=\"https:\/\/michellewp.gumroad.com\/l\/bvwiw\" class=\"btn\">Read More<\/a>\n          <\/div>\n        <\/div>\n        <div class=\"img\" style=\"background-image: url(http:\/\/elementor-template.lifeonablock.com\/wp-content\/uploads\/2024\/10\/wave-4.webp)\">\n          <div class=\"content\">\n            <h3>Basic Apparel<\/h3>\n            <a href=\"https:\/\/michellewp.gumroad.com\/l\/bvwiw\" class=\"btn\">Read More<\/a>\n          <\/div>\n        <\/div>\n        <div class=\"img\" style=\"background-image: url(http:\/\/elementor-template.lifeonablock.com\/wp-content\/uploads\/2024\/10\/Wave-5.jpg)\">\n          <div class=\"content\">\n            <h3>Shaping Shoe<\/h3>\n            <a href=\"\/contact-us\/\" class=\"btn\">Read More<\/a>\n          <\/div>\n        <\/div>\n        <div class=\"img\" style=\"background-image: url(http:\/\/elementor-template.lifeonablock.com\/wp-content\/uploads\/2024\/10\/Wave-6.jpg)\">\n          <div class=\"content\">\n            <h3>ARkk Project<\/h3>\n            <a href=\"https:\/\/michellewp.gumroad.com\/l\/bvwiw\/\" class=\"btn\">Read More<\/a>\n          <\/div>\n        <\/div>\n        <div class=\"img\" style=\"background-image: url(http:\/\/elementor-template.lifeonablock.com\/wp-content\/uploads\/2024\/10\/Wave-7.webp)\">\n          <div class=\"content\">\n            <h3>Bahne TML<\/h3>\n            <a href=\"https:\/\/michellewp.gumroad.com\/l\/bvwiw\" class=\"btn\">Read More<\/a>\n          <\/div>\n        <\/div>\n        <div class=\"img\" style=\"background-image: url(http:\/\/elementor-template.lifeonablock.com\/wp-content\/uploads\/2024\/10\/Wave-8.webp)\">\n          <div class=\"content\">\n            <h3>Bahne TML<\/h3>\n            <a href=\"https:\/\/michellewp.gumroad.com\/l\/bvwiw\" class=\"btn\">Read More<\/a>\n          <\/div>\n        <\/div>\n        <div class=\"img\" style=\"background-image: url(http:\/\/elementor-template.lifeonablock.com\/wp-content\/uploads\/2024\/10\/Wave-9.webp)\">\n          <div class=\"content\">\n            <h3>DEA Clothing<\/h3>\n            <a href=\"https:\/\/michellewp.gumroad.com\/l\/bvwiw\" class=\"btn\">Read More<\/a>\n          <\/div>\n          \n        <\/div>\n      <\/div>\n    <\/div>\n  <\/body>\n<\/html>\n","_margin_tablet":{"unit":"px","top":"-30","right":"0","bottom":"-30","left":"0","isLinked":false}},"elements":[],"isInner":false,"widgetType":"html","elType":"widget"},{"id":"337e508","settings":{"content_width":"full","text":"Work with us","selected_icon":{"value":"fas fa-arrow-right","library":"fa-solid"},"icon_align":"row-reverse","icon_indent":{"unit":"px","size":11,"sizes":[]},"typography_typography":"custom","typography_font_family":"Montserrat","typography_font_weight":"600","button_text_color":"#000000","background_color":"#0071E3","border_radius":{"unit":"px","top":"41","right":"41","bottom":"41","left":"41","isLinked":true},"text_padding":{"unit":"px","top":"6","right":"6","bottom":"6","left":"6","isLinked":true},"custom_css":"@-webkit-keyframes in {\n    0%   { -webkit-transform: translate(0%,0%); }\n    20%   { \n        -webkit-filter: opacity(0);\n        -webkit-transform: translate(-50%,0%); }\n    40%   { \n        -webkit-filter: opacity(0);\n        -webkit-transform: translate(-50%,50%); }\n    60%   {\n        -webkit-filter: opacity(0);\n        -webkit-transform: translate(50%,50%); }\n    80%   { \n        -webkit-filter: opacity(0);\n        -webkit-transform: translate(50%,0); }\n    100%   { -webkit-transform: translate(0,0); }\n}\n\n@-webkit-keyframes out {\n    0%   { -webkit-transform: translate(0,0); }\n    20%   { \n        -webkit-filter: opacity(0);\n        -webkit-transform: translate(50%,0); }\n    40%   {\n        -webkit-filter: opacity(0);\n        -webkit-transform: translate(50%,50%); }\n    60%   { \n        -webkit-filter: opacity(0);\n        -webkit-transform: translate(-50%,50%); }\n    80%   { \n        -webkit-filter: opacity(0);\n        -webkit-transform: translate(-50%,0%); }\n    100%   { -webkit-transform: translate(0%,0%); }\n}\n\n","__globals__":{"button_text_color":""},"_css_classes":"btn1","_margin":{"unit":"px","top":"0","right":"0","bottom":"0","left":"0","isLinked":false},"background_background":"gradient","background_color_b":"#25409E","background_gradient_angle":{"unit":"deg","size":140,"sizes":[]},"align":"center","_padding":{"unit":"px","top":"0","right":"0","bottom":"0","left":"0","isLinked":false},"background_color_stop":{"unit":"%","size":42,"sizes":[]},"__dynamic__":{"link":"[elementor-tag id=\"8d69b86\" name=\"internal-url\" settings=\"%7B%22type%22%3A%22post%22%2C%22post_id%22%3A978%2C%22taxonomy_id%22%3A%22%22%2C%22attachment_id%22%3A%22%22%2C%22author_id%22%3A%22%22%7D\"]"},"hover_color":"#000000","_margin_mobile":{"unit":"px","top":"-30","right":"0","bottom":"0","left":"0","isLinked":false}},"elements":[],"isInner":false,"widgetType":"button","elType":"widget"},{"id":"35de77a9","settings":{"content_width":"full","html":"<style>\n* {\n  margin: 0;\n  padding: 0;\n  box-sizing: border-box;\n}\n\n:root {\n  --transition: cubic-bezier(0.1, 0.7, 0, 1);\n}\n\nbody {\n  background: linear-gradient(90deg, black, #333);\n}\n\n.wrapper {\n  display: flex;\n  align-items: center;\n  justify-content: center;\n  height: 40vh;\n}\n\n.imgs-parent {\n  display: flex;\n  gap: 0.4rem;\n  perspective: 60rem;\n}\n\n.img {\n  width: 8.0rem;\n  height: 19rem;\n  background-size: cover;\n  background-position: center;\n  cursor: pointer;\n  transition: transform 1.25s var(--transition), filter 3s var(--transition), width 0.3s var(--transition);\n  position: relative;\n  filter: grayscale(0) brightness(0.7);\n  will-change: transform, filter;\n  border-radius: 8px;\n}\n\n.content {\n  position: absolute;\n  bottom: 0;\n  left: 0;\n  width: 100%;\n  padding: 10px;\n  color: white;\n  text-align: center;\n  opacity: 0;\n  visibility: hidden;\n  transition: opacity 0.3s ease, visibility 0.3s ease;\n}\n\nh3 {\n  font-size: 15px;\n  margin-bottom: 5px;\n}\n\n\/* Knappen *\/\n.btn {\n  display: inline-block;\n   font-family: \"Montserrat\", Sans-serif;\n  padding: 4px 10px;\nbackground-color: transparent;\n    background-image: linear-gradient(140deg, #0071E3 42%, #25409E 100%);\n  color: white;\n  text-decoration: none;\n  font-size: 12px;\n      font-weight: 600;\n       fill: #000000;\n  border-radius: 15px;\n  text-align: center;\n  transition: background-color 0.3s ease, opacity 0.3s ease, visibility 0.3s ease;\n  opacity: 0;\n  visibility: hidden;\n  margin-bottom: 8px;\n}\n\n.img:hover .btn,\n.img:hover .content {\n  opacity: 1;\n  visibility: visible;\n}\n\n.btn:hover {\n  background-color: #005bb5;\n}\n\n.img:hover {\n  transform: translateZ(17.375rem);\n  filter: grayscale(0) brightness(0.9);\n}\n\n.img:hover .content {\n  display: flex;\n  flex-direction: column;\n  justify-content: flex-end;\n}\n\n.img::before,\n.img::after {\n  content: \"\";\n  position: absolute;\n  width: 1.25rem;\n  height: 100%;\n  right: -1.25rem;\n}\n\n.img::after {\n  left: -1.25rem;\n}\n\n.img:hover + * {\n  transform: translateZ(14.77rem) rotateY(35deg);\n  filter: grayscale(0.2) brightness(0.9);\n  z-index: -1;\n}\n\n.img:hover + * + * {\n  transform: translateZ(9.73rem) rotateY(40deg);\n  filter: grayscale(0.4) brightness(0.8);\n  z-index: -2;\n}\n\n.img:hover + * + * + * {\n  transform: translateZ(4.17rem) rotateY(35deg);\n  filter: grayscale(0.6) brightness(0.7);\n  z-index: -3;\n}\n\n.img:hover + * + * + * + * {\n  transform: translateZ(1.1rem) rotateY(25deg);\n  filter: grayscale(0.8) brightness(0.6);\n  z-index: -4;\n}\n\n.img:has(+ :hover) {\n  transform: translateZ(14.77rem) rotateY(-35deg);\n  filter: grayscale(0.2) brightness(0.9);\n}\n\n.img:has(+ * + :hover) {\n  transform: translateZ(9.73rem) rotateY(-40deg);\n  filter: grayscale(0.4) brightness(0.8);\n}\n\n.img:has(+ * + * + :hover) {\n  transform: translateZ(4.17rem) rotateY(-35deg);\n  filter: grayscale(0.6) brightness(0.7);\n}\n\n.img:has(+ * + * + * + :hover) {\n  transform: translateZ(1.1rem) rotateY(-25deg);\n  filter: grayscale(0.8) brightness(0.6);\n}\n\n.open {\n  width: 25vw;\n  transform: translateZ(17.375rem);\n  filter: inherit;\n  z-index: 1;\n  margin: 0 0.45vw;\n}\n\n@media (max-width: 820px) {\n  .img {\n    width: 8.0rem;\n    height: 19rem;\n  }\n\n  .img:hover {\n    transform: translateZ(17.375rem);\n    filter: inherit;\n  }\n\n  .open {\n    width: 20vw;\n    transform: translateZ(7.375rem);\n    filter: inherit;\n    z-index: 1;\n    margin: 0 0.45vw;\n  }\n}\n\n\n    \n<\/style>"},"elements":[],"isInner":false,"widgetType":"html","elType":"widget"},{"id":"4694fd15","settings":{"content_width":"full","html":"<script>\n    \n    document.body.addEventListener(\"click\", (event) => {\n  const clickedElement = event.target,\n    imgs = document.querySelectorAll(\".img\");\n\n  if (!clickedElement.classList.contains(\"img\")) {\n    imgs.forEach((img) => img.classList.remove(\"open\"));\n    return;\n  }\n\n  if (clickedElement.classList.contains(\"open\")) {\n    clickedElement.classList.remove(\"open\");\n    return;\n  }\n\n  imgs.forEach((img) => img.classList.remove(\"open\"));\n  clickedElement.classList.add(\"open\");\n});\n\ndocument.body.addEventListener(\"click\", (event) => {});\n    \n<\/script>"},"elements":[],"isInner":false,"widgetType":"html","elType":"widget"}],"isInner":false,"elType":"container"}],"settings":{"custom_css":"\/* Buttons *\/\n\n\n@-webkit-keyframes in {\n    0%   { -webkit-transform: translate(0%,0%); }\n    20%   { \n        -webkit-filter: opacity(0);\n        -webkit-transform: translate(-50%,0%); }\n    40%   { \n        -webkit-filter: opacity(0);\n        -webkit-transform: translate(-50%,50%); }\n    60%   {\n        -webkit-filter: opacity(0);\n        -webkit-transform: translate(50%,50%); }\n    80%   { \n        -webkit-filter: opacity(0);\n        -webkit-transform: translate(50%,0); }\n    100%   { -webkit-transform: translate(0,0); }\n}\n\n@-webkit-keyframes out {\n    0%   { -webkit-transform: translate(0,0); }\n    20%   { \n        -webkit-filter: opacity(0);\n        -webkit-transform: translate(50%,0); }\n    40%   {\n        -webkit-filter: opacity(0);\n        -webkit-transform: translate(50%,50%); }\n    60%   { \n        -webkit-filter: opacity(0);\n        -webkit-transform: translate(-50%,50%); }\n    80%   { \n        -webkit-filter: opacity(0);\n        -webkit-transform: translate(-50%,0%); }\n    100%   { -webkit-transform: translate(0%,0%); }\n}\n\n\n.btn1{\n    .elementor-button-content-wrapper{\n        align-items: center;\n        padding-left: 12px;\n    }\n    .elementor-button-icon{\n        background: white;\n        color: black;\n        padding-top:12px;\n        padding-right: 10px;\n        padding-bottom: 10px;\n        padding-left: 13px;\n        border-radius: 60px;\n        transition: all 0.2s ease;\n    }\n    .elementor-button-icon > :first-child{\n        -webkit-animation: in 0.2s;\n    }\n    .elementor-button-text{\n        z-index: 9;\n        margin-left: 20px;\n        color: white;\n    }\n}\n.btn1:hover{\n    .elementor-button-icon{\n        \/*margin-left: calc(-100%);*\/\n        \/*padding-left: calc(100%);*\/\n    }\n    .elementor-button-icon > :first-child{\n    -webkit-animation: out 0.2s;\n    }\n    \n    .elementor-button-text{\n        z-index: 9;\n        margin-left: 20px;\n        color: black;\n    }\n    \n}\n\n* image box *\/\n.img_box .top-back{\n\ttransition: 0.2s ease;\n\taspect-ratio: 1!important;\n}\n.img_box .c-heading{\n\tdisplay: none!important;\n\taspect-ratio: 1!important;\n}\n.img_box:hover .top-back{\n\twidth: 190px!important;\n}\n.img_box:hover .icon{\n\tdisplay: none!important;\n}\n.img_box:hover .c-heading{\n\tdisplay: block!important;\n}\n \n \n .users_photo .gallery-item{\n\twidth: 40px!important;\n\theight: 40px!important;\n}\n \n \n #underline { text-decoration: none;\n;}\n\n\n\n"},"metadata":[]}