{"content":[{"id":"3ec588de","settings":{"flex_direction":"column","content_width":"full","min_height":{"unit":"px","size":3600,"sizes":[]},"min_height_tablet":{"unit":"vh","size":"","sizes":[]},"min_height_mobile":{"unit":"px","size":3600,"sizes":[]},"padding":{"unit":"px","top":"0","right":"0","bottom":"0","left":"0","isLinked":false},"css_classes":"scroll-container-parent","_title":"Our services","margin":{"unit":"px","top":"0","right":"0","bottom":"0","left":"0","isLinked":false},"background_background":"classic","background_color":"#FBFBFB","padding_mobile":{"unit":"px","top":"0","right":"20","bottom":"0","left":"20","isLinked":false},"overflow":"hidden","margin_mobile":{"unit":"px","top":"0","right":"0","bottom":"010","left":"0","isLinked":false},"margin_tablet":{"unit":"px","top":"0","right":"0","bottom":"0","left":"0","isLinked":false}},"elements":[{"id":"26d4053f","settings":{"content_width":"full","html":"<style>\n    body {\n        overflow-x: hidden;\n    }\n    .tag {\n        backdrop-filter: blur(20px);\n    }\n    .scroll-container {\n        overflow: visible;\n        will-change: transform;\n        transition: transform 0.2s ease; \/* Smooth transition for transform *\/\n    }\n    .panel {\n        will-change: transform;\n        aspect-ratio: 1.5;\n        transition: background-size 0.2s ease;\n    }\n    .panel:hover {\n        background-size: 130% !important;\n        transition: 0.2s;\n    }\n    .overflow-hidden {\n        overflow: hidden;\n    }\n    \n   .sticky-section {\n    transition: position 0.2s ease; \/* Smooth transition for position change *\/\n    }\n<\/style>\n\n<script>\ndocument.addEventListener('DOMContentLoaded', function() {\n    const scrollContainerParent = document.querySelector('.scroll-container-parent');\n    const scrollContainer = document.querySelector('.scroll-container');\n    const stickySection = document.querySelector('.sticky-section');\n    const panels = document.querySelectorAll('.panel');\n\n    let totalPanelWidth = 0;\n    panels.forEach(panel => {\n        totalPanelWidth += panel.offsetWidth;\n    });\n\n    const panelLeftSpace = panels[0].getBoundingClientRect().left;\n    const viewportWidth = window.innerWidth;\n\n    function handleScroll() {\n        const isSticky = stickySection.classList.contains('elementor-sticky--active');\n        const isPositionFixed = window.getComputedStyle(stickySection).position === 'fixed';\n        const isPositionAbsolute = window.getComputedStyle(stickySection).position === 'absolute';\n\n        if (isSticky && isPositionFixed) {\n            const scrollTop = window.scrollY;\n            const rect = scrollContainerParent.getBoundingClientRect();\n            const elementTop = scrollTop + rect.top;\n            const parentHeight = scrollContainerParent.offsetHeight;\n            const viewportHeight = window.innerHeight;\n\n            const startScroll = elementTop;\n            const endScroll = elementTop + parentHeight - viewportHeight;\n\n            let percentage = ((scrollTop - startScroll) \/ (endScroll - startScroll)) * 100;\n            percentage = Math.max(0, Math.min(percentage, 100));\n\n            const translateX = -(totalPanelWidth - viewportWidth + (panelLeftSpace * 2) + viewportWidth \/ 3) * (percentage \/ 100);\n\n            \/\/ Use requestAnimationFrame to apply the transform\n            requestAnimationFrame(() => {\n                scrollContainer.style.transform = `translateX(${translateX}px)`;\n            });\n        }\n        else if (!isSticky && !isPositionAbsolute) {\n            \/\/ Reset transform when not sticky and not absolute\n            requestAnimationFrame(() => {\n                scrollContainer.style.transform = 'translateX(0)';\n            });\n        }\n    }\n\n    if (scrollContainer && scrollContainerParent && stickySection) {\n        window.addEventListener('scroll', handleScroll);\n        \/\/ Initial call to set up the correct transform\n        handleScroll();\n    } else {\n        console.error('.scroll-container, .scroll-container-parent, or .sticky-section not found!');\n    }\n});\n<\/script>\n"},"elements":[],"isInner":false,"widgetType":"html","elType":"widget"},{"id":"3bffeb87","settings":{"css_classes":"sticky-section","sticky":"top","sticky_parent":"yes","_title":"sticky-section","padding":{"unit":"px","top":"0150","right":"0","bottom":"0100","left":"0","isLinked":false},"boxed_width":{"unit":"px","size":1400,"sizes":[]},"margin":{"unit":"px","top":"0","right":"0","bottom":"0","left":"0","isLinked":false},"margin_tablet":{"unit":"px","top":"0","right":"0","bottom":"0","left":"0","isLinked":false},"margin_mobile":{"unit":"px","top":"-65","right":"0","bottom":"0","left":"0","isLinked":false},"padding_mobile":{"unit":"px","top":"0","right":"0","bottom":"0","left":"0","isLinked":false},"overflow":"hidden","padding_tablet":{"unit":"px","top":"100","right":"0","bottom":"100","left":"40","isLinked":false},"min_height_tablet":{"unit":"vh","size":70,"sizes":[]},"min_height_mobile":{"unit":"vh","size":100,"sizes":[]},"flex_justify_content_tablet":"center","flex_gap":{"column":"0","row":"0","isLinked":true,"unit":"px","size":0},"z_index_tablet":9},"elements":[{"id":"4984e30d","settings":{"content_width":"full","image":{"id":"17","url":"http:\/\/elementor-template.lifeonablock.com\/wp-content\/uploads\/2024\/09\/YouTube-Thumbnail-16.svg"},"title_text":"Our services","description_text":"","position":"left","image_space":{"unit":"px","size":7,"sizes":[]},"title_bottom_space":{"unit":"px","size":8,"sizes":[]},"image_size":{"unit":"%","size":3,"sizes":[]},"title_color":"#000000","title_typography_typography":"custom","title_typography_font_family":"Montserrat","title_typography_font_size":{"unit":"px","size":14,"sizes":[]},"title_typography_font_weight":"600","title_typography_line_height":{"unit":"px","size":5,"sizes":[]},"_margin":{"unit":"px","top":"0","right":"0","bottom":"-10","left":"9","isLinked":false},"image_size_mobile":{"unit":"%","size":9,"sizes":[]},"_margin_tablet":{"unit":"px","top":"0","right":"0","bottom":"-25","left":"35","isLinked":false},"_margin_mobile":{"unit":"px","top":"0","right":"0","bottom":"0","left":"0","isLinked":false}},"elements":[],"isInner":false,"widgetType":"image-box","elType":"widget"},{"id":"b76cb6f","settings":{"flex_direction":"row","flex_justify_content":"flex-end","flex_align_items":"center","content_width":"full","flex_justify_content_mobile":"flex-start","flex_gap_mobile":{"column":"0","row":"0","isLinked":true,"unit":"px","size":0},"sticky_parent":"yes","width":{"unit":"%","size":100,"sizes":[]},"margin":{"unit":"px","top":"0","right":"0","bottom":"0","left":"0","isLinked":false},"margin_tablet":{"unit":"px","top":"0","right":"70","bottom":"0","left":"0","isLinked":false},"margin_mobile":{"unit":"px","top":"0","right":"0","bottom":"0","left":"0","isLinked":false},"padding_mobile":{"unit":"px","top":"0","right":"0","bottom":"0","left":"0","isLinked":false}},"elements":[{"id":"3ce315fd","settings":{"content_width":"full","width":{"unit":"%","size":97,"sizes":[]},"flex_direction":"row","padding":{"unit":"px","top":"0","right":"0","bottom":"0","left":"0","isLinked":false}},"elements":[{"id":"14613d64","settings":{"content_width":"full","title":"Digital solutions that<br>\n <span class=\"tofarver\"> make an impact\n<\/span>","title_color":"#000000","typography_typography":"custom","typography_font_family":"Kameron","typography_font_size":{"unit":"px","size":45,"sizes":[]},"typography_font_size_mobile":{"unit":"px","size":1,"sizes":[]},"typography_font_weight":"600","_margin_mobile":{"unit":"px","top":"0","right":"0","bottom":"0","left":"0","isLinked":false},"_padding_mobile":{"unit":"px","top":"0","right":"0","bottom":"0","left":"0","isLinked":false},"_element_width":"inherit","_element_width_mobile":"auto","_element_custom_width":{"unit":"%","size":30,"sizes":[]},"_margin":{"unit":"px","top":"0","right":"0","bottom":"0","left":"0","isLinked":false},"typography_line_height":{"unit":"px","size":50,"sizes":[]},"align_mobile":"center","typography_font_size_tablet":{"unit":"px","size":35,"sizes":[]},"typography_line_height_mobile":{"unit":"em","size":1.1,"sizes":[]},"hide_tablet":"hidden-tablet","hide_mobile":"hidden-mobile"},"elements":[],"isInner":false,"widgetType":"heading","elType":"widget"},{"id":"73442ce7","settings":{"content_width":"full","title":"Digital solutions \n <span class=\"tofarver\"> that make an impact\n<\/span>","title_color":"#000000","typography_typography":"custom","typography_font_family":"Kameron","typography_font_size":{"unit":"px","size":45,"sizes":[]},"typography_font_size_mobile":{"unit":"px","size":35,"sizes":[]},"typography_font_weight":"600","_margin_mobile":{"unit":"px","top":"0","right":"0","bottom":"0","left":"0","isLinked":false},"_padding_mobile":{"unit":"px","top":"0","right":"0","bottom":"0","left":"0","isLinked":false},"_element_width":"inherit","_element_width_mobile":"auto","_element_custom_width":{"unit":"%","size":30,"sizes":[]},"_margin":{"unit":"px","top":"0","right":"0","bottom":"0","left":"0","isLinked":false},"typography_line_height":{"unit":"px","size":50,"sizes":[]},"align_mobile":"center","typography_font_size_tablet":{"unit":"px","size":35,"sizes":[]},"typography_line_height_mobile":{"unit":"em","size":1.1,"sizes":[]},"hide_desktop":"hidden-desktop","typography_line_height_tablet":{"unit":"em","size":1.2,"sizes":[]}},"elements":[],"isInner":false,"widgetType":"heading","elType":"widget"}],"isInner":true,"elType":"container"},{"id":"2fb5519b","settings":{"content_width":"full","width":{"unit":"%","size":82,"sizes":[]},"flex_justify_content":"flex-end","flex_align_items":"flex-end","margin":{"unit":"px","top":"0","right":"0","bottom":"0","left":"0","isLinked":false},"_flex_align_self":"center","flex_direction":"row"},"elements":[{"id":"23b5bfac","settings":{"content_width":"full","editor":"<div class=\"description\"><p>Every day we develop truly useful solutions that make people\u2019s everyday lives a little easier. We work with customers in both public and private sector.<\/p><\/div>","align":"left","text_color":"#000000","typography_typography":"custom","typography_font_family":"Montserrat","typography_font_size":{"unit":"px","size":16,"sizes":[]},"typography_font_size_mobile":{"unit":"px","size":16,"sizes":[]},"typography_font_weight":"500","_margin_mobile":{"unit":"px","top":"4","right":"0","bottom":"10","left":"0","isLinked":false},"_flex_align_self":"center","_flex_order":"custom","_margin":{"unit":"px","top":"0","right":"0","bottom":"0","left":"50","isLinked":false},"_padding":{"unit":"px","top":"0","right":"0","bottom":"0","left":"0","isLinked":false},"_element_custom_width":{"unit":"%","size":94,"sizes":[]},"align_mobile":"center","_margin_tablet":{"unit":"px","top":"0","right":"0","bottom":"0","left":"0","isLinked":false}},"elements":[],"isInner":false,"widgetType":"text-editor","elType":"widget"},{"id":"286464e1","settings":{"content_width":"full","selected_icon":{"value":"fas fa-arrow-circle-right","library":"fa-solid"},"primary_color":"#0071E3","size":{"unit":"px","size":29,"sizes":[]},"__globals__":{"primary_color":""},"hide_tablet":"hidden-tablet","hide_mobile":"hidden-mobile"},"elements":[],"isInner":false,"widgetType":"icon","elType":"widget"}],"isInner":true,"elType":"container"}],"isInner":true,"elType":"container"},{"id":"21ee7b37","settings":{"min_height":{"unit":"vh","size":"","sizes":[]},"min_height_tablet":{"unit":"vh","size":"","sizes":[]},"min_height_mobile":{"unit":"vh","size":"","sizes":[]},"flex_direction":"row","flex_justify_content":"flex-start","flex_align_items":"center","sticky_parent":"yes","_transform_translateX_effect":{"unit":"%","size":-100,"sizes":[]},"_transform_translateX_effect_tablet":{"unit":"%","size":"","sizes":[]},"_transform_translateX_effect_mobile":{"unit":"%","size":"","sizes":[]},"motion_fx_translateX_effect":"yes","motion_fx_translateX_speed":{"unit":"px","size":50,"sizes":[]},"motion_fx_range":"page","flex_gap":{"column":"15","row":"15","isLinked":true,"unit":"px","size":15},"overflow":"hidden","css_classes":"scroll-container","content_width":"full","flex_gap_mobile":{"column":"20","row":"20","isLinked":true,"unit":"px","size":20},"flex_wrap":"nowrap","flex_wrap_mobile":"nowrap","padding":{"unit":"px","top":"20","right":"0","bottom":"0","left":"0","isLinked":false},"sticky_offset":130,"_title":"scroll-container","__dynamic__":{"link":"[elementor-tag id=\"fd44d42\" name=\"internal-url\" settings=\"%7B%22type%22%3A%22post%22%2C%22post_id%22%3A975%2C%22taxonomy_id%22%3A%22%22%2C%22attachment_id%22%3A%22%22%2C%22author_id%22%3A%22%22%7D\"]"},"margin_mobile":{"unit":"px","top":"0","right":"0","bottom":"0","left":"0","isLinked":true},"padding_mobile":{"unit":"px","top":"0","right":"0","bottom":"0","left":"0","isLinked":true}},"elements":[{"id":"1b79bb3e","settings":{"content_width":"full","width":{"unit":"px","size":500,"sizes":[]},"_flex_size":"grow","motion_fx_translateX_effect":"yes","motion_fx_translateX_speed":{"unit":"px","size":50,"sizes":[]},"motion_fx_range":"page","_transform_translateX_effect":{"unit":"%","size":-100,"sizes":[]},"_transform_translateX_effect_tablet":{"unit":"%","size":"","sizes":[]},"_transform_translateX_effect_mobile":{"unit":"%","size":"","sizes":[]},"css_classes":"panel","width_tablet":{"unit":"%","size":"","sizes":[]},"width_mobile":{"unit":"%","size":"","sizes":[]},"overflow":"hidden","html_tag":"a","link":{"url":"#","is_external":"","nofollow":"","custom_attributes":""},"background_background":"classic","background_image":{"id":"46","url":"http:\/\/elementor-template.lifeonablock.com\/wp-content\/uploads\/2024\/09\/twoday-situation-aarhus-163-1280.webp"},"background_position":"center center","background_repeat":"no-repeat","background_size":"initial","background_bg_width":{"unit":"%","size":110,"sizes":[]},"background_overlay_background":"gradient","background_overlay_color":"#02010100","background_overlay_color_b":"#02052F","background_overlay_opacity":{"unit":"px","size":0.63,"sizes":[]},"border_radius":{"unit":"px","top":"30","right":"30","bottom":"30","left":"30","isLinked":true},"margin":{"unit":"px","top":"0","right":"10","bottom":"0","left":"0","isLinked":false},"padding":{"unit":"px","top":"0","right":"0","bottom":"0","left":"0","isLinked":false},"_title":"panel","__dynamic__":{"link":"[elementor-tag id=\"19b009c\" name=\"internal-url\" settings=\"%7B%22type%22%3A%22post%22%2C%22post_id%22%3A975%2C%22taxonomy_id%22%3A%22%22%2C%22attachment_id%22%3A%22%22%2C%22author_id%22%3A%22%22%7D\"]"},"border_radius_mobile":{"unit":"px","top":"10","right":"10","bottom":"10","left":"10","isLinked":true},"padding_mobile":{"unit":"px","top":"20","right":"20","bottom":"20","left":"20","isLinked":true},"min_height":{"unit":"px","size":400,"sizes":[]}},"elements":[{"id":"2e671ad","settings":{"content_width":"full","flex_direction":"row","flex_justify_content":"space-between","flex_gap_mobile":{"column":"0","row":"0","isLinked":true,"unit":"px","size":0},"background_overlay_background":"classic","padding":{"unit":"px","top":"20","right":"20","bottom":"20","left":"20","isLinked":true},"padding_mobile":{"unit":"px","top":"0","right":"16","bottom":"3","left":"15","isLinked":false},"position":"absolute","_offset_orientation_v":"end"},"elements":[{"id":"192f76cf","settings":{"content_width":"full","title":"EverDrive<sup>TM<\/sup>","title_color":"#FFFFFF","typography_typography":"custom","typography_font_family":"Kameron","typography_font_size":{"unit":"px","size":24,"sizes":[]},"typography_font_weight":"600","_element_width":"initial","_element_custom_width":{"unit":"%","size":68,"sizes":[]},"_flex_align_self":"center"},"elements":[],"isInner":false,"widgetType":"heading","elType":"widget"},{"id":"7732d0e3","settings":{"content_width":"full","editor":"<p>Empowering EverDrive with a dynamic digital presence through a new website.<\/p>","align":"left","text_color":"#D3D4D5","typography_typography":"custom","typography_font_family":"Montserrat","typography_font_size":{"unit":"px","size":12,"sizes":[]},"typography_font_size_mobile":{"unit":"px","size":14,"sizes":[]},"typography_font_weight":"600","_margin_mobile":{"unit":"px","top":"4","right":"0","bottom":"15","left":"0","isLinked":false},"_element_width":"auto","_flex_align_self":"center","_flex_order":"custom","_padding_mobile":{"unit":"px","top":"0","right":"0","bottom":"0","left":"0","isLinked":false}},"elements":[],"isInner":false,"widgetType":"text-editor","elType":"widget"}],"isInner":true,"elType":"container"},{"id":"13718695","settings":{"content_width":"full","flex_direction":"row","flex_justify_content":"flex-end","link":{"url":"#","is_external":"","nofollow":"","custom_attributes":""},"padding":{"unit":"px","top":"20","right":"20","bottom":"30","left":"30","isLinked":false},"padding_mobile":{"unit":"px","top":"10","right":"10","bottom":"10","left":"10","isLinked":true},"position":"absolute","flex_gap":{"column":"12","row":"12","isLinked":true,"unit":"px","size":12}},"elements":[{"id":"c09d130","settings":{"content_width":"full","title":"Web Development","title_color":"#FFFFFF","typography_typography":"custom","typography_font_family":"Montserrat","typography_font_size":{"unit":"px","size":12,"sizes":[]},"typography_font_size_mobile":{"unit":"px","size":12,"sizes":[]},"typography_font_weight":"600","_padding":{"unit":"px","top":"7","right":"010","bottom":"7","left":"10","isLinked":false},"_element_width":"auto","_flex_align_self":"flex-end","_css_classes":"tag","_background_background":"classic","_background_color":"#FFFFFF38","_border_border":"solid","_border_width":{"unit":"px","top":"1","right":"1","bottom":"1","left":"1","isLinked":true},"_border_color":"#FFFFFF","_border_radius":{"unit":"px","top":"16","right":"16","bottom":"16","left":"16","isLinked":true},"typography_line_height":{"unit":"px","size":14,"sizes":[]},"_margin":{"unit":"px","top":"0","right":"0","bottom":"0","left":"0","isLinked":false},"hide_mobile":"hidden-mobile"},"elements":[],"isInner":false,"widgetType":"heading","elType":"widget"},{"id":"7ead9686","settings":{"content_width":"full","title":"Website Design","title_color":"#FFFFFF","typography_typography":"custom","typography_font_family":"Montserrat","typography_font_size":{"unit":"px","size":12,"sizes":[]},"typography_font_size_mobile":{"unit":"px","size":12,"sizes":[]},"typography_font_weight":"600","_padding":{"unit":"px","top":"7","right":"10","bottom":"7","left":"10","isLinked":false},"_element_width":"auto","_flex_align_self":"flex-end","_css_classes":"tag","_background_background":"classic","_background_color":"#FFFFFF38","_border_border":"solid","_border_width":{"unit":"px","top":"1","right":"1","bottom":"1","left":"1","isLinked":true},"_border_color":"#FFFFFF","_border_radius":{"unit":"px","top":"16","right":"16","bottom":"16","left":"16","isLinked":true},"typography_line_height":{"unit":"px","size":14,"sizes":[]},"_margin":{"unit":"px","top":"0","right":"0","bottom":"0","left":"0","isLinked":false}},"elements":[],"isInner":false,"widgetType":"heading","elType":"widget"}],"isInner":true,"elType":"container"}],"isInner":true,"elType":"container"},{"id":"7bfc1e47","settings":{"content_width":"full","width":{"unit":"px","size":500,"sizes":[]},"_flex_size":"grow","motion_fx_translateX_effect":"yes","motion_fx_translateX_speed":{"unit":"px","size":50,"sizes":[]},"motion_fx_range":"page","_transform_translateX_effect":{"unit":"%","size":-100,"sizes":[]},"_transform_translateX_effect_tablet":{"unit":"%","size":"","sizes":[]},"_transform_translateX_effect_mobile":{"unit":"%","size":"","sizes":[]},"css_classes":"panel","width_tablet":{"unit":"%","size":"","sizes":[]},"width_mobile":{"unit":"%","size":"","sizes":[]},"overflow":"hidden","html_tag":"a","link":{"url":"#","is_external":"","nofollow":"","custom_attributes":""},"background_background":"classic","background_image":{"id":"47","url":"http:\/\/elementor-template.lifeonablock.com\/wp-content\/uploads\/2024\/09\/twoday-situation-copenhagen-53-1280.webp"},"background_position":"center center","background_repeat":"no-repeat","background_size":"initial","background_bg_width":{"unit":"%","size":110,"sizes":[]},"background_overlay_background":"gradient","background_overlay_color":"#02010100","background_overlay_color_b":"#02052F","background_overlay_opacity":{"unit":"px","size":0.63,"sizes":[]},"border_radius":{"unit":"px","top":"30","right":"30","bottom":"30","left":"30","isLinked":true},"margin":{"unit":"px","top":"0","right":"10","bottom":"0","left":"0","isLinked":false},"padding":{"unit":"px","top":"0","right":"0","bottom":"0","left":"0","isLinked":false},"_title":"panel","__dynamic__":{"link":"[elementor-tag id=\"ed59dcb\" name=\"internal-url\" settings=\"%7B%22type%22%3A%22post%22%2C%22post_id%22%3A975%2C%22taxonomy_id%22%3A%22%22%2C%22attachment_id%22%3A%22%22%2C%22author_id%22%3A%22%22%7D\"]"},"border_radius_mobile":{"unit":"px","top":"10","right":"10","bottom":"10","left":"10","isLinked":true},"min_height":{"unit":"px","size":400,"sizes":[]}},"elements":[{"id":"260225c5","settings":{"content_width":"full","flex_direction":"row","flex_justify_content":"space-between","flex_gap_mobile":{"column":"0","row":"0","isLinked":true,"unit":"px","size":0},"background_overlay_background":"classic","padding":{"unit":"px","top":"20","right":"20","bottom":"20","left":"20","isLinked":true},"padding_mobile":{"unit":"px","top":"0","right":"15","bottom":"2","left":"15","isLinked":false},"position":"absolute","_offset_orientation_v":"end"},"elements":[{"id":"6ee62a15","settings":{"content_width":"full","title":"NomaFood<sup>TM<\/sup>","title_color":"#FFFFFF","typography_typography":"custom","typography_font_family":"Kameron","typography_font_size":{"unit":"px","size":24,"sizes":[]},"typography_font_weight":"600","_element_width":"initial","_element_custom_width":{"unit":"%","size":68,"sizes":[]},"_flex_align_self":"center"},"elements":[],"isInner":false,"widgetType":"heading","elType":"widget"},{"id":"61eac707","settings":{"content_width":"full","editor":"<p>We helped NomaFood with a branding strategic, enhancing their digital presence and market impact.<\/p>","align":"left","text_color":"#D3D4D5","typography_typography":"custom","typography_font_family":"Montserrat","typography_font_size":{"unit":"px","size":12,"sizes":[]},"typography_font_size_mobile":{"unit":"px","size":14,"sizes":[]},"typography_font_weight":"600","_margin_mobile":{"unit":"px","top":"4","right":"0","bottom":"15","left":"0","isLinked":false},"_element_width":"auto","_flex_align_self":"center","_flex_order":"custom","_padding_mobile":{"unit":"px","top":"0","right":"0","bottom":"0","left":"0","isLinked":false}},"elements":[],"isInner":false,"widgetType":"text-editor","elType":"widget"}],"isInner":true,"elType":"container"},{"id":"6011b9d7","settings":{"content_width":"full","flex_direction":"row","flex_justify_content":"flex-end","link":{"url":"#","is_external":"","nofollow":"","custom_attributes":""},"padding":{"unit":"px","top":"20","right":"20","bottom":"30","left":"30","isLinked":false},"padding_mobile":{"unit":"px","top":"10","right":"10","bottom":"10","left":"10","isLinked":true},"position":"absolute","flex_gap":{"column":"12","row":"12","isLinked":true,"unit":"px","size":12},"html_tag":"a","__dynamic__":{"link":"[elementor-tag id=\"f98adca\" name=\"internal-url\" settings=\"%7B%22type%22%3A%22post%22%2C%22post_id%22%3A975%2C%22taxonomy_id%22%3A%22%22%2C%22attachment_id%22%3A%22%22%2C%22author_id%22%3A%22%22%7D\"]"}},"elements":[{"id":"507052ac","settings":{"content_width":"full","title":"Branding Strategy","title_color":"#FFFFFF","typography_typography":"custom","typography_font_family":"Montserrat","typography_font_size":{"unit":"px","size":12,"sizes":[]},"typography_font_size_mobile":{"unit":"px","size":12,"sizes":[]},"typography_font_weight":"600","_padding":{"unit":"px","top":"7","right":"010","bottom":"7","left":"10","isLinked":false},"_element_width":"auto","_flex_align_self":"flex-end","_css_classes":"tag","_background_background":"classic","_background_color":"#FFFFFF38","_border_border":"solid","_border_width":{"unit":"px","top":"1","right":"1","bottom":"1","left":"1","isLinked":true},"_border_color":"#FFFFFF","_border_radius":{"unit":"px","top":"16","right":"16","bottom":"16","left":"16","isLinked":true},"typography_line_height":{"unit":"px","size":14,"sizes":[]},"_margin":{"unit":"px","top":"0","right":"0","bottom":"0","left":"0","isLinked":false},"hide_mobile":"hidden-mobile"},"elements":[],"isInner":false,"widgetType":"heading","elType":"widget"},{"id":"a432ae4","settings":{"content_width":"full","title":"Communication","title_color":"#FFFFFF","typography_typography":"custom","typography_font_family":"Montserrat","typography_font_size":{"unit":"px","size":12,"sizes":[]},"typography_font_size_mobile":{"unit":"px","size":12,"sizes":[]},"typography_font_weight":"600","_padding":{"unit":"px","top":"7","right":"10","bottom":"7","left":"10","isLinked":false},"_element_width":"auto","_flex_align_self":"flex-end","_css_classes":"tag","_background_background":"classic","_background_color":"#FFFFFF38","_border_border":"solid","_border_width":{"unit":"px","top":"1","right":"1","bottom":"1","left":"1","isLinked":true},"_border_color":"#FFFFFF","_border_radius":{"unit":"px","top":"16","right":"16","bottom":"16","left":"16","isLinked":true},"typography_line_height":{"unit":"px","size":14,"sizes":[]},"_margin":{"unit":"px","top":"0","right":"0","bottom":"0","left":"0","isLinked":false},"hide_mobile":"hidden-mobile"},"elements":[],"isInner":false,"widgetType":"heading","elType":"widget"}],"isInner":true,"elType":"container"}],"isInner":true,"elType":"container"},{"id":"531bb7cf","settings":{"content_width":"full","width":{"unit":"px","size":500,"sizes":[]},"_flex_size":"grow","motion_fx_translateX_effect":"yes","motion_fx_translateX_speed":{"unit":"px","size":50,"sizes":[]},"motion_fx_range":"page","_transform_translateX_effect":{"unit":"%","size":-100,"sizes":[]},"_transform_translateX_effect_tablet":{"unit":"%","size":"","sizes":[]},"_transform_translateX_effect_mobile":{"unit":"%","size":"","sizes":[]},"css_classes":"panel","width_tablet":{"unit":"%","size":"","sizes":[]},"width_mobile":{"unit":"%","size":"","sizes":[]},"overflow":"hidden","html_tag":"a","link":{"url":"#","is_external":"","nofollow":"","custom_attributes":""},"background_background":"classic","background_image":{"id":42,"url":"http:\/\/elementor-template.lifeonablock.com\/wp-content\/uploads\/2024\/09\/Untitled-design-6.jpg","alt":"","source":"library","size":""},"background_position":"center center","background_repeat":"no-repeat","background_size":"initial","background_bg_width":{"unit":"%","size":150,"sizes":[]},"background_overlay_background":"gradient","background_overlay_color":"#02010100","background_overlay_color_b":"#02052F","background_overlay_opacity":{"unit":"px","size":0.63,"sizes":[]},"border_radius":{"unit":"px","top":"30","right":"30","bottom":"30","left":"30","isLinked":true},"margin":{"unit":"px","top":"0","right":"10","bottom":"0","left":"0","isLinked":false},"padding":{"unit":"px","top":"0","right":"0","bottom":"0","left":"0","isLinked":false},"_title":"panel","__dynamic__":{"link":"[elementor-tag id=\"c9a6502\" name=\"internal-url\" settings=\"%7B%22type%22%3A%22post%22%2C%22post_id%22%3A975%2C%22taxonomy_id%22%3A%22%22%2C%22attachment_id%22%3A%22%22%2C%22author_id%22%3A%22%22%7D\"]"},"border_radius_mobile":{"unit":"px","top":"10","right":"10","bottom":"10","left":"10","isLinked":true},"min_height":{"unit":"px","size":400,"sizes":[]}},"elements":[{"id":"544d8ee9","settings":{"content_width":"full","flex_direction":"row","flex_justify_content":"space-between","flex_gap_mobile":{"column":"0","row":"0","isLinked":true,"unit":"px","size":0},"background_overlay_background":"classic","padding":{"unit":"px","top":"20","right":"20","bottom":"20","left":"20","isLinked":true},"padding_mobile":{"unit":"px","top":"0","right":"15","bottom":"2","left":"15","isLinked":false},"position":"absolute","_offset_orientation_v":"end"},"elements":[{"id":"25845a79","settings":{"content_width":"full","title":"GoMore<sup>TM<\/sup>","title_color":"#FFFFFF","typography_typography":"custom","typography_font_family":"Kameron","typography_font_size":{"unit":"px","size":24,"sizes":[]},"typography_font_weight":"600","_element_width":"initial","_element_custom_width":{"unit":"%","size":68,"sizes":[]},"_flex_align_self":"center"},"elements":[],"isInner":false,"widgetType":"heading","elType":"widget"},{"id":"2cf3056f","settings":{"content_width":"full","editor":"<p>How we build a WordPress website for GoMore to strengthening their digital footprint.<\/p>","align":"left","text_color":"#D3D4D5","typography_typography":"custom","typography_font_family":"Montserrat","typography_font_size":{"unit":"px","size":12,"sizes":[]},"typography_font_size_mobile":{"unit":"px","size":14,"sizes":[]},"typography_font_weight":"600","_margin_mobile":{"unit":"px","top":"4","right":"0","bottom":"15","left":"0","isLinked":false},"_element_width":"auto","_flex_align_self":"center","_flex_order":"custom","_padding_mobile":{"unit":"px","top":"0","right":"0","bottom":"0","left":"0","isLinked":false}},"elements":[],"isInner":false,"widgetType":"text-editor","elType":"widget"}],"isInner":true,"elType":"container"},{"id":"4e86ab2c","settings":{"content_width":"full","flex_direction":"row","flex_justify_content":"flex-end","link":{"url":"#","is_external":"","nofollow":"","custom_attributes":""},"padding":{"unit":"px","top":"20","right":"20","bottom":"30","left":"30","isLinked":false},"padding_mobile":{"unit":"px","top":"10","right":"10","bottom":"10","left":"10","isLinked":true},"position":"absolute","flex_gap":{"column":"12","row":"12","isLinked":true,"unit":"px","size":12}},"elements":[{"id":"1c0bd73f","settings":{"content_width":"full","title":"Wordpress design","title_color":"#FFFFFF","typography_typography":"custom","typography_font_family":"Montserrat","typography_font_size":{"unit":"px","size":12,"sizes":[]},"typography_font_size_mobile":{"unit":"px","size":12,"sizes":[]},"typography_font_weight":"600","_padding":{"unit":"px","top":"7","right":"10","bottom":"7","left":"10","isLinked":false},"_element_width":"auto","_flex_align_self":"flex-end","_css_classes":"tag","_background_background":"classic","_background_color":"#FFFFFF38","_border_border":"solid","_border_width":{"unit":"px","top":"1","right":"1","bottom":"1","left":"1","isLinked":true},"_border_color":"#FFFFFF","_border_radius":{"unit":"px","top":"16","right":"16","bottom":"16","left":"16","isLinked":true},"typography_line_height":{"unit":"px","size":14,"sizes":[]},"_margin":{"unit":"px","top":"0","right":"0","bottom":"0","left":"0","isLinked":false},"hide_mobile":"hidden-mobile"},"elements":[],"isInner":false,"widgetType":"heading","elType":"widget"},{"id":"6839d373","settings":{"content_width":"full","title":"Website Design","title_color":"#FFFFFF","typography_typography":"custom","typography_font_family":"Montserrat","typography_font_size":{"unit":"px","size":12,"sizes":[]},"typography_font_size_mobile":{"unit":"px","size":12,"sizes":[]},"typography_font_weight":"600","_padding":{"unit":"px","top":"7","right":"10","bottom":"7","left":"10","isLinked":false},"_element_width":"auto","_flex_align_self":"flex-end","_css_classes":"tag","_background_background":"classic","_background_color":"#FFFFFF38","_border_border":"solid","_border_width":{"unit":"px","top":"1","right":"1","bottom":"1","left":"1","isLinked":true},"_border_color":"#FFFFFF","_border_radius":{"unit":"px","top":"16","right":"16","bottom":"16","left":"16","isLinked":true},"typography_line_height":{"unit":"px","size":14,"sizes":[]},"_margin":{"unit":"px","top":"0","right":"0","bottom":"0","left":"0","isLinked":false},"hide_mobile":"hidden-mobile"},"elements":[],"isInner":false,"widgetType":"heading","elType":"widget"}],"isInner":true,"elType":"container"}],"isInner":true,"elType":"container"},{"id":"52810978","settings":{"content_width":"full","width":{"unit":"px","size":500,"sizes":[]},"_flex_size":"grow","motion_fx_translateX_effect":"yes","motion_fx_translateX_speed":{"unit":"px","size":50,"sizes":[]},"motion_fx_range":"page","_transform_translateX_effect":{"unit":"%","size":-100,"sizes":[]},"_transform_translateX_effect_tablet":{"unit":"%","size":"","sizes":[]},"_transform_translateX_effect_mobile":{"unit":"%","size":"","sizes":[]},"css_classes":"panel","width_tablet":{"unit":"%","size":"","sizes":[]},"width_mobile":{"unit":"%","size":"","sizes":[]},"overflow":"hidden","html_tag":"a","link":{"url":"#","is_external":"","nofollow":"","custom_attributes":""},"background_background":"classic","background_image":{"id":"48","url":"http:\/\/elementor-template.lifeonablock.com\/wp-content\/uploads\/2024\/09\/Portrett-av-en-mann-som-sitter-foran-en-PC-og-ser-konsentrert-ut.jpg"},"background_position":"center center","background_repeat":"no-repeat","background_size":"initial","background_bg_width":{"unit":"%","size":110,"sizes":[]},"background_overlay_background":"gradient","background_overlay_color":"#02010100","background_overlay_color_b":"#02052F","background_overlay_opacity":{"unit":"px","size":0.63,"sizes":[]},"border_radius":{"unit":"px","top":"30","right":"30","bottom":"30","left":"30","isLinked":true},"margin":{"unit":"px","top":"0","right":"10","bottom":"0","left":"0","isLinked":false},"padding":{"unit":"px","top":"0","right":"0","bottom":"0","left":"0","isLinked":false},"_title":"panel","__dynamic__":{"link":"[elementor-tag id=\"9a9e532\" name=\"internal-url\" settings=\"%7B%22type%22%3A%22post%22%2C%22post_id%22%3A975%2C%22taxonomy_id%22%3A%22%22%2C%22attachment_id%22%3A%22%22%2C%22author_id%22%3A%22%22%7D\"]"},"border_radius_mobile":{"unit":"px","top":"10","right":"10","bottom":"10","left":"10","isLinked":true},"min_height":{"unit":"px","size":400,"sizes":[]}},"elements":[{"id":"4b1ba60","settings":{"content_width":"full","flex_direction":"row","flex_justify_content":"space-between","flex_gap_mobile":{"column":"0","row":"0","isLinked":true,"unit":"px","size":0},"background_overlay_background":"classic","padding":{"unit":"px","top":"20","right":"20","bottom":"20","left":"20","isLinked":true},"padding_mobile":{"unit":"px","top":"0","right":"15","bottom":"2","left":"15","isLinked":false},"position":"absolute","_offset_orientation_v":"end"},"elements":[{"id":"2518c932","settings":{"content_width":"full","title":"NovaDrive<sup>TM<\/sup>","title_color":"#FFFFFF","typography_typography":"custom","typography_font_family":"Kameron","typography_font_size":{"unit":"px","size":24,"sizes":[]},"typography_font_weight":"600","_element_width":"initial","_element_custom_width":{"unit":"%","size":68,"sizes":[]},"_flex_align_self":"center"},"elements":[],"isInner":false,"widgetType":"heading","elType":"widget"},{"id":"13385afa","settings":{"content_width":"full","editor":"<p>Empowering Novadrive with a dynamic digital presence through a online marketing.<\/p>","align":"left","text_color":"#D3D4D5","typography_typography":"custom","typography_font_family":"Montserrat","typography_font_size":{"unit":"px","size":12,"sizes":[]},"typography_font_size_mobile":{"unit":"px","size":14,"sizes":[]},"typography_font_weight":"600","_margin_mobile":{"unit":"px","top":"4","right":"0","bottom":"15","left":"0","isLinked":false},"_element_width":"auto","_flex_align_self":"center","_flex_order":"custom","_padding_mobile":{"unit":"px","top":"0","right":"0","bottom":"0","left":"0","isLinked":false}},"elements":[],"isInner":false,"widgetType":"text-editor","elType":"widget"}],"isInner":true,"elType":"container"},{"id":"6c66fba7","settings":{"content_width":"full","flex_direction":"row","flex_justify_content":"flex-end","link":{"url":"#","is_external":"","nofollow":"","custom_attributes":""},"padding":{"unit":"px","top":"20","right":"20","bottom":"30","left":"30","isLinked":false},"padding_mobile":{"unit":"px","top":"10","right":"10","bottom":"10","left":"10","isLinked":true},"position":"absolute","flex_gap":{"column":"12","row":"12","isLinked":true,"unit":"px","size":12}},"elements":[{"id":"2b8896e3","settings":{"content_width":"full","title":"Online Marketing","title_color":"#FFFFFF","typography_typography":"custom","typography_font_family":"Montserrat","typography_font_size":{"unit":"px","size":12,"sizes":[]},"typography_font_size_mobile":{"unit":"px","size":12,"sizes":[]},"typography_font_weight":"600","_padding":{"unit":"px","top":"7","right":"10","bottom":"7","left":"10","isLinked":false},"_element_width":"auto","_flex_align_self":"flex-end","_css_classes":"tag","_background_background":"classic","_background_color":"#FFFFFF38","_border_border":"solid","_border_width":{"unit":"px","top":"1","right":"1","bottom":"1","left":"1","isLinked":true},"_border_color":"#FFFFFF","_border_radius":{"unit":"px","top":"16","right":"16","bottom":"16","left":"16","isLinked":true},"typography_line_height":{"unit":"px","size":14,"sizes":[]},"_margin":{"unit":"px","top":"0","right":"0","bottom":"0","left":"0","isLinked":false},"hide_mobile":"hidden-mobile"},"elements":[],"isInner":false,"widgetType":"heading","elType":"widget"},{"id":"1294a894","settings":{"content_width":"full","title":"SoMe Ads","title_color":"#FFFFFF","typography_typography":"custom","typography_font_family":"Montserrat","typography_font_size":{"unit":"px","size":12,"sizes":[]},"typography_font_size_mobile":{"unit":"px","size":12,"sizes":[]},"typography_font_weight":"600","_padding":{"unit":"px","top":"7","right":"10","bottom":"7","left":"10","isLinked":false},"_element_width":"auto","_flex_align_self":"flex-end","_css_classes":"tag","_background_background":"classic","_background_color":"#FFFFFF38","_border_border":"solid","_border_width":{"unit":"px","top":"1","right":"1","bottom":"1","left":"1","isLinked":true},"_border_color":"#FFFFFF","_border_radius":{"unit":"px","top":"16","right":"16","bottom":"16","left":"16","isLinked":true},"typography_line_height":{"unit":"px","size":14,"sizes":[]},"_margin":{"unit":"px","top":"0","right":"0","bottom":"0","left":"0","isLinked":false},"hide_mobile":"hidden-mobile"},"elements":[],"isInner":false,"widgetType":"heading","elType":"widget"}],"isInner":true,"elType":"container"}],"isInner":true,"elType":"container"},{"id":"7905f071","settings":{"content_width":"full","width":{"unit":"px","size":500,"sizes":[]},"_flex_size":"grow","motion_fx_translateX_effect":"yes","motion_fx_translateX_speed":{"unit":"px","size":50,"sizes":[]},"motion_fx_range":"page","_transform_translateX_effect":{"unit":"%","size":-100,"sizes":[]},"_transform_translateX_effect_tablet":{"unit":"%","size":"","sizes":[]},"_transform_translateX_effect_mobile":{"unit":"%","size":"","sizes":[]},"css_classes":"panel","width_tablet":{"unit":"%","size":"","sizes":[]},"width_mobile":{"unit":"%","size":"","sizes":[]},"overflow":"hidden","html_tag":"a","link":{"url":"#","is_external":"","nofollow":"","custom_attributes":""},"background_background":"classic","background_image":{"id":"","url":""},"background_position":"center center","background_repeat":"no-repeat","background_size":"initial","background_bg_width":{"unit":"%","size":110,"sizes":[]},"background_overlay_color":"#02010100","background_overlay_color_b":"#02052F","background_overlay_opacity":{"unit":"px","size":0.63,"sizes":[]},"border_radius":{"unit":"px","top":"30","right":"30","bottom":"30","left":"30","isLinked":true},"margin":{"unit":"px","top":"0","right":"10","bottom":"0","left":"0","isLinked":false},"padding":{"unit":"px","top":"0","right":"0","bottom":"0","left":"0","isLinked":false},"_title":"panel","flex_justify_content":"center","min_height":{"unit":"px","size":400,"sizes":[]}},"elements":[{"id":"b7f9eb","settings":{"content_width":"full","selected_icon":{"value":{"id":"49","url":"http:\/\/elementor-template.lifeonablock.com\/wp-content\/uploads\/2024\/09\/arrow-down.svg"},"library":"svg"},"size":{"unit":"px","size":300,"sizes":[]},"primary_color":"#0071E3","size_mobile":{"unit":"px","size":168,"sizes":[]},"__globals__":{"primary_color":""}},"elements":[],"isInner":false,"widgetType":"icon","elType":"widget"}],"isInner":true,"elType":"container"}],"isInner":true,"elType":"container"}],"isInner":true,"elType":"container"}],"isInner":false,"elType":"container"}],"settings":{"custom_css":"\n.fit{\n\twidth: fit-content;\n\n}\n\n\n\n.users_photo .gallery-item{\n\twidth: 40px!important;\n\theight: 40px!important;\n}\n\n.elementor-widget-text-editor p:last-child{\n\tmargin-bottom: 0px;\n}\n\n\n\/* clients logo *\/\n\n.clients_logo{\n\tmask-image: linear-gradient(to right, rgba(0, 0, 0, 0) 0%, rgb(0, 0, 0) 12.5%, rgb(0, 0, 0) 87.5%, rgba(0, 0, 0, 0) 100%);\n}\n\n.icon_box_style1:hover h3, .icon_box_style1:hover p, .icon_box_style1:hover .elementor-icon i{\n\tcolor: #ffffff!important;\n}\n\n\/* image box *\/\n.img_box .top-back{\n\ttransition: 0.2s ease;\n\taspect-ratio: 1!important;\n}\n.img_box .c-heading{\n\tdisplay: none!important;\n\taspect-ratio: 1!important;\n}\n.img_box:hover .top-back{\n\twidth: 190px!important;\n}\n.img_box:hover .icon{\n\tdisplay: none!important;\n}\n.img_box:hover .c-heading{\n\tdisplay: block!important;\n}\n\n\/* pricing box *\/\n.pricing_box:hover .package_name .elementor-widget-container{\n\tbackground: #807166!important;\n}\n\n\/* Footer *\/\n.footer nav a:hover, .footer nav a.elementor-item-active{\n\ttext-decoration: underline;\n}\n\n.contact_info .elementor-icon-list-item{\n\tjustify-content: space-between;\n}\n\n\n\n\/* Buttons *\/\n\n\n@-webkit-keyframes in {\n    0%   { -webkit-transform: translate(0%,0%); }\n    20%   { \n        -webkit-filter: opacity(0);\n        -webkit-transform: translate(-50%,0%); }\n    40%   { \n        -webkit-filter: opacity(0);\n        -webkit-transform: translate(-50%,50%); }\n    60%   {\n        -webkit-filter: opacity(0);\n        -webkit-transform: translate(50%,50%); }\n    80%   { \n        -webkit-filter: opacity(0);\n        -webkit-transform: translate(50%,0); }\n    100%   { -webkit-transform: translate(0,0); }\n}\n\n@-webkit-keyframes out {\n    0%   { -webkit-transform: translate(0,0); }\n    20%   { \n        -webkit-filter: opacity(0);\n        -webkit-transform: translate(50%,0); }\n    40%   {\n        -webkit-filter: opacity(0);\n        -webkit-transform: translate(50%,50%); }\n    60%   { \n        -webkit-filter: opacity(0);\n        -webkit-transform: translate(-50%,50%); }\n    80%   { \n        -webkit-filter: opacity(0);\n        -webkit-transform: translate(-50%,0%); }\n    100%   { -webkit-transform: translate(0%,0%); }\n}\n\n\n.btn1{\n    .elementor-button-content-wrapper{\n        align-items: center;\n        padding-left: 12px;\n    }\n    .elementor-button-icon{\n        background: white;\n        color: black;\n        padding-top:12px;\n        padding-right: 10px;\n        padding-bottom: 10px;\n        padding-left: 13px;\n        border-radius: 60px;\n        transition: all 0.2s ease;\n    }\n    .elementor-button-icon > :first-child{\n        -webkit-animation: in 0.2s;\n    }\n    .elementor-button-text{\n        z-index: 9;\n        margin-left: 20px;\n         color: white;\n    }\n}\n.btn1:hover{\n    .elementor-button-icon{\n        \/*margin-left: calc(-100%);*\/\n        \/*padding-left: calc(100%);*\/\n    }\n    .elementor-button-icon > :first-child{\n    -webkit-animation: out 0.2s;\n    }\n    \n    .elementor-button-text{\n        z-index: 9;\n        margin-left: 20px;\n        color: black;\n    }\n    \n}\n\n\n"},"metadata":[]}