{"content":[{"id":"5fcdc2","settings":{"flex_direction":"column","content_width":"full","width":{"unit":"%","size":100,"sizes":[]},"overflow":"hidden","margin":{"unit":"px","top":"0","right":"0","bottom":"0","left":"0","isLinked":false},"padding":{"unit":"px","top":"0","right":"0","bottom":"0","left":"0","isLinked":false},"z_index":1,"background_image":{"url":"","id":"","size":""},"background_video_fallback":{"url":"","id":"","size":""},"background_slideshow_gallery":[],"background_hover_image":{"url":"","id":"","size":""},"background_hover_video_fallback":{"url":"","id":"","size":""},"background_hover_slideshow_gallery":[],"background_overlay_image":{"url":"","id":"","size":""},"background_overlay_video_fallback":{"url":"","id":"","size":""},"background_overlay_slideshow_gallery":[],"background_overlay_hover_image":{"url":"","id":"","size":""},"background_overlay_hover_video_fallback":{"url":"","id":"","size":""},"background_overlay_hover_slideshow_gallery":[]},"elements":[{"id":"7f077ddb","settings":{"content_width":"full","min_height":{"unit":"vh","size":100,"sizes":[]},"min_height_laptop":{"unit":"vh","size":"","sizes":[]},"min_height_tablet":{"unit":"vh","size":"","sizes":[]},"min_height_mobile_extra":{"unit":"vh","size":"","sizes":[]},"min_height_mobile":{"unit":"vh","size":"","sizes":[]},"flex_justify_content":"center","flex_align_items":"center","flex_gap":{"column":"","row":"","isLinked":true,"unit":"px","size":null},"background_background":"classic","background_image":{"id":1735,"url":"http:\/\/elementor-template.lifeonablock.com\/wp-content\/uploads\/2024\/10\/image-scaled-ezgif.com-webp-to-jpg-converter-1.jpg"},"background_position":"center center","background_size":"cover","sticky":"top","sticky_parent":"yes","background_video_fallback":{"url":"","id":"","size":""},"background_slideshow_gallery":[],"background_hover_image":{"url":"","id":"","size":""},"background_hover_video_fallback":{"url":"","id":"","size":""},"background_hover_slideshow_gallery":[],"background_overlay_image":{"url":"","id":"","size":""},"background_overlay_video_fallback":{"url":"","id":"","size":""},"background_overlay_slideshow_gallery":[],"background_overlay_hover_image":{"url":"","id":"","size":""},"background_overlay_hover_video_fallback":{"url":"","id":"","size":""},"background_overlay_hover_slideshow_gallery":[]},"elements":[{"id":"6b2c9e62","settings":{"content_width":"full","title":"Add Your Heading Text Here","align":"center","title_color":"#FFFFFF","typography_typography":"custom","typography_font_family":"Ppcirka","typography_font_size":{"unit":"em","size":8,"sizes":[]},"typography_font_size_laptop":{"unit":"em","size":"","sizes":[]},"typography_font_size_tablet":{"unit":"em","size":"","sizes":[]},"typography_font_size_mobile_extra":{"unit":"em","size":5.7,"sizes":[]},"typography_font_size_mobile":{"unit":"em","size":4,"sizes":[]},"typography_font_weight":"300","typography_line_height":{"unit":"em","size":0.8,"sizes":[]},"typography_line_height_laptop":{"unit":"em","size":"","sizes":[]},"typography_letter_spacing":{"unit":"em","size":-0.07,"sizes":[]},"typography_letter_spacing_laptop":{"unit":"em","size":"","sizes":[]},"typography_letter_spacing_tablet":{"unit":"em","size":"","sizes":[]},"typography_letter_spacing_mobile":{"unit":"em","size":"","sizes":[]},"_margin":{"unit":"custom","top":"-12vh","right":"0","bottom":" ","left":"0","isLinked":false},"_margin_laptop":{"unit":"custom","top":"","right":"","bottom":"","left":"","isLinked":true},"_margin_tablet":{"unit":"custom","top":"","right":"","bottom":"","left":"","isLinked":true},"_margin_mobile":{"unit":"custom","top":"","right":"","bottom":"","left":"","isLinked":true},"_element_width":"initial","_element_custom_width":{"unit":"%","size":75,"sizes":[]},"_element_custom_width_mobile_extra":{"unit":"%","size":84,"sizes":[]},"_element_custom_width_mobile":{"unit":"%","size":100,"sizes":[]},"_background_image":{"url":"","id":"","size":""},"_background_video_fallback":{"url":"","id":"","size":""},"_background_slideshow_gallery":[],"_background_hover_image":{"url":"","id":"","size":""},"_background_hover_video_fallback":{"url":"","id":"","size":""},"_background_hover_slideshow_gallery":[],"_mask_image":{"url":"","id":"","size":""}},"elements":[],"isInner":false,"widgetType":"heading","elType":"widget"},{"id":"776fc40a","settings":{"content_width":"full","text":"Sign Up","typography_typography":"custom","typography_font_family":"Arial","typography_font_size":{"unit":"px","size":16,"sizes":[]},"typography_font_weight":"500","button_text_color":"#000000","background_color":"#FFFFFF","hover_color":"#FFFFFF","button_background_hover_color":"#02010100","border_border":"solid","border_width":{"unit":"px","top":"2","right":"2","bottom":"2","left":"2","isLinked":true},"border_color":"#FFFFFF","border_radius":{"unit":"px","top":"0","right":"0","bottom":"0","left":"0","isLinked":false},"text_padding":{"unit":"px","top":"16","right":"50","bottom":"16","left":"50","isLinked":false},"selected_icon":{"value":"","library":""},"background_video_fallback":{"url":"","id":"","size":""},"background_slideshow_gallery":[],"button_background_hover_video_fallback":{"url":"","id":"","size":""},"button_background_hover_slideshow_gallery":[],"_background_image":{"url":"","id":"","size":""},"_background_video_fallback":{"url":"","id":"","size":""},"_background_slideshow_gallery":[],"_background_hover_image":{"url":"","id":"","size":""},"_background_hover_video_fallback":{"url":"","id":"","size":""},"_background_hover_slideshow_gallery":[],"_mask_image":{"url":"","id":"","size":""}},"elements":[],"isInner":false,"widgetType":"button","elType":"widget"}],"isInner":true,"elType":"container"},{"id":"1752e3dd","settings":{"space":{"unit":"vh","size":100,"sizes":[]},"space_laptop":{"unit":"vh","size":"","sizes":[]},"space_tablet":{"unit":"vh","size":"","sizes":[]},"space_mobile_extra":{"unit":"vh","size":"","sizes":[]},"space_mobile":{"unit":"vh","size":"","sizes":[]},"_background_image":{"url":"","id":"","size":""},"_background_video_fallback":{"url":"","id":"","size":""},"_background_slideshow_gallery":[],"_background_hover_image":{"url":"","id":"","size":""},"_background_hover_video_fallback":{"url":"","id":"","size":""},"_background_hover_slideshow_gallery":[],"_mask_image":{"url":"","id":"","size":""}},"elements":[],"isInner":false,"widgetType":"spacer","elType":"widget"}],"isInner":false,"elType":"container"},{"id":"7ace14a7","settings":{"flex_direction":"column","background_background":"gradient","background_color":"#0071E3","background_color_stop":{"unit":"%","size":42,"sizes":[]},"background_color_b":"#25409E","background_gradient_angle":{"unit":"deg","size":140,"sizes":[]},"border_radius":{"unit":"px","top":"30","right":"30","bottom":"30","left":"30","isLinked":true},"margin":{"unit":"custom","top":"-110vh","right":"0","bottom":"0","left":"0","isLinked":false},"margin_laptop":{"unit":"custom","top":"","right":"","bottom":"","left":"","isLinked":true},"margin_tablet":{"unit":"custom","top":"","right":"","bottom":"","left":"","isLinked":true},"margin_mobile_extra":{"unit":"custom","top":"","right":"","bottom":"","left":"","isLinked":true},"margin_mobile":{"unit":"custom","top":"","right":"","bottom":"","left":"","isLinked":true},"padding":{"unit":"px","top":"0100","right":"0","bottom":"0100","left":"0","isLinked":false},"z_index":2,"__globals__":{"background_color":""},"background_image":{"url":"","id":"","size":""},"background_video_fallback":{"url":"","id":"","size":""},"background_slideshow_gallery":[],"background_hover_image":{"url":"","id":"","size":""},"background_hover_video_fallback":{"url":"","id":"","size":""},"background_hover_slideshow_gallery":[],"background_overlay_image":{"url":"","id":"","size":""},"background_overlay_video_fallback":{"url":"","id":"","size":""},"background_overlay_slideshow_gallery":[],"background_overlay_hover_image":{"url":"","id":"","size":""},"background_overlay_hover_video_fallback":{"url":"","id":"","size":""},"background_overlay_hover_slideshow_gallery":[]},"elements":[{"id":"2338af4d","settings":{"content_width":"full","flex_direction":"row","flex_justify_content":"space-between","flex_align_items":"center","flex_gap":{"column":"2","row":"2","isLinked":true,"unit":"custom","size":2},"flex_gap_laptop":{"column":"","row":"","isLinked":true,"unit":"custom","size":null},"flex_gap_tablet":{"column":"2","row":"2","isLinked":true,"unit":"custom","size":2},"flex_gap_mobile":{"column":"","row":"","isLinked":true,"unit":"custom","size":null},"padding":{"unit":"px","top":"0","right":"0","bottom":"0","left":"0","isLinked":false},"width_tablet":{"unit":"em","size":30,"sizes":[]},"width_mobile_extra":{"unit":"em","size":30,"sizes":[]},"width_mobile":{"unit":"em","size":"","sizes":[]},"flex_direction_tablet":"column","flex_gap_mobile_extra":{"column":"","row":"","isLinked":true,"unit":"custom","size":null},"background_image":{"url":"","id":"","size":""},"background_video_fallback":{"url":"","id":"","size":""},"background_slideshow_gallery":[],"background_hover_image":{"url":"","id":"","size":""},"background_hover_video_fallback":{"url":"","id":"","size":""},"background_hover_slideshow_gallery":[],"background_overlay_image":{"url":"","id":"","size":""},"background_overlay_video_fallback":{"url":"","id":"","size":""},"background_overlay_slideshow_gallery":[],"background_overlay_hover_image":{"url":"","id":"","size":""},"background_overlay_hover_video_fallback":{"url":"","id":"","size":""},"background_overlay_hover_slideshow_gallery":[]},"elements":[{"id":"6bbcd214","settings":{"content_width":"full","width":{"unit":"%","size":53,"sizes":[]},"flex_gap":{"column":"0","row":"0","isLinked":true,"unit":"px","size":0},"padding":{"unit":"px","top":"0","right":"0","bottom":"0","left":"0","isLinked":false},"width_laptop":{"unit":"%","size":53,"sizes":[]},"width_tablet":{"unit":"%","size":100,"sizes":[]},"width_mobile_extra":{"unit":"%","size":100,"sizes":[]},"width_mobile":{"unit":"%","size":"","sizes":[]},"background_image":{"url":"","id":"","size":""},"background_video_fallback":{"url":"","id":"","size":""},"background_slideshow_gallery":[],"background_hover_image":{"url":"","id":"","size":""},"background_hover_video_fallback":{"url":"","id":"","size":""},"background_hover_slideshow_gallery":[],"background_overlay_image":{"url":"","id":"","size":""},"background_overlay_video_fallback":{"url":"","id":"","size":""},"background_overlay_slideshow_gallery":[],"background_overlay_hover_image":{"url":"","id":"","size":""},"background_overlay_hover_video_fallback":{"url":"","id":"","size":""},"background_overlay_hover_slideshow_gallery":[]},"elements":[{"id":"64cdbfcc","settings":{"content_width":"full","title":"Endless Possibilities, Delivered to Your Doorstep","title_color":"#FFFFFF","typography_typography":"custom","typography_font_family":"Ppcirka","typography_font_size":{"unit":"em","size":3.8,"sizes":[]},"typography_font_size_laptop":{"unit":"em","size":4,"sizes":[]},"typography_font_size_tablet":{"unit":"em","size":"","sizes":[]},"typography_font_size_mobile":{"unit":"em","size":2.6,"sizes":[]},"typography_font_weight":"300","typography_line_height":{"unit":"em","size":0.9,"sizes":[]},"typography_line_height_laptop":{"unit":"em","size":"","sizes":[]},"typography_letter_spacing":{"unit":"em","size":-0.04,"sizes":[]},"typography_letter_spacing_laptop":{"unit":"em","size":"","sizes":[]},"typography_letter_spacing_tablet":{"unit":"em","size":"","sizes":[]},"typography_letter_spacing_mobile":{"unit":"em","size":"","sizes":[]},"typography_font_size_mobile_extra":{"unit":"em","size":3.2,"sizes":[]},"_background_image":{"url":"","id":"","size":""},"_background_video_fallback":{"url":"","id":"","size":""},"_background_slideshow_gallery":[],"_background_hover_image":{"url":"","id":"","size":""},"_background_hover_video_fallback":{"url":"","id":"","size":""},"_background_hover_slideshow_gallery":[],"_mask_image":{"url":"","id":"","size":""}},"elements":[],"isInner":false,"widgetType":"heading","elType":"widget"},{"id":"69f1735f","settings":{"content_width":"full","editor":"<p>In today's fast-paced world, convenience is key. That's why online shopping has become an essential part of modern life. With just a few clicks, you can buy anything you need and have it delivered right to your doorstep.<\/p>","text_color":"#FFFFFF","typography_typography":"custom","typography_font_family":"Arial","typography_font_size":{"unit":"em","size":1,"sizes":[]},"typography_font_size_laptop":{"unit":"em","size":"","sizes":[]},"typography_font_size_tablet":{"unit":"em","size":"","sizes":[]},"typography_font_size_mobile":{"unit":"em","size":"","sizes":[]},"typography_font_weight":"400","typography_line_height":{"unit":"em","size":1.6,"sizes":[]},"typography_line_height_laptop":{"unit":"em","size":"","sizes":[]},"_margin":{"unit":"px","top":"24","right":"0","bottom":"32","left":"0","isLinked":false},"_element_width":"initial","_element_custom_width":{"unit":"em","size":34,"sizes":[]},"_element_custom_width_laptop":{"unit":"em","size":"","sizes":[]},"_element_custom_width_tablet":{"unit":"em","size":"","sizes":[]},"_element_custom_width_mobile":{"unit":"em","size":"","sizes":[]},"_margin_mobile_extra":{"unit":"px","top":"24","right":"0","bottom":"32","left":"0","isLinked":false},"_margin_mobile":{"unit":"px","top":"20","right":"0","bottom":"28","left":"0","isLinked":false},"_background_image":{"url":"","id":"","size":""},"_background_video_fallback":{"url":"","id":"","size":""},"_background_slideshow_gallery":[],"_background_hover_image":{"url":"","id":"","size":""},"_background_hover_video_fallback":{"url":"","id":"","size":""},"_background_hover_slideshow_gallery":[],"_mask_image":{"url":"","id":"","size":""}},"elements":[],"isInner":false,"widgetType":"text-editor","elType":"widget"},{"id":"1fa8dc99","settings":{"content_width":"full","text":"Get Started","typography_typography":"custom","typography_font_family":"Arial","typography_font_size":{"unit":"px","size":16,"sizes":[]},"typography_font_weight":"500","button_text_color":"#000000","background_color":"#FFFFFF","hover_color":"#FFFFFF","button_background_hover_color":"#02010100","border_border":"solid","border_width":{"unit":"px","top":"2","right":"2","bottom":"2","left":"2","isLinked":true},"border_color":"#FFFFFF","border_radius":{"unit":"px","top":"0","right":"0","bottom":"0","left":"0","isLinked":false},"text_padding":{"unit":"px","top":"16","right":"35","bottom":"16","left":"35","isLinked":false},"selected_icon":{"value":"","library":""},"background_video_fallback":{"url":"","id":"","size":""},"background_slideshow_gallery":[],"button_background_hover_video_fallback":{"url":"","id":"","size":""},"button_background_hover_slideshow_gallery":[],"_background_image":{"url":"","id":"","size":""},"_background_video_fallback":{"url":"","id":"","size":""},"_background_slideshow_gallery":[],"_background_hover_image":{"url":"","id":"","size":""},"_background_hover_video_fallback":{"url":"","id":"","size":""},"_background_hover_slideshow_gallery":[],"_mask_image":{"url":"","id":"","size":""}},"elements":[],"isInner":false,"widgetType":"button","elType":"widget"}],"isInner":true,"elType":"container"},{"id":"1eb735e4","settings":{"content_width":"full","width":{"unit":"%","size":39,"sizes":[]},"width_laptop":{"unit":"%","size":41,"sizes":[]},"width_tablet":{"unit":"%","size":100,"sizes":[]},"width_mobile":{"unit":"vw","size":"","sizes":[]},"padding":{"unit":"px","top":"0","right":"0","bottom":"0","left":"0","isLinked":false},"custom_css":"selector img{\n    aspect-ratio: 4\/5;\n    object-fit: cover;\n    object-position: top center;\n}","width_mobile_extra":{"unit":"vw","size":"","sizes":[]},"background_image":{"url":"","id":"","size":""},"background_video_fallback":{"url":"","id":"","size":""},"background_slideshow_gallery":[],"background_hover_image":{"url":"","id":"","size":""},"background_hover_video_fallback":{"url":"","id":"","size":""},"background_hover_slideshow_gallery":[],"background_overlay_image":{"url":"","id":"","size":""},"background_overlay_video_fallback":{"url":"","id":"","size":""},"background_overlay_slideshow_gallery":[],"background_overlay_hover_image":{"url":"","id":"","size":""},"background_overlay_hover_video_fallback":{"url":"","id":"","size":""},"background_overlay_hover_slideshow_gallery":[]},"elements":[{"id":"75dc22ad","settings":{"content_width":"full","image":{"id":"1712","url":"http:\/\/elementor-template.lifeonablock.com\/wp-content\/uploads\/2024\/10\/64000f1c0324c8224254d399_pexels-ivan-samkov-7621125.jpg"},"image_border_radius":{"unit":"custom","top":"0.6em","right":"0.6em","bottom":"0.6em","left":"0.6em","isLinked":true},"image_border_radius_laptop":{"unit":"custom","top":"","right":"","bottom":"","left":"","isLinked":true},"image_border_radius_tablet":{"unit":"custom","top":"","right":"","bottom":"","left":"","isLinked":true},"image_border_radius_mobile":{"unit":"custom","top":"","right":"","bottom":"","left":"","isLinked":true},"_background_image":{"url":"","id":"","size":""},"_background_video_fallback":{"url":"","id":"","size":""},"_background_slideshow_gallery":[],"_background_hover_image":{"url":"","id":"","size":""},"_background_hover_video_fallback":{"url":"","id":"","size":""},"_background_hover_slideshow_gallery":[],"_mask_image":{"url":"","id":"","size":""}},"elements":[],"isInner":false,"widgetType":"image","elType":"widget"}],"isInner":true,"elType":"container"}],"isInner":true,"elType":"container"},{"id":"7124ba15","settings":{"content_width":"full","flex_direction":"row","flex_justify_content":"space-between","flex_align_items":"center","flex_gap":{"column":"2","row":"2","isLinked":true,"unit":"custom","size":2},"flex_gap_laptop":{"column":"","row":"","isLinked":true,"unit":"custom","size":null},"flex_gap_tablet":{"column":"2","row":"2","isLinked":true,"unit":"custom","size":2},"flex_gap_mobile":{"column":"","row":"","isLinked":true,"unit":"custom","size":null},"padding":{"unit":"px","top":"0","right":"0","bottom":"0","left":"0","isLinked":false},"width_tablet":{"unit":"em","size":30,"sizes":[]},"width_mobile_extra":{"unit":"em","size":30,"sizes":[]},"width_mobile":{"unit":"em","size":"","sizes":[]},"flex_direction_tablet":"column-reverse","flex_gap_mobile_extra":{"column":"","row":"","isLinked":true,"unit":"custom","size":null},"background_image":{"url":"","id":"","size":""},"background_video_fallback":{"url":"","id":"","size":""},"background_slideshow_gallery":[],"background_hover_image":{"url":"","id":"","size":""},"background_hover_video_fallback":{"url":"","id":"","size":""},"background_hover_slideshow_gallery":[],"background_overlay_image":{"url":"","id":"","size":""},"background_overlay_video_fallback":{"url":"","id":"","size":""},"background_overlay_slideshow_gallery":[],"background_overlay_hover_image":{"url":"","id":"","size":""},"background_overlay_hover_video_fallback":{"url":"","id":"","size":""},"background_overlay_hover_slideshow_gallery":[]},"elements":[{"id":"3e22857b","settings":{"content_width":"full","width":{"unit":"%","size":39,"sizes":[]},"width_laptop":{"unit":"%","size":41,"sizes":[]},"width_tablet":{"unit":"%","size":100,"sizes":[]},"width_mobile":{"unit":"vw","size":"","sizes":[]},"padding":{"unit":"px","top":"0","right":"0","bottom":"0","left":"0","isLinked":false},"custom_css":"selector img{\n    aspect-ratio: 4\/5;\n    object-fit: cover;\n    object-position: top center;\n}","width_mobile_extra":{"unit":"vw","size":"","sizes":[]},"background_image":{"url":"","id":"","size":""},"background_video_fallback":{"url":"","id":"","size":""},"background_slideshow_gallery":[],"background_hover_image":{"url":"","id":"","size":""},"background_hover_video_fallback":{"url":"","id":"","size":""},"background_hover_slideshow_gallery":[],"background_overlay_image":{"url":"","id":"","size":""},"background_overlay_video_fallback":{"url":"","id":"","size":""},"background_overlay_slideshow_gallery":[],"background_overlay_hover_image":{"url":"","id":"","size":""},"background_overlay_hover_video_fallback":{"url":"","id":"","size":""},"background_overlay_hover_slideshow_gallery":[]},"elements":[{"id":"11355eac","settings":{"content_width":"full","image":{"id":"1713","url":"http:\/\/elementor-template.lifeonablock.com\/wp-content\/uploads\/2024\/10\/64000701f166bc21184388ae_pexels-ivan-samkov-7620469.jpg"},"image_border_radius":{"unit":"custom","top":"0.6em","right":"0.6em","bottom":"0.6em","left":"0.6em","isLinked":true},"image_border_radius_laptop":{"unit":"custom","top":"","right":"","bottom":"","left":"","isLinked":true},"image_border_radius_tablet":{"unit":"custom","top":"","right":"","bottom":"","left":"","isLinked":true},"image_border_radius_mobile":{"unit":"custom","top":"","right":"","bottom":"","left":"","isLinked":true},"_background_image":{"url":"","id":"","size":""},"_background_video_fallback":{"url":"","id":"","size":""},"_background_slideshow_gallery":[],"_background_hover_image":{"url":"","id":"","size":""},"_background_hover_video_fallback":{"url":"","id":"","size":""},"_background_hover_slideshow_gallery":[],"_mask_image":{"url":"","id":"","size":""}},"elements":[],"isInner":false,"widgetType":"image","elType":"widget"}],"isInner":true,"elType":"container"},{"id":"c98ff70","settings":{"content_width":"full","width":{"unit":"%","size":53,"sizes":[]},"flex_gap":{"column":"0","row":"0","isLinked":true,"unit":"px","size":0},"padding":{"unit":"px","top":"0","right":"0","bottom":"0","left":"0","isLinked":false},"width_laptop":{"unit":"%","size":53,"sizes":[]},"width_tablet":{"unit":"%","size":100,"sizes":[]},"width_mobile_extra":{"unit":"%","size":100,"sizes":[]},"width_mobile":{"unit":"%","size":"","sizes":[]},"background_image":{"url":"","id":"","size":""},"background_video_fallback":{"url":"","id":"","size":""},"background_slideshow_gallery":[],"background_hover_image":{"url":"","id":"","size":""},"background_hover_video_fallback":{"url":"","id":"","size":""},"background_hover_slideshow_gallery":[],"background_overlay_image":{"url":"","id":"","size":""},"background_overlay_video_fallback":{"url":"","id":"","size":""},"background_overlay_slideshow_gallery":[],"background_overlay_hover_image":{"url":"","id":"","size":""},"background_overlay_hover_video_fallback":{"url":"","id":"","size":""},"background_overlay_hover_slideshow_gallery":[]},"elements":[{"id":"27c3f134","settings":{"content_width":"full","title":"From A to Z, We've Got You Covered","title_color":"#FFFFFF","typography_typography":"custom","typography_font_family":"Ppcirka","typography_font_size":{"unit":"em","size":3.8,"sizes":[]},"typography_font_size_laptop":{"unit":"em","size":4,"sizes":[]},"typography_font_size_tablet":{"unit":"em","size":"","sizes":[]},"typography_font_size_mobile":{"unit":"em","size":2.6,"sizes":[]},"typography_font_weight":"300","typography_line_height":{"unit":"em","size":0.9,"sizes":[]},"typography_line_height_laptop":{"unit":"em","size":"","sizes":[]},"typography_letter_spacing":{"unit":"em","size":-0.04,"sizes":[]},"typography_letter_spacing_laptop":{"unit":"em","size":"","sizes":[]},"typography_letter_spacing_tablet":{"unit":"em","size":"","sizes":[]},"typography_letter_spacing_mobile":{"unit":"em","size":"","sizes":[]},"typography_font_size_mobile_extra":{"unit":"em","size":3.2,"sizes":[]},"_background_image":{"url":"","id":"","size":""},"_background_video_fallback":{"url":"","id":"","size":""},"_background_slideshow_gallery":[],"_background_hover_image":{"url":"","id":"","size":""},"_background_hover_video_fallback":{"url":"","id":"","size":""},"_background_hover_slideshow_gallery":[],"_mask_image":{"url":"","id":"","size":""}},"elements":[],"isInner":false,"widgetType":"heading","elType":"widget"},{"id":"673e8c96","settings":{"content_width":"full","editor":"<p>But it's not just about the convenience of shopping from home. It's about the endless possibilities that online shopping offers. With a world of products at your fingertips, you can find exactly what you need and explore new products that you never knew existed.<\/p>","text_color":"#FFFFFF","typography_typography":"custom","typography_font_family":"Arial","typography_font_size":{"unit":"em","size":1,"sizes":[]},"typography_font_size_laptop":{"unit":"em","size":"","sizes":[]},"typography_font_size_tablet":{"unit":"em","size":"","sizes":[]},"typography_font_size_mobile":{"unit":"em","size":"","sizes":[]},"typography_font_weight":"400","typography_line_height":{"unit":"em","size":1.6,"sizes":[]},"typography_line_height_laptop":{"unit":"em","size":"","sizes":[]},"_margin":{"unit":"px","top":"24","right":"0","bottom":"32","left":"0","isLinked":false},"_element_width":"initial","_element_custom_width":{"unit":"em","size":34,"sizes":[]},"_element_custom_width_laptop":{"unit":"em","size":"","sizes":[]},"_element_custom_width_tablet":{"unit":"em","size":"","sizes":[]},"_element_custom_width_mobile":{"unit":"em","size":"","sizes":[]},"_margin_mobile_extra":{"unit":"px","top":"24","right":"0","bottom":"32","left":"0","isLinked":false},"_margin_mobile":{"unit":"px","top":"20","right":"0","bottom":"28","left":"0","isLinked":false},"_background_image":{"url":"","id":"","size":""},"_background_video_fallback":{"url":"","id":"","size":""},"_background_slideshow_gallery":[],"_background_hover_image":{"url":"","id":"","size":""},"_background_hover_video_fallback":{"url":"","id":"","size":""},"_background_hover_slideshow_gallery":[],"_mask_image":{"url":"","id":"","size":""}},"elements":[],"isInner":false,"widgetType":"text-editor","elType":"widget"},{"id":"4d7e599d","settings":{"content_width":"full","text":"Discover More","typography_typography":"custom","typography_font_family":"Arial","typography_font_size":{"unit":"px","size":16,"sizes":[]},"typography_font_weight":"500","button_text_color":"#000000","background_color":"#FFFFFF","hover_color":"#FFFFFF","button_background_hover_color":"#02010100","border_border":"solid","border_width":{"unit":"px","top":"2","right":"2","bottom":"2","left":"2","isLinked":true},"border_color":"#FFFFFF","border_radius":{"unit":"px","top":"0","right":"0","bottom":"0","left":"0","isLinked":false},"text_padding":{"unit":"px","top":"16","right":"35","bottom":"16","left":"35","isLinked":false},"selected_icon":{"value":"","library":""},"background_video_fallback":{"url":"","id":"","size":""},"background_slideshow_gallery":[],"button_background_hover_video_fallback":{"url":"","id":"","size":""},"button_background_hover_slideshow_gallery":[],"_background_image":{"url":"","id":"","size":""},"_background_video_fallback":{"url":"","id":"","size":""},"_background_slideshow_gallery":[],"_background_hover_image":{"url":"","id":"","size":""},"_background_hover_video_fallback":{"url":"","id":"","size":""},"_background_hover_slideshow_gallery":[],"_mask_image":{"url":"","id":"","size":""}},"elements":[],"isInner":false,"widgetType":"button","elType":"widget"}],"isInner":true,"elType":"container"}],"isInner":true,"elType":"container"}],"isInner":false,"elType":"container"},{"id":"450a4334","settings":{"flex_direction":"column","boxed_width":{"unit":"%","size":100,"sizes":[]},"boxed_width_laptop":{"unit":"%","size":"","sizes":[]},"boxed_width_tablet":{"unit":"%","size":"","sizes":[]},"boxed_width_mobile_extra":{"unit":"%","size":"","sizes":[]},"boxed_width_mobile":{"unit":"%","size":"","sizes":[]},"min_height":{"unit":"vh","size":300,"sizes":[]},"min_height_laptop":{"unit":"vh","size":"","sizes":[]},"min_height_tablet":{"unit":"vh","size":"","sizes":[]},"min_height_mobile_extra":{"unit":"vh","size":"","sizes":[]},"min_height_mobile":{"unit":"vh","size":"","sizes":[]},"flex_justify_content":"center","flex_align_items":"center","background_background":"classic","background_image":{"id":"1714","url":"http:\/\/elementor-template.lifeonablock.com\/wp-content\/uploads\/2024\/10\/64001084449b654b65a92ad2_pexels-ivan-samkov-7621385.jpg"},"background_position":"center center","background_repeat":"no-repeat","background_size":"cover","margin":{"unit":"custom","top":"-100vh","right":"0","bottom":"-100vh","left":"0","isLinked":false},"margin_laptop":{"unit":"custom","top":"","right":"","bottom":"","left":"","isLinked":true},"margin_tablet":{"unit":"custom","top":"","right":"","bottom":"","left":"","isLinked":true},"margin_mobile_extra":{"unit":"custom","top":"","right":"","bottom":"","left":"","isLinked":true},"margin_mobile":{"unit":"custom","top":"","right":"","bottom":"","left":"","isLinked":true},"padding":{"unit":"px","top":"64","right":"0","bottom":"64","left":"0","isLinked":false},"z_index":0,"custom_css":"selector .e-con-inner{\n    background: #fff;\n    mix-blend-mode: screen;\n}","background_video_fallback":{"url":"","id":"","size":""},"background_slideshow_gallery":[],"background_hover_image":{"url":"","id":"","size":""},"background_hover_video_fallback":{"url":"","id":"","size":""},"background_hover_slideshow_gallery":[],"background_overlay_image":{"url":"","id":"","size":""},"background_overlay_video_fallback":{"url":"","id":"","size":""},"background_overlay_slideshow_gallery":[],"background_overlay_hover_image":{"url":"","id":"","size":""},"background_overlay_hover_video_fallback":{"url":"","id":"","size":""},"background_overlay_hover_slideshow_gallery":[]},"elements":[{"id":"56ffe18d","settings":{"min_height":{"unit":"vh","size":100,"sizes":[]},"min_height_laptop":{"unit":"vh","size":"","sizes":[]},"min_height_tablet":{"unit":"vh","size":"","sizes":[]},"min_height_mobile_extra":{"unit":"vh","size":"","sizes":[]},"min_height_mobile":{"unit":"vh","size":"","sizes":[]},"flex_justify_content":"center","flex_align_items":"center","margin":{"unit":"px","top":"0","right":"0","bottom":"0","left":"0","isLinked":false},"padding":{"unit":"px","top":"0","right":"0","bottom":"0","left":"0","isLinked":false},"position":"fixed","z_index":0,"background_image":{"url":"","id":"","size":""},"background_video_fallback":{"url":"","id":"","size":""},"background_slideshow_gallery":[],"background_hover_image":{"url":"","id":"","size":""},"background_hover_video_fallback":{"url":"","id":"","size":""},"background_hover_slideshow_gallery":[],"background_overlay_image":{"url":"","id":"","size":""},"background_overlay_video_fallback":{"url":"","id":"","size":""},"background_overlay_slideshow_gallery":[],"background_overlay_hover_image":{"url":"","id":"","size":""},"background_overlay_hover_video_fallback":{"url":"","id":"","size":""},"background_overlay_hover_slideshow_gallery":[]},"elements":[{"id":"2c9dd99f","settings":{"content_width":"full","title":"Shop Anywhere Anytime","align":"center","title_color":"#000000","typography_typography":"custom","typography_font_size":{"unit":"px","size":111,"sizes":[]},"_element_width":"initial","_element_custom_width":{"unit":"%","size":56,"sizes":[]},"_flex_align_self":"center","_background_image":{"url":"","id":"","size":""},"_background_video_fallback":{"url":"","id":"","size":""},"_background_slideshow_gallery":[],"_background_hover_image":{"url":"","id":"","size":""},"_background_hover_video_fallback":{"url":"","id":"","size":""},"_background_hover_slideshow_gallery":[],"_mask_image":{"url":"","id":"","size":""}},"elements":[],"isInner":false,"widgetType":"heading","elType":"widget"},{"id":"22730a29","settings":{"content_width":"full","text":"Click here","align":"center","button_text_color":"#FFFFFF","background_color":"#000000","border_border":"solid","border_width":{"unit":"px","top":"0","right":"0","bottom":"0","left":"0","isLinked":true},"text_padding":{"unit":"px","top":"20","right":"20","bottom":"20","left":"20","isLinked":true},"selected_icon":{"value":"","library":""},"background_video_fallback":{"url":"","id":"","size":""},"background_slideshow_gallery":[],"button_background_hover_video_fallback":{"url":"","id":"","size":""},"button_background_hover_slideshow_gallery":[],"_background_image":{"url":"","id":"","size":""},"_background_video_fallback":{"url":"","id":"","size":""},"_background_slideshow_gallery":[],"_background_hover_image":{"url":"","id":"","size":""},"_background_hover_video_fallback":{"url":"","id":"","size":""},"_background_hover_slideshow_gallery":[],"_mask_image":{"url":"","id":"","size":""}},"elements":[],"isInner":false,"widgetType":"button","elType":"widget"}],"isInner":true,"elType":"container"}],"isInner":false,"elType":"container"},{"id":"69a2b2de","settings":{"flex_direction":"column","min_height":{"unit":"vh","size":100,"sizes":[]},"min_height_laptop":{"unit":"vh","size":"","sizes":[]},"min_height_tablet":{"unit":"vh","size":"","sizes":[]},"min_height_mobile":{"unit":"vh","size":"","sizes":[]},"flex_gap":{"column":"80","row":"80","isLinked":true,"unit":"px","size":80},"background_background":"classic","background_color":"#1D1D1D","border_radius":{"unit":"em","top":"2","right":"2","bottom":"2","left":"2","isLinked":true},"border_radius_laptop":{"unit":"em","top":"","right":"","bottom":"","left":"","isLinked":true},"border_radius_tablet":{"unit":"em","top":"","right":"","bottom":"","left":"","isLinked":true},"border_radius_mobile":{"unit":"em","top":"","right":"","bottom":"","left":"","isLinked":true},"margin":{"unit":"custom","top":"-110vh","right":"0","bottom":"0","left":"0","isLinked":false},"margin_laptop":{"unit":"custom","top":"","right":"","bottom":"","left":"","isLinked":true},"margin_tablet":{"unit":"custom","top":"","right":"","bottom":"","left":"","isLinked":true},"margin_mobile":{"unit":"custom","top":"","right":"","bottom":"","left":"","isLinked":true},"padding":{"unit":"px","top":"96","right":"0","bottom":"96","left":"0","isLinked":false},"z_index":7,"boxed_width":{"unit":"px","size":1220,"sizes":[]},"boxed_width_laptop":{"unit":"%","size":100,"sizes":[]},"boxed_width_tablet":{"unit":"%","size":"","sizes":[]},"boxed_width_mobile_extra":{"unit":"%","size":100,"sizes":[]},"boxed_width_mobile":{"unit":"%","size":"","sizes":[]},"padding_laptop":{"unit":"px","top":"96","right":"32","bottom":"96","left":"32","isLinked":false},"flex_align_items_tablet":"center","padding_mobile_extra":{"unit":"px","top":"96","right":"24","bottom":"96","left":"24","isLinked":false},"background_image":{"url":"","id":"","size":""},"background_video_fallback":{"url":"","id":"","size":""},"background_slideshow_gallery":[],"background_hover_image":{"url":"","id":"","size":""},"background_hover_video_fallback":{"url":"","id":"","size":""},"background_hover_slideshow_gallery":[],"background_overlay_image":{"url":"","id":"","size":""},"background_overlay_video_fallback":{"url":"","id":"","size":""},"background_overlay_slideshow_gallery":[],"background_overlay_hover_image":{"url":"","id":"","size":""},"background_overlay_hover_video_fallback":{"url":"","id":"","size":""},"background_overlay_hover_slideshow_gallery":[]},"elements":[{"id":"1800619a","settings":{"content_width":"full","flex_direction":"row","flex_justify_content":"space-between","flex_align_items":"center","flex_gap":{"column":"2","row":"2","isLinked":true,"unit":"custom","size":2},"flex_gap_laptop":{"column":"","row":"","isLinked":true,"unit":"custom","size":null},"flex_gap_tablet":{"column":"2","row":"2","isLinked":true,"unit":"custom","size":2},"flex_gap_mobile":{"column":"","row":"","isLinked":true,"unit":"custom","size":null},"padding":{"unit":"px","top":"0","right":"0","bottom":"0","left":"0","isLinked":false},"width_tablet":{"unit":"em","size":30,"sizes":[]},"width_mobile_extra":{"unit":"em","size":30,"sizes":[]},"width_mobile":{"unit":"em","size":"","sizes":[]},"flex_direction_tablet":"column","flex_gap_mobile_extra":{"column":"","row":"","isLinked":true,"unit":"custom","size":null},"background_image":{"url":"","id":"","size":""},"background_video_fallback":{"url":"","id":"","size":""},"background_slideshow_gallery":[],"background_hover_image":{"url":"","id":"","size":""},"background_hover_video_fallback":{"url":"","id":"","size":""},"background_hover_slideshow_gallery":[],"background_overlay_image":{"url":"","id":"","size":""},"background_overlay_video_fallback":{"url":"","id":"","size":""},"background_overlay_slideshow_gallery":[],"background_overlay_hover_image":{"url":"","id":"","size":""},"background_overlay_hover_video_fallback":{"url":"","id":"","size":""},"background_overlay_hover_slideshow_gallery":[]},"elements":[{"id":"49822e96","settings":{"content_width":"full","width":{"unit":"%","size":53,"sizes":[]},"flex_gap":{"column":"0","row":"0","isLinked":true,"unit":"px","size":0},"padding":{"unit":"px","top":"0","right":"0","bottom":"0","left":"0","isLinked":false},"width_laptop":{"unit":"%","size":53,"sizes":[]},"width_tablet":{"unit":"%","size":100,"sizes":[]},"width_mobile_extra":{"unit":"%","size":100,"sizes":[]},"width_mobile":{"unit":"%","size":"","sizes":[]},"background_image":{"url":"","id":"","size":""},"background_video_fallback":{"url":"","id":"","size":""},"background_slideshow_gallery":[],"background_hover_image":{"url":"","id":"","size":""},"background_hover_video_fallback":{"url":"","id":"","size":""},"background_hover_slideshow_gallery":[],"background_overlay_image":{"url":"","id":"","size":""},"background_overlay_video_fallback":{"url":"","id":"","size":""},"background_overlay_slideshow_gallery":[],"background_overlay_hover_image":{"url":"","id":"","size":""},"background_overlay_hover_video_fallback":{"url":"","id":"","size":""},"background_overlay_hover_slideshow_gallery":[]},"elements":[{"id":"6b1b864b","settings":{"content_width":"full","title":"Endless Possibilities, Delivered to Your Doorstep","title_color":"#FFFFFF","typography_typography":"custom","typography_font_family":"Ppcirka","typography_font_size":{"unit":"em","size":3.8,"sizes":[]},"typography_font_size_laptop":{"unit":"em","size":4,"sizes":[]},"typography_font_size_tablet":{"unit":"em","size":"","sizes":[]},"typography_font_size_mobile":{"unit":"em","size":2.6,"sizes":[]},"typography_font_weight":"300","typography_line_height":{"unit":"em","size":0.9,"sizes":[]},"typography_line_height_laptop":{"unit":"em","size":"","sizes":[]},"typography_letter_spacing":{"unit":"em","size":-0.04,"sizes":[]},"typography_letter_spacing_laptop":{"unit":"em","size":"","sizes":[]},"typography_letter_spacing_tablet":{"unit":"em","size":"","sizes":[]},"typography_letter_spacing_mobile":{"unit":"em","size":"","sizes":[]},"typography_font_size_mobile_extra":{"unit":"em","size":3.2,"sizes":[]},"_background_image":{"url":"","id":"","size":""},"_background_video_fallback":{"url":"","id":"","size":""},"_background_slideshow_gallery":[],"_background_hover_image":{"url":"","id":"","size":""},"_background_hover_video_fallback":{"url":"","id":"","size":""},"_background_hover_slideshow_gallery":[],"_mask_image":{"url":"","id":"","size":""}},"elements":[],"isInner":false,"widgetType":"heading","elType":"widget"},{"id":"70f61495","settings":{"content_width":"full","editor":"<p>In today's fast-paced world, convenience is key. That's why online shopping has become an essential part of modern life. With just a few clicks, you can buy anything you need and have it delivered right to your doorstep.<\/p>","text_color":"#FFFFFF","typography_typography":"custom","typography_font_family":"Arial","typography_font_size":{"unit":"em","size":1,"sizes":[]},"typography_font_size_laptop":{"unit":"em","size":"","sizes":[]},"typography_font_size_tablet":{"unit":"em","size":"","sizes":[]},"typography_font_size_mobile":{"unit":"em","size":"","sizes":[]},"typography_font_weight":"400","typography_line_height":{"unit":"em","size":1.6,"sizes":[]},"typography_line_height_laptop":{"unit":"em","size":"","sizes":[]},"_margin":{"unit":"px","top":"24","right":"0","bottom":"32","left":"0","isLinked":false},"_element_width":"initial","_element_custom_width":{"unit":"em","size":34,"sizes":[]},"_element_custom_width_laptop":{"unit":"em","size":"","sizes":[]},"_element_custom_width_tablet":{"unit":"em","size":"","sizes":[]},"_element_custom_width_mobile":{"unit":"em","size":"","sizes":[]},"_margin_mobile_extra":{"unit":"px","top":"24","right":"0","bottom":"32","left":"0","isLinked":false},"_margin_mobile":{"unit":"px","top":"20","right":"0","bottom":"28","left":"0","isLinked":false},"_background_image":{"url":"","id":"","size":""},"_background_video_fallback":{"url":"","id":"","size":""},"_background_slideshow_gallery":[],"_background_hover_image":{"url":"","id":"","size":""},"_background_hover_video_fallback":{"url":"","id":"","size":""},"_background_hover_slideshow_gallery":[],"_mask_image":{"url":"","id":"","size":""}},"elements":[],"isInner":false,"widgetType":"text-editor","elType":"widget"},{"id":"164f32d1","settings":{"content_width":"full","text":"Get Started","typography_typography":"custom","typography_font_family":"Arial","typography_font_size":{"unit":"px","size":16,"sizes":[]},"typography_font_weight":"500","button_text_color":"#000000","background_color":"#FFFFFF","hover_color":"#FFFFFF","button_background_hover_color":"#02010100","border_border":"solid","border_width":{"unit":"px","top":"2","right":"2","bottom":"2","left":"2","isLinked":true},"border_color":"#FFFFFF","border_radius":{"unit":"px","top":"0","right":"0","bottom":"0","left":"0","isLinked":false},"text_padding":{"unit":"px","top":"16","right":"35","bottom":"16","left":"35","isLinked":false},"selected_icon":{"value":"","library":""},"background_video_fallback":{"url":"","id":"","size":""},"background_slideshow_gallery":[],"button_background_hover_video_fallback":{"url":"","id":"","size":""},"button_background_hover_slideshow_gallery":[],"_background_image":{"url":"","id":"","size":""},"_background_video_fallback":{"url":"","id":"","size":""},"_background_slideshow_gallery":[],"_background_hover_image":{"url":"","id":"","size":""},"_background_hover_video_fallback":{"url":"","id":"","size":""},"_background_hover_slideshow_gallery":[],"_mask_image":{"url":"","id":"","size":""}},"elements":[],"isInner":false,"widgetType":"button","elType":"widget"}],"isInner":true,"elType":"container"},{"id":"6988402","settings":{"content_width":"full","width":{"unit":"%","size":39,"sizes":[]},"width_laptop":{"unit":"%","size":41,"sizes":[]},"width_tablet":{"unit":"%","size":100,"sizes":[]},"width_mobile":{"unit":"vw","size":"","sizes":[]},"padding":{"unit":"px","top":"0","right":"0","bottom":"0","left":"0","isLinked":false},"custom_css":"selector img{\n    aspect-ratio: 4\/5;\n    object-fit: cover;\n    object-position: top center;\n}","width_mobile_extra":{"unit":"vw","size":"","sizes":[]},"background_image":{"url":"","id":"","size":""},"background_video_fallback":{"url":"","id":"","size":""},"background_slideshow_gallery":[],"background_hover_image":{"url":"","id":"","size":""},"background_hover_video_fallback":{"url":"","id":"","size":""},"background_hover_slideshow_gallery":[],"background_overlay_image":{"url":"","id":"","size":""},"background_overlay_video_fallback":{"url":"","id":"","size":""},"background_overlay_slideshow_gallery":[],"background_overlay_hover_image":{"url":"","id":"","size":""},"background_overlay_hover_video_fallback":{"url":"","id":"","size":""},"background_overlay_hover_slideshow_gallery":[]},"elements":[{"id":"756f929e","settings":{"content_width":"full","image":{"id":"1712","url":"http:\/\/elementor-template.lifeonablock.com\/wp-content\/uploads\/2024\/10\/64000f1c0324c8224254d399_pexels-ivan-samkov-7621125.jpg"},"image_border_radius":{"unit":"custom","top":"0.6em","right":"0.6em","bottom":"0.6em","left":"0.6em","isLinked":true},"image_border_radius_laptop":{"unit":"custom","top":"","right":"","bottom":"","left":"","isLinked":true},"image_border_radius_tablet":{"unit":"custom","top":"","right":"","bottom":"","left":"","isLinked":true},"image_border_radius_mobile":{"unit":"custom","top":"","right":"","bottom":"","left":"","isLinked":true},"_background_image":{"url":"","id":"","size":""},"_background_video_fallback":{"url":"","id":"","size":""},"_background_slideshow_gallery":[],"_background_hover_image":{"url":"","id":"","size":""},"_background_hover_video_fallback":{"url":"","id":"","size":""},"_background_hover_slideshow_gallery":[],"_mask_image":{"url":"","id":"","size":""}},"elements":[],"isInner":false,"widgetType":"image","elType":"widget"}],"isInner":true,"elType":"container"}],"isInner":true,"elType":"container"}],"isInner":false,"elType":"container"},{"id":"6c7d3560","settings":{"flex_direction":"column","content_width":"full","flex_gap":{"column":"0","row":"0","isLinked":true,"unit":"px","size":0},"background_background":"classic","background_color":"#000000","margin":{"unit":"custom","top":"-100vh","right":"0","bottom":"0","left":"0","isLinked":false},"margin_laptop":{"unit":"custom","top":"","right":"","bottom":"","left":"","isLinked":true},"margin_tablet":{"unit":"custom","top":"","right":"","bottom":"","left":"","isLinked":true},"margin_mobile":{"unit":"custom","top":"","right":"","bottom":"","left":"","isLinked":true},"padding":{"unit":"custom","top":"0","right":"0","bottom":"0","left":"0","isLinked":false},"padding_laptop":{"unit":"custom","top":"","right":"","bottom":"","left":"","isLinked":true},"padding_tablet":{"unit":"custom","top":"","right":"","bottom":"","left":"","isLinked":true},"padding_mobile":{"unit":"custom","top":"","right":"","bottom":"","left":"","isLinked":true},"z_index_laptop":6,"background_image":{"url":"","id":"","size":""},"background_video_fallback":{"url":"","id":"","size":""},"background_slideshow_gallery":[],"background_hover_image":{"url":"","id":"","size":""},"background_hover_video_fallback":{"url":"","id":"","size":""},"background_hover_slideshow_gallery":[],"background_overlay_image":{"url":"","id":"","size":""},"background_overlay_video_fallback":{"url":"","id":"","size":""},"background_overlay_slideshow_gallery":[],"background_overlay_hover_image":{"url":"","id":"","size":""},"background_overlay_hover_video_fallback":{"url":"","id":"","size":""},"background_overlay_hover_slideshow_gallery":[]},"elements":[{"id":"1e51f6eb","settings":{"space":{"unit":"vh","size":100,"sizes":[]},"space_laptop":{"unit":"vh","size":"","sizes":[]},"space_tablet":{"unit":"vh","size":"","sizes":[]},"space_mobile":{"unit":"vh","size":"","sizes":[]},"_margin":{"unit":"custom","top":"","right":"","bottom":"","left":"","isLinked":true},"_margin_laptop":{"unit":"custom","top":"","right":"","bottom":"","left":"","isLinked":true},"_margin_tablet":{"unit":"custom","top":"","right":"","bottom":"","left":"","isLinked":true},"_margin_mobile":{"unit":"custom","top":"","right":"","bottom":"","left":"","isLinked":true},"_background_background":"classic","_background_color":"#000000","_background_image":{"url":"","id":"","size":""},"_background_video_fallback":{"url":"","id":"","size":""},"_background_slideshow_gallery":[],"_background_hover_image":{"url":"","id":"","size":""},"_background_hover_video_fallback":{"url":"","id":"","size":""},"_background_hover_slideshow_gallery":[],"_mask_image":{"url":"","id":"","size":""}},"elements":[],"isInner":false,"widgetType":"spacer","elType":"widget"},{"id":"20e923af","settings":{"flex_direction":"row","flex_gap":{"column":"40","row":"40","isLinked":true,"unit":"px","size":40},"background_background":"classic","background_color":"#000000","margin":{"unit":"px","top":"-50","right":"0","bottom":"0","left":"0","isLinked":false},"padding":{"unit":"px","top":"150","right":"100","bottom":"100","left":"100","isLinked":false},"padding_tablet":{"unit":"custom","top":"96px","right":"48px","bottom":"96px","left":"48px","isLinked":false},"padding_mobile":{"unit":"custom","top":"","right":"","bottom":"","left":"","isLinked":true},"z_index":4,"sticky":"bottom","sticky_parent":"yes","boxed_width":{"unit":"px","size":1220,"sizes":[]},"boxed_width_laptop":{"unit":"%","size":100,"sizes":[]},"boxed_width_tablet":{"unit":"%","size":"","sizes":[]},"boxed_width_mobile_extra":{"unit":"%","size":"","sizes":[]},"boxed_width_mobile":{"unit":"%","size":"","sizes":[]},"flex_gap_laptop":{"column":"30","row":"30","isLinked":true,"unit":"px","size":30},"flex_gap_mobile":{"column":"3","row":"3","isLinked":true,"unit":"em","size":3},"flex_wrap_tablet":"wrap","sticky_on":["desktop","laptop"],"padding_mobile_extra":{"unit":"custom","top":"","right":"","bottom":"","left":"","isLinked":true},"background_image":{"url":"","id":"","size":""},"background_video_fallback":{"url":"","id":"","size":""},"background_slideshow_gallery":[],"background_hover_image":{"url":"","id":"","size":""},"background_hover_video_fallback":{"url":"","id":"","size":""},"background_hover_slideshow_gallery":[],"background_overlay_image":{"url":"","id":"","size":""},"background_overlay_video_fallback":{"url":"","id":"","size":""},"background_overlay_slideshow_gallery":[],"background_overlay_hover_image":{"url":"","id":"","size":""},"background_overlay_hover_video_fallback":{"url":"","id":"","size":""},"background_overlay_hover_slideshow_gallery":[]},"elements":[{"id":"45b9f587","settings":{"content_width":"full","width":{"unit":"%","size":30,"sizes":[]},"flex_justify_content":"space-between","padding":{"unit":"px","top":"0","right":"0","bottom":"0","left":"0","isLinked":false},"width_laptop":{"unit":"%","size":35,"sizes":[]},"width_tablet":{"unit":"%","size":45,"sizes":[]},"width_mobile_extra":{"unit":"%","size":"","sizes":[]},"width_mobile":{"unit":"%","size":"","sizes":[]},"_flex_size_laptop":"grow","background_image":{"url":"","id":"","size":""},"background_video_fallback":{"url":"","id":"","size":""},"background_slideshow_gallery":[],"background_hover_image":{"url":"","id":"","size":""},"background_hover_video_fallback":{"url":"","id":"","size":""},"background_hover_slideshow_gallery":[],"background_overlay_image":{"url":"","id":"","size":""},"background_overlay_video_fallback":{"url":"","id":"","size":""},"background_overlay_slideshow_gallery":[],"background_overlay_hover_image":{"url":"","id":"","size":""},"background_overlay_hover_video_fallback":{"url":"","id":"","size":""},"background_overlay_hover_slideshow_gallery":[]},"elements":[{"id":"68a8a6b6","settings":{"content_width":"full","title":"Shopster","title_color":"#FFFFFF","typography_typography":"custom","typography_font_family":"Ppcirka","typography_font_size":{"unit":"em","size":2.8,"sizes":[]},"typography_font_size_laptop":{"unit":"em","size":"","sizes":[]},"typography_font_size_tablet":{"unit":"em","size":"","sizes":[]},"typography_font_size_mobile":{"unit":"em","size":"","sizes":[]},"typography_font_weight":"300","typography_line_height":{"unit":"em","size":1,"sizes":[]},"typography_line_height_laptop":{"unit":"em","size":"","sizes":[]},"typography_letter_spacing":{"unit":"em","size":-0.04,"sizes":[]},"typography_letter_spacing_laptop":{"unit":"em","size":"","sizes":[]},"typography_letter_spacing_tablet":{"unit":"em","size":"","sizes":[]},"typography_letter_spacing_mobile":{"unit":"em","size":"","sizes":[]},"_margin":{"unit":"px","top":"-9","right":"0","bottom":"0","left":"0","isLinked":false},"_padding":{"unit":"px","top":"0","right":"0","bottom":"0","left":"0","isLinked":false},"_background_image":{"url":"","id":"","size":""},"_background_video_fallback":{"url":"","id":"","size":""},"_background_slideshow_gallery":[],"_background_hover_image":{"url":"","id":"","size":""},"_background_hover_video_fallback":{"url":"","id":"","size":""},"_background_hover_slideshow_gallery":[],"_mask_image":{"url":"","id":"","size":""}},"elements":[],"isInner":false,"widgetType":"heading","elType":"widget"},{"id":"5db17b8","settings":{"content_width":"full","flex_direction":"row","flex_gap":{"column":"10","row":"10","isLinked":true,"unit":"px","size":10},"flex_wrap":"wrap","padding":{"unit":"px","top":"0","right":"0","bottom":"0","left":"0","isLinked":false},"background_image":{"url":"","id":"","size":""},"background_video_fallback":{"url":"","id":"","size":""},"background_slideshow_gallery":[],"background_hover_image":{"url":"","id":"","size":""},"background_hover_video_fallback":{"url":"","id":"","size":""},"background_hover_slideshow_gallery":[],"background_overlay_image":{"url":"","id":"","size":""},"background_overlay_video_fallback":{"url":"","id":"","size":""},"background_overlay_slideshow_gallery":[],"background_overlay_hover_image":{"url":"","id":"","size":""},"background_overlay_hover_video_fallback":{"url":"","id":"","size":""},"background_overlay_hover_slideshow_gallery":[]},"elements":[{"id":"2eeb0f61","settings":{"content_width":"full","icon_list":[{"text":"Privacy Policy","selected_icon":{"value":"","library":""},"_id":"b7191dc","link":{"url":"","is_external":"","nofollow":"","custom_attributes":""}}],"icon_typography_typography":"custom","icon_typography_font_family":"Arial","icon_typography_font_size":{"unit":"em","size":1,"sizes":[]},"icon_typography_font_size_laptop":{"unit":"em","size":"","sizes":[]},"icon_typography_font_size_tablet":{"unit":"em","size":"","sizes":[]},"icon_typography_font_size_mobile":{"unit":"em","size":"","sizes":[]},"icon_typography_font_weight":"400","icon_typography_line_height":{"unit":"em","size":1.6,"sizes":[]},"icon_typography_line_height_laptop":{"unit":"em","size":"","sizes":[]},"text_color":"#FFFFFF66","text_color_hover":"#FFFFFF","text_color_hover_transition":{"unit":"s","size":0.1,"sizes":[]},"_background_image":{"url":"","id":"","size":""},"_background_video_fallback":{"url":"","id":"","size":""},"_background_slideshow_gallery":[],"_background_hover_image":{"url":"","id":"","size":""},"_background_hover_video_fallback":{"url":"","id":"","size":""},"_background_hover_slideshow_gallery":[],"_mask_image":{"url":"","id":"","size":""}},"elements":[],"isInner":false,"widgetType":"icon-list","elType":"widget"},{"id":"6fe3bbb0","settings":{"content_width":"full","icon_list":[{"text":"Terms & Conditions","selected_icon":{"value":"","library":""},"_id":"b7191dc","link":{"url":"","is_external":"","nofollow":"","custom_attributes":""}}],"icon_typography_typography":"custom","icon_typography_font_family":"Arial","icon_typography_font_size":{"unit":"em","size":1,"sizes":[]},"icon_typography_font_size_laptop":{"unit":"em","size":"","sizes":[]},"icon_typography_font_size_tablet":{"unit":"em","size":"","sizes":[]},"icon_typography_font_size_mobile":{"unit":"em","size":"","sizes":[]},"icon_typography_font_weight":"400","icon_typography_line_height":{"unit":"em","size":1.6,"sizes":[]},"icon_typography_line_height_laptop":{"unit":"em","size":"","sizes":[]},"text_color":"#FFFFFF66","text_color_hover":"#FFFFFF","text_color_hover_transition":{"unit":"s","size":0.1,"sizes":[]},"_background_image":{"url":"","id":"","size":""},"_background_video_fallback":{"url":"","id":"","size":""},"_background_slideshow_gallery":[],"_background_hover_image":{"url":"","id":"","size":""},"_background_hover_video_fallback":{"url":"","id":"","size":""},"_background_hover_slideshow_gallery":[],"_mask_image":{"url":"","id":"","size":""}},"elements":[],"isInner":false,"widgetType":"icon-list","elType":"widget"},{"id":"6399d80c","settings":{"content_width":"full","editor":"<div class=\"footer_copyright\">\u00a9 All Rights Reserved. Shopster Inc.<\/div>","text_color":"#FFFFFF66","typography_typography":"custom","typography_font_family":"Arial","typography_font_size":{"unit":"em","size":1,"sizes":[]},"typography_font_size_tablet":{"unit":"em","size":"","sizes":[]},"typography_font_size_mobile":{"unit":"em","size":"","sizes":[]},"typography_line_height":{"unit":"em","size":1.6,"sizes":[]},"_background_image":{"url":"","id":"","size":""},"_background_video_fallback":{"url":"","id":"","size":""},"_background_slideshow_gallery":[],"_background_hover_image":{"url":"","id":"","size":""},"_background_hover_video_fallback":{"url":"","id":"","size":""},"_background_hover_slideshow_gallery":[],"_mask_image":{"url":"","id":"","size":""}},"elements":[],"isInner":false,"widgetType":"text-editor","elType":"widget"}],"isInner":true,"elType":"container"}],"isInner":true,"elType":"container"},{"id":"730e364a","settings":{"content_width":"full","width":{"unit":"%","size":20,"sizes":[]},"flex_gap":{"column":"0","row":"0","isLinked":true,"unit":"px","size":0},"padding":{"unit":"px","top":"0","right":"0","bottom":"0","left":"0","isLinked":false},"_flex_size":"grow","width_laptop":{"unit":"%","size":16,"sizes":[]},"width_tablet":{"unit":"%","size":45,"sizes":[]},"width_mobile_extra":{"unit":"%","size":"","sizes":[]},"width_mobile":{"unit":"%","size":"","sizes":[]},"background_image":{"url":"","id":"","size":""},"background_video_fallback":{"url":"","id":"","size":""},"background_slideshow_gallery":[],"background_hover_image":{"url":"","id":"","size":""},"background_hover_video_fallback":{"url":"","id":"","size":""},"background_hover_slideshow_gallery":[],"background_overlay_image":{"url":"","id":"","size":""},"background_overlay_video_fallback":{"url":"","id":"","size":""},"background_overlay_slideshow_gallery":[],"background_overlay_hover_image":{"url":"","id":"","size":""},"background_overlay_hover_video_fallback":{"url":"","id":"","size":""},"background_overlay_hover_slideshow_gallery":[]},"elements":[{"id":"3c8e1a60","settings":{"content_width":"full","title":"Shop","title_color":"#FFFFFF","typography_typography":"custom","typography_font_family":"Arial","typography_font_size":{"unit":"em","size":1.4,"sizes":[]},"typography_font_size_laptop":{"unit":"em","size":"","sizes":[]},"typography_font_size_tablet":{"unit":"em","size":"","sizes":[]},"typography_font_size_mobile":{"unit":"em","size":"","sizes":[]},"typography_font_weight":"300","typography_line_height":{"unit":"em","size":1,"sizes":[]},"typography_line_height_laptop":{"unit":"em","size":"","sizes":[]},"header_size":"h3","typography_letter_spacing":{"unit":"em","size":"","sizes":[]},"typography_letter_spacing_laptop":{"unit":"em","size":"","sizes":[]},"typography_letter_spacing_tablet":{"unit":"em","size":"","sizes":[]},"typography_letter_spacing_mobile":{"unit":"em","size":"","sizes":[]},"_margin":{"unit":"em","top":"0","right":"0","bottom":"0.6","left":"0","isLinked":false},"_margin_laptop":{"unit":"em","top":"","right":"","bottom":"","left":"","isLinked":true},"_margin_tablet":{"unit":"em","top":"","right":"","bottom":"","left":"","isLinked":true},"_margin_mobile":{"unit":"em","top":"","right":"","bottom":"","left":"","isLinked":true},"_background_image":{"url":"","id":"","size":""},"_background_video_fallback":{"url":"","id":"","size":""},"_background_slideshow_gallery":[],"_background_hover_image":{"url":"","id":"","size":""},"_background_hover_video_fallback":{"url":"","id":"","size":""},"_background_hover_slideshow_gallery":[],"_mask_image":{"url":"","id":"","size":""}},"elements":[],"isInner":false,"widgetType":"heading","elType":"widget"},{"id":"646a5ac3","settings":{"content_width":"full","icon_list":[{"text":"Trending","selected_icon":{"value":"","library":""},"_id":"b7191dc","link":{"url":"","is_external":"","nofollow":"","custom_attributes":""}}],"icon_typography_typography":"custom","icon_typography_font_family":"Arial","icon_typography_font_size":{"unit":"em","size":1.2,"sizes":[]},"icon_typography_font_size_laptop":{"unit":"em","size":"","sizes":[]},"icon_typography_font_size_tablet":{"unit":"em","size":"","sizes":[]},"icon_typography_font_size_mobile":{"unit":"em","size":"","sizes":[]},"icon_typography_font_weight":"400","icon_typography_line_height":{"unit":"em","size":1.9,"sizes":[]},"icon_typography_line_height_laptop":{"unit":"em","size":"","sizes":[]},"text_color":"#FFFFFF66","text_color_hover":"#FFFFFF","text_color_hover_transition":{"unit":"s","size":0.1,"sizes":[]},"_background_image":{"url":"","id":"","size":""},"_background_video_fallback":{"url":"","id":"","size":""},"_background_slideshow_gallery":[],"_background_hover_image":{"url":"","id":"","size":""},"_background_hover_video_fallback":{"url":"","id":"","size":""},"_background_hover_slideshow_gallery":[],"_mask_image":{"url":"","id":"","size":""}},"elements":[],"isInner":false,"widgetType":"icon-list","elType":"widget"},{"id":"5350905e","settings":{"content_width":"full","icon_list":[{"text":"Shop By Category","selected_icon":{"value":"","library":""},"_id":"b7191dc","link":{"url":"","is_external":"","nofollow":"","custom_attributes":""}}],"icon_typography_typography":"custom","icon_typography_font_family":"Arial","icon_typography_font_size":{"unit":"em","size":1.2,"sizes":[]},"icon_typography_font_size_laptop":{"unit":"em","size":"","sizes":[]},"icon_typography_font_size_tablet":{"unit":"em","size":"","sizes":[]},"icon_typography_font_size_mobile":{"unit":"em","size":"","sizes":[]},"icon_typography_font_weight":"400","icon_typography_line_height":{"unit":"em","size":1.9,"sizes":[]},"icon_typography_line_height_laptop":{"unit":"em","size":"","sizes":[]},"text_color":"#FFFFFF66","text_color_hover":"#FFFFFF","text_color_hover_transition":{"unit":"s","size":0.1,"sizes":[]},"_background_image":{"url":"","id":"","size":""},"_background_video_fallback":{"url":"","id":"","size":""},"_background_slideshow_gallery":[],"_background_hover_image":{"url":"","id":"","size":""},"_background_hover_video_fallback":{"url":"","id":"","size":""},"_background_hover_slideshow_gallery":[],"_mask_image":{"url":"","id":"","size":""}},"elements":[],"isInner":false,"widgetType":"icon-list","elType":"widget"},{"id":"4ee411d0","settings":{"content_width":"full","icon_list":[{"text":"Recommend","selected_icon":{"value":"","library":""},"_id":"b7191dc","link":{"url":"","is_external":"","nofollow":"","custom_attributes":""}}],"icon_typography_typography":"custom","icon_typography_font_family":"Arial","icon_typography_font_size":{"unit":"em","size":1.2,"sizes":[]},"icon_typography_font_size_laptop":{"unit":"em","size":"","sizes":[]},"icon_typography_font_size_tablet":{"unit":"em","size":"","sizes":[]},"icon_typography_font_size_mobile":{"unit":"em","size":"","sizes":[]},"icon_typography_font_weight":"400","icon_typography_line_height":{"unit":"em","size":1.9,"sizes":[]},"icon_typography_line_height_laptop":{"unit":"em","size":"","sizes":[]},"text_color":"#FFFFFF66","text_color_hover":"#FFFFFF","text_color_hover_transition":{"unit":"s","size":0.1,"sizes":[]},"_background_image":{"url":"","id":"","size":""},"_background_video_fallback":{"url":"","id":"","size":""},"_background_slideshow_gallery":[],"_background_hover_image":{"url":"","id":"","size":""},"_background_hover_video_fallback":{"url":"","id":"","size":""},"_background_hover_slideshow_gallery":[],"_mask_image":{"url":"","id":"","size":""}},"elements":[],"isInner":false,"widgetType":"icon-list","elType":"widget"},{"id":"45a07030","settings":{"content_width":"full","icon_list":[{"text":"All Products","selected_icon":{"value":"","library":""},"_id":"b7191dc","link":{"url":"","is_external":"","nofollow":"","custom_attributes":""}}],"icon_typography_typography":"custom","icon_typography_font_family":"Arial","icon_typography_font_size":{"unit":"em","size":1.2,"sizes":[]},"icon_typography_font_size_laptop":{"unit":"em","size":"","sizes":[]},"icon_typography_font_size_tablet":{"unit":"em","size":"","sizes":[]},"icon_typography_font_size_mobile":{"unit":"em","size":"","sizes":[]},"icon_typography_font_weight":"400","icon_typography_line_height":{"unit":"em","size":1.9,"sizes":[]},"icon_typography_line_height_laptop":{"unit":"em","size":"","sizes":[]},"text_color":"#FFFFFF66","text_color_hover":"#FFFFFF","text_color_hover_transition":{"unit":"s","size":0.1,"sizes":[]},"_background_image":{"url":"","id":"","size":""},"_background_video_fallback":{"url":"","id":"","size":""},"_background_slideshow_gallery":[],"_background_hover_image":{"url":"","id":"","size":""},"_background_hover_video_fallback":{"url":"","id":"","size":""},"_background_hover_slideshow_gallery":[],"_mask_image":{"url":"","id":"","size":""}},"elements":[],"isInner":false,"widgetType":"icon-list","elType":"widget"}],"isInner":true,"elType":"container"},{"id":"42330743","settings":{"content_width":"full","width":{"unit":"%","size":20,"sizes":[]},"flex_gap":{"column":"0","row":"0","isLinked":true,"unit":"px","size":0},"padding":{"unit":"px","top":"0","right":"0","bottom":"0","left":"0","isLinked":false},"_flex_size":"grow","width_laptop":{"unit":"%","size":16,"sizes":[]},"width_tablet":{"unit":"%","size":45,"sizes":[]},"width_mobile_extra":{"unit":"%","size":"","sizes":[]},"width_mobile":{"unit":"%","size":"","sizes":[]},"background_image":{"url":"","id":"","size":""},"background_video_fallback":{"url":"","id":"","size":""},"background_slideshow_gallery":[],"background_hover_image":{"url":"","id":"","size":""},"background_hover_video_fallback":{"url":"","id":"","size":""},"background_hover_slideshow_gallery":[],"background_overlay_image":{"url":"","id":"","size":""},"background_overlay_video_fallback":{"url":"","id":"","size":""},"background_overlay_slideshow_gallery":[],"background_overlay_hover_image":{"url":"","id":"","size":""},"background_overlay_hover_video_fallback":{"url":"","id":"","size":""},"background_overlay_hover_slideshow_gallery":[]},"elements":[{"id":"2600d203","settings":{"content_width":"full","title":"About","title_color":"#FFFFFF","typography_typography":"custom","typography_font_family":"Arial","typography_font_size":{"unit":"em","size":1.4,"sizes":[]},"typography_font_size_laptop":{"unit":"em","size":"","sizes":[]},"typography_font_size_tablet":{"unit":"em","size":"","sizes":[]},"typography_font_size_mobile":{"unit":"em","size":"","sizes":[]},"typography_font_weight":"300","typography_line_height":{"unit":"em","size":1,"sizes":[]},"typography_line_height_laptop":{"unit":"em","size":"","sizes":[]},"header_size":"h3","typography_letter_spacing":{"unit":"em","size":"","sizes":[]},"typography_letter_spacing_laptop":{"unit":"em","size":"","sizes":[]},"typography_letter_spacing_tablet":{"unit":"em","size":"","sizes":[]},"typography_letter_spacing_mobile":{"unit":"em","size":"","sizes":[]},"_margin":{"unit":"em","top":"0","right":"0","bottom":"0.6","left":"0","isLinked":false},"_margin_laptop":{"unit":"em","top":"","right":"","bottom":"","left":"","isLinked":true},"_margin_tablet":{"unit":"em","top":"","right":"","bottom":"","left":"","isLinked":true},"_margin_mobile":{"unit":"em","top":"","right":"","bottom":"","left":"","isLinked":true},"_background_image":{"url":"","id":"","size":""},"_background_video_fallback":{"url":"","id":"","size":""},"_background_slideshow_gallery":[],"_background_hover_image":{"url":"","id":"","size":""},"_background_hover_video_fallback":{"url":"","id":"","size":""},"_background_hover_slideshow_gallery":[],"_mask_image":{"url":"","id":"","size":""}},"elements":[],"isInner":false,"widgetType":"heading","elType":"widget"},{"id":"322ea172","settings":{"content_width":"full","icon_list":[{"text":"FAQs","selected_icon":{"value":"","library":""},"_id":"b7191dc","link":{"url":"","is_external":"","nofollow":"","custom_attributes":""}}],"icon_typography_typography":"custom","icon_typography_font_family":"Arial","icon_typography_font_size":{"unit":"em","size":1.2,"sizes":[]},"icon_typography_font_size_laptop":{"unit":"em","size":"","sizes":[]},"icon_typography_font_size_tablet":{"unit":"em","size":"","sizes":[]},"icon_typography_font_size_mobile":{"unit":"em","size":"","sizes":[]},"icon_typography_font_weight":"400","icon_typography_line_height":{"unit":"em","size":1.9,"sizes":[]},"icon_typography_line_height_laptop":{"unit":"em","size":"","sizes":[]},"text_color":"#FFFFFF66","text_color_hover":"#FFFFFF","text_color_hover_transition":{"unit":"s","size":0.1,"sizes":[]},"_background_image":{"url":"","id":"","size":""},"_background_video_fallback":{"url":"","id":"","size":""},"_background_slideshow_gallery":[],"_background_hover_image":{"url":"","id":"","size":""},"_background_hover_video_fallback":{"url":"","id":"","size":""},"_background_hover_slideshow_gallery":[],"_mask_image":{"url":"","id":"","size":""}},"elements":[],"isInner":false,"widgetType":"icon-list","elType":"widget"},{"id":"7356480","settings":{"content_width":"full","icon_list":[{"text":"Blog","selected_icon":{"value":"","library":""},"_id":"b7191dc","link":{"url":"","is_external":"","nofollow":"","custom_attributes":""}}],"icon_typography_typography":"custom","icon_typography_font_family":"Arial","icon_typography_font_size":{"unit":"em","size":1.2,"sizes":[]},"icon_typography_font_size_laptop":{"unit":"em","size":"","sizes":[]},"icon_typography_font_size_tablet":{"unit":"em","size":"","sizes":[]},"icon_typography_font_size_mobile":{"unit":"em","size":"","sizes":[]},"icon_typography_font_weight":"400","icon_typography_line_height":{"unit":"em","size":1.9,"sizes":[]},"icon_typography_line_height_laptop":{"unit":"em","size":"","sizes":[]},"text_color":"#FFFFFF66","text_color_hover":"#FFFFFF","text_color_hover_transition":{"unit":"s","size":0.1,"sizes":[]},"_background_image":{"url":"","id":"","size":""},"_background_video_fallback":{"url":"","id":"","size":""},"_background_slideshow_gallery":[],"_background_hover_image":{"url":"","id":"","size":""},"_background_hover_video_fallback":{"url":"","id":"","size":""},"_background_hover_slideshow_gallery":[],"_mask_image":{"url":"","id":"","size":""}},"elements":[],"isInner":false,"widgetType":"icon-list","elType":"widget"},{"id":"223e190","settings":{"content_width":"full","icon_list":[{"text":"Careers","selected_icon":{"value":"","library":""},"_id":"b7191dc","link":{"url":"","is_external":"","nofollow":"","custom_attributes":""}}],"icon_typography_typography":"custom","icon_typography_font_family":"Arial","icon_typography_font_size":{"unit":"em","size":1.2,"sizes":[]},"icon_typography_font_size_laptop":{"unit":"em","size":"","sizes":[]},"icon_typography_font_size_tablet":{"unit":"em","size":"","sizes":[]},"icon_typography_font_size_mobile":{"unit":"em","size":"","sizes":[]},"icon_typography_font_weight":"400","icon_typography_line_height":{"unit":"em","size":1.9,"sizes":[]},"icon_typography_line_height_laptop":{"unit":"em","size":"","sizes":[]},"text_color":"#FFFFFF66","text_color_hover":"#FFFFFF","text_color_hover_transition":{"unit":"s","size":0.1,"sizes":[]},"_background_image":{"url":"","id":"","size":""},"_background_video_fallback":{"url":"","id":"","size":""},"_background_slideshow_gallery":[],"_background_hover_image":{"url":"","id":"","size":""},"_background_hover_video_fallback":{"url":"","id":"","size":""},"_background_hover_slideshow_gallery":[],"_mask_image":{"url":"","id":"","size":""}},"elements":[],"isInner":false,"widgetType":"icon-list","elType":"widget"},{"id":"adf9a07","settings":{"content_width":"full","icon_list":[{"text":"Testimonials","selected_icon":{"value":"","library":""},"_id":"b7191dc","link":{"url":"","is_external":"","nofollow":"","custom_attributes":""}}],"icon_typography_typography":"custom","icon_typography_font_family":"Arial","icon_typography_font_size":{"unit":"em","size":1.2,"sizes":[]},"icon_typography_font_size_laptop":{"unit":"em","size":"","sizes":[]},"icon_typography_font_size_tablet":{"unit":"em","size":"","sizes":[]},"icon_typography_font_size_mobile":{"unit":"em","size":"","sizes":[]},"icon_typography_font_weight":"400","icon_typography_line_height":{"unit":"em","size":1.9,"sizes":[]},"icon_typography_line_height_laptop":{"unit":"em","size":"","sizes":[]},"text_color":"#FFFFFF66","text_color_hover":"#FFFFFF","text_color_hover_transition":{"unit":"s","size":0.1,"sizes":[]},"_background_image":{"url":"","id":"","size":""},"_background_video_fallback":{"url":"","id":"","size":""},"_background_slideshow_gallery":[],"_background_hover_image":{"url":"","id":"","size":""},"_background_hover_video_fallback":{"url":"","id":"","size":""},"_background_hover_slideshow_gallery":[],"_mask_image":{"url":"","id":"","size":""}},"elements":[],"isInner":false,"widgetType":"icon-list","elType":"widget"}],"isInner":true,"elType":"container"},{"id":"50059859","settings":{"content_width":"full","width":{"unit":"%","size":20,"sizes":[]},"flex_gap":{"column":"0","row":"0","isLinked":true,"unit":"px","size":0},"padding":{"unit":"px","top":"0","right":"0","bottom":"0","left":"0","isLinked":false},"_flex_size":"grow","width_laptop":{"unit":"%","size":16,"sizes":[]},"width_tablet":{"unit":"%","size":45,"sizes":[]},"width_mobile_extra":{"unit":"%","size":"","sizes":[]},"width_mobile":{"unit":"%","size":"","sizes":[]},"background_image":{"url":"","id":"","size":""},"background_video_fallback":{"url":"","id":"","size":""},"background_slideshow_gallery":[],"background_hover_image":{"url":"","id":"","size":""},"background_hover_video_fallback":{"url":"","id":"","size":""},"background_hover_slideshow_gallery":[],"background_overlay_image":{"url":"","id":"","size":""},"background_overlay_video_fallback":{"url":"","id":"","size":""},"background_overlay_slideshow_gallery":[],"background_overlay_hover_image":{"url":"","id":"","size":""},"background_overlay_hover_video_fallback":{"url":"","id":"","size":""},"background_overlay_hover_slideshow_gallery":[]},"elements":[{"id":"243d66d4","settings":{"content_width":"full","title":"Support","title_color":"#FFFFFF","typography_typography":"custom","typography_font_family":"Arial","typography_font_size":{"unit":"em","size":1.4,"sizes":[]},"typography_font_size_laptop":{"unit":"em","size":"","sizes":[]},"typography_font_size_tablet":{"unit":"em","size":"","sizes":[]},"typography_font_size_mobile":{"unit":"em","size":"","sizes":[]},"typography_font_weight":"300","typography_line_height":{"unit":"em","size":1,"sizes":[]},"typography_line_height_laptop":{"unit":"em","size":"","sizes":[]},"header_size":"h3","typography_letter_spacing":{"unit":"em","size":"","sizes":[]},"typography_letter_spacing_laptop":{"unit":"em","size":"","sizes":[]},"typography_letter_spacing_tablet":{"unit":"em","size":"","sizes":[]},"typography_letter_spacing_mobile":{"unit":"em","size":"","sizes":[]},"_margin":{"unit":"em","top":"0","right":"0","bottom":"0.6","left":"0","isLinked":false},"_margin_laptop":{"unit":"em","top":"","right":"","bottom":"","left":"","isLinked":true},"_margin_tablet":{"unit":"em","top":"","right":"","bottom":"","left":"","isLinked":true},"_margin_mobile":{"unit":"em","top":"","right":"","bottom":"","left":"","isLinked":true},"_background_image":{"url":"","id":"","size":""},"_background_video_fallback":{"url":"","id":"","size":""},"_background_slideshow_gallery":[],"_background_hover_image":{"url":"","id":"","size":""},"_background_hover_video_fallback":{"url":"","id":"","size":""},"_background_hover_slideshow_gallery":[],"_mask_image":{"url":"","id":"","size":""}},"elements":[],"isInner":false,"widgetType":"heading","elType":"widget"},{"id":"5bd86254","settings":{"content_width":"full","icon_list":[{"text":"Track Your Order","selected_icon":{"value":"","library":""},"_id":"b7191dc","link":{"url":"","is_external":"","nofollow":"","custom_attributes":""}}],"icon_typography_typography":"custom","icon_typography_font_family":"Arial","icon_typography_font_size":{"unit":"em","size":1.2,"sizes":[]},"icon_typography_font_size_laptop":{"unit":"em","size":"","sizes":[]},"icon_typography_font_size_tablet":{"unit":"em","size":"","sizes":[]},"icon_typography_font_size_mobile":{"unit":"em","size":"","sizes":[]},"icon_typography_font_weight":"400","icon_typography_line_height":{"unit":"em","size":1.9,"sizes":[]},"icon_typography_line_height_laptop":{"unit":"em","size":"","sizes":[]},"text_color":"#FFFFFF66","text_color_hover":"#FFFFFF","text_color_hover_transition":{"unit":"s","size":0.1,"sizes":[]},"_background_image":{"url":"","id":"","size":""},"_background_video_fallback":{"url":"","id":"","size":""},"_background_slideshow_gallery":[],"_background_hover_image":{"url":"","id":"","size":""},"_background_hover_video_fallback":{"url":"","id":"","size":""},"_background_hover_slideshow_gallery":[],"_mask_image":{"url":"","id":"","size":""}},"elements":[],"isInner":false,"widgetType":"icon-list","elType":"widget"},{"id":"318588f","settings":{"content_width":"full","icon_list":[{"text":"Shipping Info","selected_icon":{"value":"","library":""},"_id":"b7191dc","link":{"url":"","is_external":"","nofollow":"","custom_attributes":""}}],"icon_typography_typography":"custom","icon_typography_font_family":"Arial","icon_typography_font_size":{"unit":"em","size":1.2,"sizes":[]},"icon_typography_font_size_laptop":{"unit":"em","size":"","sizes":[]},"icon_typography_font_size_tablet":{"unit":"em","size":"","sizes":[]},"icon_typography_font_size_mobile":{"unit":"em","size":"","sizes":[]},"icon_typography_font_weight":"400","icon_typography_line_height":{"unit":"em","size":1.9,"sizes":[]},"icon_typography_line_height_laptop":{"unit":"em","size":"","sizes":[]},"text_color":"#FFFFFF66","text_color_hover":"#FFFFFF","text_color_hover_transition":{"unit":"s","size":0.1,"sizes":[]},"_background_image":{"url":"","id":"","size":""},"_background_video_fallback":{"url":"","id":"","size":""},"_background_slideshow_gallery":[],"_background_hover_image":{"url":"","id":"","size":""},"_background_hover_video_fallback":{"url":"","id":"","size":""},"_background_hover_slideshow_gallery":[],"_mask_image":{"url":"","id":"","size":""}},"elements":[],"isInner":false,"widgetType":"icon-list","elType":"widget"},{"id":"78c4c98d","settings":{"content_width":"full","icon_list":[{"text":"Return Policy","selected_icon":{"value":"","library":""},"_id":"b7191dc","link":{"url":"","is_external":"","nofollow":"","custom_attributes":""}}],"icon_typography_typography":"custom","icon_typography_font_family":"Arial","icon_typography_font_size":{"unit":"em","size":1.2,"sizes":[]},"icon_typography_font_size_laptop":{"unit":"em","size":"","sizes":[]},"icon_typography_font_size_tablet":{"unit":"em","size":"","sizes":[]},"icon_typography_font_size_mobile":{"unit":"em","size":"","sizes":[]},"icon_typography_font_weight":"400","icon_typography_line_height":{"unit":"em","size":1.9,"sizes":[]},"icon_typography_line_height_laptop":{"unit":"em","size":"","sizes":[]},"text_color":"#FFFFFF66","text_color_hover":"#FFFFFF","text_color_hover_transition":{"unit":"s","size":0.1,"sizes":[]},"_background_image":{"url":"","id":"","size":""},"_background_video_fallback":{"url":"","id":"","size":""},"_background_slideshow_gallery":[],"_background_hover_image":{"url":"","id":"","size":""},"_background_hover_video_fallback":{"url":"","id":"","size":""},"_background_hover_slideshow_gallery":[],"_mask_image":{"url":"","id":"","size":""}},"elements":[],"isInner":false,"widgetType":"icon-list","elType":"widget"},{"id":"5c8af3e4","settings":{"content_width":"full","icon_list":[{"text":"Customer Support","selected_icon":{"value":"","library":""},"_id":"b7191dc","link":{"url":"","is_external":"","nofollow":"","custom_attributes":""}}],"icon_typography_typography":"custom","icon_typography_font_family":"Arial","icon_typography_font_size":{"unit":"em","size":1.2,"sizes":[]},"icon_typography_font_size_laptop":{"unit":"em","size":"","sizes":[]},"icon_typography_font_size_tablet":{"unit":"em","size":"","sizes":[]},"icon_typography_font_size_mobile":{"unit":"em","size":"","sizes":[]},"icon_typography_font_weight":"400","icon_typography_line_height":{"unit":"em","size":1.9,"sizes":[]},"icon_typography_line_height_laptop":{"unit":"em","size":"","sizes":[]},"text_color":"#FFFFFF66","text_color_hover":"#FFFFFF","text_color_hover_transition":{"unit":"s","size":0.1,"sizes":[]},"_background_image":{"url":"","id":"","size":""},"_background_video_fallback":{"url":"","id":"","size":""},"_background_slideshow_gallery":[],"_background_hover_image":{"url":"","id":"","size":""},"_background_hover_video_fallback":{"url":"","id":"","size":""},"_background_hover_slideshow_gallery":[],"_mask_image":{"url":"","id":"","size":""}},"elements":[],"isInner":false,"widgetType":"icon-list","elType":"widget"}],"isInner":true,"elType":"container"}],"isInner":true,"elType":"container"}],"isInner":false,"elType":"container"}],"settings":[],"metadata":[]}