{"content":[{"id":"2d30266d","settings":{"flex_direction":"column","min_height":{"unit":"px","size":350,"sizes":[]},"flex_justify_content":"center","background_image":{"url":"","id":"","size":""},"background_video_fallback":{"url":"","id":"","size":""},"background_slideshow_gallery":[],"background_hover_image":{"url":"","id":"","size":""},"background_hover_video_fallback":{"url":"","id":"","size":""},"background_hover_slideshow_gallery":[],"background_overlay_image":{"url":"","id":"","size":""},"background_overlay_video_fallback":{"url":"","id":"","size":""},"background_overlay_slideshow_gallery":[],"background_overlay_hover_image":{"url":"","id":"","size":""},"background_overlay_hover_video_fallback":{"url":"","id":"","size":""},"background_overlay_hover_slideshow_gallery":[]},"elements":[{"id":"185b8beb","settings":{"content_width":"full","title":"Filler content","align":"center","title_color":"#000000","typography_typography":"custom","typography_font_family":"Kameron","typography_font_size":{"unit":"px","size":40,"sizes":[]},"typography_font_weight":"600","_background_image":{"url":"","id":"","size":""},"_background_video_fallback":{"url":"","id":"","size":""},"_background_slideshow_gallery":[],"_background_hover_image":{"url":"","id":"","size":""},"_background_hover_video_fallback":{"url":"","id":"","size":""},"_background_hover_slideshow_gallery":[],"_mask_image":{"url":"","id":"","size":""}},"elements":[],"isInner":false,"widgetType":"heading","elType":"widget"}],"isInner":false,"elType":"container"},{"id":"3b9522b0","settings":{"flex_direction":"column","boxed_width":{"unit":"vw","size":100,"sizes":[]},"boxed_width_tablet":{"unit":"vw","size":"","sizes":[]},"boxed_width_mobile":{"unit":"vw","size":"","sizes":[]},"min_height":{"unit":"vh","size":150,"sizes":[]},"min_height_tablet":{"unit":"vh","size":100,"sizes":[]},"min_height_mobile":{"unit":"vh","size":90,"sizes":[]},"flex_gap":{"column":"40","row":"40","isLinked":true,"unit":"px","size":40},"overflow":"hidden","css_classes":"main","_title":"Main container","flex_justify_content":"center","flex_align_items":"center","background_background":"classic","background_color":"#F4F4F4","padding":{"unit":"px","top":"0","right":"0","bottom":"0200","left":"0","isLinked":false},"margin":{"unit":"px","top":"0","right":"0","bottom":"0","left":"0","isLinked":false},"margin_tablet":{"unit":"px","top":"0","right":"0","bottom":"0","left":"0","isLinked":false},"margin_mobile":{"unit":"px","top":"0","right":"0","bottom":"0","left":"0","isLinked":false},"flex_justify_content_tablet":"flex-start","padding_mobile":{"unit":"px","top":"0","right":"0","bottom":"50","left":"0","isLinked":false},"__globals__":{"background_color":""},"background_image":{"url":"","id":"","size":""},"background_video_fallback":{"url":"","id":"","size":""},"background_slideshow_gallery":[],"background_hover_image":{"url":"","id":"","size":""},"background_hover_video_fallback":{"url":"","id":"","size":""},"background_hover_slideshow_gallery":[],"background_overlay_image":{"url":"","id":"","size":""},"background_overlay_video_fallback":{"url":"","id":"","size":""},"background_overlay_slideshow_gallery":[],"background_overlay_hover_image":{"url":"","id":"","size":""},"background_overlay_hover_video_fallback":{"url":"","id":"","size":""},"background_overlay_hover_slideshow_gallery":[]},"elements":[{"id":"3233bc0c","settings":{"content_width":"full","flex_direction":"column","flex_gap":{"column":"30","row":"30","isLinked":true,"unit":"px","size":30},"padding":{"unit":"px","top":"0","right":"0","bottom":"0","left":"0","isLinked":false},"_title":"Code","background_image":{"url":"","id":"","size":""},"background_video_fallback":{"url":"","id":"","size":""},"background_slideshow_gallery":[],"background_hover_image":{"url":"","id":"","size":""},"background_hover_video_fallback":{"url":"","id":"","size":""},"background_hover_slideshow_gallery":[],"background_overlay_image":{"url":"","id":"","size":""},"background_overlay_video_fallback":{"url":"","id":"","size":""},"background_overlay_slideshow_gallery":[],"background_overlay_hover_image":{"url":"","id":"","size":""},"background_overlay_hover_video_fallback":{"url":"","id":"","size":""},"background_overlay_hover_slideshow_gallery":[]},"elements":[{"id":"5514c45d","settings":{"content_width":"full","html":"<style>\n    .card{\n        will-change: transform;\n    }\n<\/style>\n\n<!-- Add these to your Elementor page head or footer -->\n<script src=\"https:\/\/cdnjs.cloudflare.com\/ajax\/libs\/gsap\/3.11.4\/gsap.min.js\"><\/script>\n<script src=\"https:\/\/cdnjs.cloudflare.com\/ajax\/libs\/gsap\/3.11.4\/ScrollTrigger.min.js\"><\/script>\n\n\n<script>\ndocument.addEventListener(\"DOMContentLoaded\", function() {\n    \/\/ Ensure GSAP and ScrollTrigger are available\n    if (typeof gsap !== \"undefined\" && typeof ScrollTrigger !== \"undefined\") {\n        gsap.registerPlugin(ScrollTrigger);\n\n        \/\/ Define different movement values for desktop and mobile\n        const isMobile = window.innerWidth <= 768;\n\n        const leftXValues = isMobile ? [-1500, -1500, -500] : [-800, -900, -400];\n        const rightXValues = isMobile ? [1500, 1500, 500] : [800, 900, 400];\n        const leftRotationValues = isMobile ? [-45, -40, -50] : [-30, -20, -35];\n        const rightRotationValues = isMobile ? [45, 40, 50] : [30, 20, 35];\n        const yValues = isMobile ? [200, -300, -700] : [100, -150, -400];\n\n        gsap.utils.toArray(\".row\").forEach((row, index) => {\n            const cardLeft = row.querySelector(\".card-left\");\n            const cardRight = row.querySelector(\".card-right\");\n\n            gsap.fromTo(cardLeft, \n                { x: 0, y: 0, rotation: 0 },\n                {\n                    x: leftXValues[index],\n                    rotation: leftRotationValues[index],\n                    scrollTrigger: {\n                        trigger: \".main\",\n                        start: \"top 80%\",\n                        end: \"150% bottom\",\n                        scrub: true,\n                        onUpdate: (self) => {\n                            const progress = self.progress;\n                            gsap.set(cardLeft, {\n                                x: progress * leftXValues[index],\n                                y: progress * yValues[index],\n                                rotation: progress * leftRotationValues[index]\n                            });\n                        },\n                    },\n                }\n            );\n\n            gsap.fromTo(cardRight,\n                { x: 0, y: 0, rotation: 0 },\n                {\n                    x: rightXValues[index],\n                    rotation: rightRotationValues[index],\n                    scrollTrigger: {\n                        trigger: \".main\",\n                        start: \"top 80%\",\n                        end: \"150% bottom\",\n                        scrub: true,\n                        onUpdate: (self) => {\n                            const progress = self.progress;\n                            gsap.set(cardRight, {\n                                x: progress * rightXValues[index],\n                                y: progress * yValues[index],\n                                rotation: progress * rightRotationValues[index]\n                            });\n                        },\n                    },\n                }\n            );\n        });\n    } else {\n        console.error(\"GSAP or ScrollTrigger not found.\");\n    }\n});\n<\/script>\n","_background_image":{"url":"","id":"","size":""},"_background_video_fallback":{"url":"","id":"","size":""},"_background_slideshow_gallery":[],"_background_hover_image":{"url":"","id":"","size":""},"_background_hover_video_fallback":{"url":"","id":"","size":""},"_background_hover_slideshow_gallery":[],"_mask_image":{"url":"","id":"","size":""}},"elements":[],"isInner":false,"widgetType":"html","elType":"widget"}],"isInner":true,"elType":"container"},{"id":"68b231d1","settings":{"content_width":"full","width":{"unit":"px","size":600,"sizes":[]},"boxed_width":{"unit":"px","size":300,"sizes":[]},"flex_justify_content":"center","flex_align_items":"center","flex_gap":{"column":"10","row":"10","isLinked":true,"unit":"px","size":10},"position":"absolute","_offset_x":{"unit":"%","size":50,"sizes":[]},"_offset_x_tablet":{"unit":"%","size":"","sizes":[]},"_offset_x_mobile":{"unit":"%","size":"","sizes":[]},"_offset_y":{"unit":"%","size":25,"sizes":[]},"_offset_y_tablet":{"unit":"%","size":"","sizes":[]},"_offset_y_mobile":{"unit":"%","size":24,"sizes":[]},"_transform_translate_popover":"transform","_transform_translateX_effect":{"unit":"%","size":-50,"sizes":[]},"_transform_translateX_effect_tablet":{"unit":"%","size":"","sizes":[]},"_transform_translateX_effect_mobile":{"unit":"%","size":"","sizes":[]},"_transform_translateY_effect":{"unit":"px","size":-50,"sizes":[]},"_title":"Main content","z_index":4,"margin_mobile":{"unit":"px","top":"0","right":"0","bottom":"0","left":"0","isLinked":false},"flex_justify_content_mobile":"flex-start","background_image":{"url":"","id":"","size":""},"background_video_fallback":{"url":"","id":"","size":""},"background_slideshow_gallery":[],"background_hover_image":{"url":"","id":"","size":""},"background_hover_video_fallback":{"url":"","id":"","size":""},"background_hover_slideshow_gallery":[],"background_overlay_image":{"url":"","id":"","size":""},"background_overlay_video_fallback":{"url":"","id":"","size":""},"background_overlay_slideshow_gallery":[],"background_overlay_hover_image":{"url":"","id":"","size":""},"background_overlay_hover_video_fallback":{"url":"","id":"","size":""},"background_overlay_hover_slideshow_gallery":[]},"elements":[{"id":"6e809861","settings":{"content_width":"full","image":{"id":"2047","url":"http:\/\/elementor-template.lifeonablock.com\/wp-content\/uploads\/2024\/10\/YouTube-Thumbnail-16.svg"},"align":"center","width":{"unit":"%","size":7,"sizes":[]},"width_tablet":{"unit":"%","size":6,"sizes":[]},"width_mobile":{"unit":"%","size":15,"sizes":[]},"_animation":"fadeInUp","animation_duration":"fast","_background_image":{"url":"","id":"","size":""},"_background_video_fallback":{"url":"","id":"","size":""},"_background_slideshow_gallery":[],"_background_hover_image":{"url":"","id":"","size":""},"_background_hover_video_fallback":{"url":"","id":"","size":""},"_background_hover_slideshow_gallery":[],"_mask_image":{"url":"","id":"","size":""}},"elements":[],"isInner":false,"widgetType":"image","elType":"widget"},{"id":"537d171d","settings":{"content_width":"full","title":"Some Of<br> <span class=\"tofarver\">Our Work\n<\/span>","align":"left","title_color":"#000000","typography_typography":"custom","typography_font_family":"Kameron","typography_font_size":{"unit":"px","size":58,"sizes":[]},"typography_font_weight":"600","_margin":{"unit":"px","top":"0","right":"0","bottom":"6","left":"0","isLinked":false},"typography_font_size_tablet":{"unit":"px","size":45,"sizes":[]},"typography_font_size_mobile":{"unit":"px","size":40,"sizes":[]},"typography_line_height_tablet":{"unit":"em","size":1.2,"sizes":[]},"_animation":"fadeInUp","animation_duration":"fast","_background_image":{"url":"","id":"","size":""},"_background_video_fallback":{"url":"","id":"","size":""},"_background_slideshow_gallery":[],"_background_hover_image":{"url":"","id":"","size":""},"_background_hover_video_fallback":{"url":"","id":"","size":""},"_background_hover_slideshow_gallery":[],"_mask_image":{"url":"","id":"","size":""}},"elements":[],"isInner":false,"widgetType":"heading","elType":"widget"},{"id":"4d2d15f1","settings":{"content_width":"full","editor":"<p>Each project in our collection reflects the passion and creativity we bring to every digital endeavor. From sleek web designs to dynamic branding solutions, our portfolio highlights the diversity of our expertise. We believe in pushing boundaries and crafting digital experiences that not only meet but exceed expectations. Your vision, brought to life with precision and flair.<\/p>","align":"center","text_color":"#000000","typography_typography":"custom","typography_font_family":"Montserrat","typography_font_size":{"unit":"px","size":16,"sizes":[]},"typography_font_size_mobile":{"unit":"px","size":20,"sizes":[]},"typography_font_weight":"500","_element_width_mobile":"initial","_element_custom_width_mobile":{"unit":"%","size":90,"sizes":[]},"_animation":"fadeInUp","animation_duration":"fast","typography_line_height":{"unit":"px","size":30,"sizes":[]},"_background_image":{"url":"","id":"","size":""},"_background_video_fallback":{"url":"","id":"","size":""},"_background_slideshow_gallery":[],"_background_hover_image":{"url":"","id":"","size":""},"_background_hover_video_fallback":{"url":"","id":"","size":""},"_background_hover_slideshow_gallery":[],"_mask_image":{"url":"","id":"","size":""}},"elements":[],"isInner":false,"widgetType":"text-editor","elType":"widget"},{"id":"5eed007a","settings":{"content_width":"full","text":"Explore our work","selected_icon":{"value":"fas fa-arrow-right","library":"fa-solid"},"icon_align":"row-reverse","icon_indent":{"unit":"px","size":14,"sizes":[]},"typography_typography":"custom","typography_font_family":"Montserrat","typography_font_weight":"600","button_text_color":"#FFFFFF","background_color":"#0071E3","border_radius":{"unit":"px","top":"41","right":"41","bottom":"41","left":"41","isLinked":true},"text_padding":{"unit":"px","top":"11","right":"11","bottom":"11","left":"11","isLinked":true},"__globals__":{"button_text_color":"","button_background_hover_color":""},"_margin":{"unit":"px","top":"6","right":"0","bottom":"0","left":"0","isLinked":false},"background_background":"gradient","background_color_b":"#25409E","background_gradient_angle":{"unit":"deg","size":177,"sizes":[]},"link":{"url":"","is_external":"","nofollow":"","custom_attributes":""},"__dynamic__":{"link":"[elementor-tag id=\"ce316a0\" name=\"internal-url\" settings=\"%7B%22type%22%3A%22post%22%2C%22post_id%22%3A975%2C%22taxonomy_id%22%3A%22%22%2C%22attachment_id%22%3A%22%22%2C%22author_id%22%3A%22%22%7D\"]"},"typography_font_size":{"unit":"px","size":15,"sizes":[]},"hover_color":"#FFFFFF","button_background_hover_color":"#198BFD","hover_animation":"grow","background_video_fallback":{"url":"","id":"","size":""},"background_slideshow_gallery":[],"button_background_hover_video_fallback":{"url":"","id":"","size":""},"button_background_hover_slideshow_gallery":[],"_background_image":{"url":"","id":"","size":""},"_background_video_fallback":{"url":"","id":"","size":""},"_background_slideshow_gallery":[],"_background_hover_image":{"url":"","id":"","size":""},"_background_hover_video_fallback":{"url":"","id":"","size":""},"_background_hover_slideshow_gallery":[],"_mask_image":{"url":"","id":"","size":""}},"elements":[],"isInner":false,"widgetType":"button","elType":"widget"},{"id":"d8b2ddc","settings":{"content_width":"full","source_json":{"id":2235,"url":"http:\/\/elementor-template.lifeonablock.com\/wp-content\/uploads\/2024\/10\/Animation-1717687475253-1.json"},"loop":"yes","width":{"unit":"px","size":360,"sizes":[]},"width_tablet":{"unit":"px","size":"","sizes":[]},"width_mobile":{"unit":"px","size":"","sizes":[]},"_padding":{"unit":"px","top":"200","right":"0","bottom":"0","left":"0","isLinked":false},"_padding_mobile":{"unit":"px","top":"10","right":"0","bottom":"0","left":"0","isLinked":false},"_padding_tablet":{"unit":"px","top":"050","right":"0","bottom":"0","left":"0","isLinked":false},"_background_image":{"url":"","id":"","size":""},"_background_video_fallback":{"url":"","id":"","size":""},"_background_slideshow_gallery":[],"_background_hover_image":{"url":"","id":"","size":""},"_background_hover_video_fallback":{"url":"","id":"","size":""},"_background_hover_slideshow_gallery":[],"_mask_image":{"url":"","id":"","size":""}},"elements":[],"isInner":false,"widgetType":"lottie","elType":"widget"}],"isInner":true,"elType":"container"},{"id":"dc7420d","settings":{"content_width":"full","flex_direction":"row","flex_gap":{"column":"40","row":"40","isLinked":true,"unit":"px","size":40},"padding":{"unit":"px","top":"0","right":"0","bottom":"0","left":"0","isLinked":false},"css_classes":"row","_title":"row","flex_justify_content":"center","background_image":{"url":"","id":"","size":""},"background_video_fallback":{"url":"","id":"","size":""},"background_slideshow_gallery":[],"background_hover_image":{"url":"","id":"","size":""},"background_hover_video_fallback":{"url":"","id":"","size":""},"background_hover_slideshow_gallery":[],"background_overlay_image":{"url":"","id":"","size":""},"background_overlay_video_fallback":{"url":"","id":"","size":""},"background_overlay_slideshow_gallery":[],"background_overlay_hover_image":{"url":"","id":"","size":""},"background_overlay_hover_video_fallback":{"url":"","id":"","size":""},"background_overlay_hover_slideshow_gallery":[]},"elements":[{"id":"623af900","settings":{"content_width":"full","image":{"id":2236,"url":"http:\/\/elementor-template.lifeonablock.com\/wp-content\/uploads\/2024\/10\/2-1.png"},"image_border_radius":{"unit":"px","top":"30","right":"30","bottom":"30","left":"30","isLinked":true},"_css_classes":"card card-left","width":{"unit":"%","size":81,"sizes":[]},"align":"left","image_border_radius_mobile":{"unit":"px","top":"10","right":"10","bottom":"10","left":"10","isLinked":true},"_z_index":6,"_z_index_tablet":6,"width_mobile":{"unit":"%","size":100,"sizes":[]},"width_tablet":{"unit":"%","size":93,"sizes":[]},"align_tablet":"left","_background_image":{"url":"","id":"","size":""},"_background_video_fallback":{"url":"","id":"","size":""},"_background_slideshow_gallery":[],"_background_hover_image":{"url":"","id":"","size":""},"_background_hover_video_fallback":{"url":"","id":"","size":""},"_background_hover_slideshow_gallery":[],"_mask_image":{"url":"","id":"","size":""}},"elements":[],"isInner":false,"widgetType":"image","elType":"widget"},{"id":"19813b4","settings":{"content_width":"full","image":{"id":2237,"url":"http:\/\/elementor-template.lifeonablock.com\/wp-content\/uploads\/2024\/10\/1-1.png"},"image_border_radius":{"unit":"px","top":"30","right":"30","bottom":"30","left":"30","isLinked":true},"_css_classes":"card card-right","width":{"unit":"%","size":81,"sizes":[]},"image_border_radius_mobile":{"unit":"px","top":"10","right":"10","bottom":"10","left":"10","isLinked":true},"_z_index":6,"_z_index_tablet":6,"width_mobile":{"unit":"%","size":100,"sizes":[]},"align_tablet":"right","width_tablet":{"unit":"%","size":93,"sizes":[]},"align":"right","_background_image":{"url":"","id":"","size":""},"_background_video_fallback":{"url":"","id":"","size":""},"_background_slideshow_gallery":[],"_background_hover_image":{"url":"","id":"","size":""},"_background_hover_video_fallback":{"url":"","id":"","size":""},"_background_hover_slideshow_gallery":[],"_mask_image":{"url":"","id":"","size":""}},"elements":[],"isInner":false,"widgetType":"image","elType":"widget"}],"isInner":true,"elType":"container"},{"id":"500c88bc","settings":{"content_width":"full","flex_direction":"row","flex_gap":{"column":"40","row":"40","isLinked":true,"unit":"px","size":40},"padding":{"unit":"px","top":"0","right":"0","bottom":"0","left":"0","isLinked":false},"css_classes":"row","_title":"row","flex_justify_content":"center","background_image":{"url":"","id":"","size":""},"background_video_fallback":{"url":"","id":"","size":""},"background_slideshow_gallery":[],"background_hover_image":{"url":"","id":"","size":""},"background_hover_video_fallback":{"url":"","id":"","size":""},"background_hover_slideshow_gallery":[],"background_overlay_image":{"url":"","id":"","size":""},"background_overlay_video_fallback":{"url":"","id":"","size":""},"background_overlay_slideshow_gallery":[],"background_overlay_hover_image":{"url":"","id":"","size":""},"background_overlay_hover_video_fallback":{"url":"","id":"","size":""},"background_overlay_hover_slideshow_gallery":[]},"elements":[{"id":"569b5c79","settings":{"content_width":"full","image":{"id":2238,"url":"http:\/\/elementor-template.lifeonablock.com\/wp-content\/uploads\/2024\/10\/3-1.png"},"image_border_radius":{"unit":"px","top":"30","right":"30","bottom":"30","left":"30","isLinked":true},"_css_classes":"card card-left","width":{"unit":"%","size":81,"sizes":[]},"align":"left","image_box_shadow_box_shadow_type":"yes","image_box_shadow_box_shadow":{"horizontal":0,"vertical":0,"blur":10,"spread":0,"color":"rgba(156.4, 156.4, 156.4, 0.5)"},"image_border_radius_mobile":{"unit":"px","top":"10","right":"10","bottom":"10","left":"10","isLinked":true},"_z_index_tablet":6,"width_mobile":{"unit":"%","size":100,"sizes":[]},"_background_image":{"url":"","id":"","size":""},"_background_video_fallback":{"url":"","id":"","size":""},"_background_slideshow_gallery":[],"_background_hover_image":{"url":"","id":"","size":""},"_background_hover_video_fallback":{"url":"","id":"","size":""},"_background_hover_slideshow_gallery":[],"_mask_image":{"url":"","id":"","size":""}},"elements":[],"isInner":false,"widgetType":"image","elType":"widget"},{"id":"650fecaa","settings":{"content_width":"full","image":{"id":2239,"url":"http:\/\/elementor-template.lifeonablock.com\/wp-content\/uploads\/2024\/10\/4.png"},"image_border_radius":{"unit":"px","top":"30","right":"30","bottom":"30","left":"30","isLinked":true},"_css_classes":"card card-right","width":{"unit":"%","size":81,"sizes":[]},"image_border_radius_mobile":{"unit":"px","top":"10","right":"10","bottom":"10","left":"10","isLinked":true},"_z_index_tablet":6,"width_mobile":{"unit":"%","size":100,"sizes":[]},"align":"right","_background_image":{"url":"","id":"","size":""},"_background_video_fallback":{"url":"","id":"","size":""},"_background_slideshow_gallery":[],"_background_hover_image":{"url":"","id":"","size":""},"_background_hover_video_fallback":{"url":"","id":"","size":""},"_background_hover_slideshow_gallery":[],"_mask_image":{"url":"","id":"","size":""}},"elements":[],"isInner":false,"widgetType":"image","elType":"widget"}],"isInner":true,"elType":"container"},{"id":"61109c3a","settings":{"content_width":"full","flex_direction":"row","flex_gap":{"column":"40","row":"40","isLinked":true,"unit":"px","size":40},"padding":{"unit":"px","top":"0","right":"0","bottom":"0","left":"0","isLinked":false},"css_classes":"row","_title":"row","flex_justify_content":"center","margin":{"unit":"px","top":"0","right":"0","bottom":"-250","left":"0","isLinked":false},"z_index":3,"background_image":{"url":"","id":"","size":""},"background_video_fallback":{"url":"","id":"","size":""},"background_slideshow_gallery":[],"background_hover_image":{"url":"","id":"","size":""},"background_hover_video_fallback":{"url":"","id":"","size":""},"background_hover_slideshow_gallery":[],"background_overlay_image":{"url":"","id":"","size":""},"background_overlay_video_fallback":{"url":"","id":"","size":""},"background_overlay_slideshow_gallery":[],"background_overlay_hover_image":{"url":"","id":"","size":""},"background_overlay_hover_video_fallback":{"url":"","id":"","size":""},"background_overlay_hover_slideshow_gallery":[]},"elements":[{"id":"343cd22a","settings":{"content_width":"full","image":{"id":2240,"url":"http:\/\/elementor-template.lifeonablock.com\/wp-content\/uploads\/2024\/10\/6.png"},"image_border_radius":{"unit":"px","top":"30","right":"30","bottom":"30","left":"30","isLinked":true},"_css_classes":"card card-left","width":{"unit":"%","size":81,"sizes":[]},"align":"left","image_border_radius_mobile":{"unit":"px","top":"10","right":"10","bottom":"10","left":"10","isLinked":true},"_z_index_tablet":6,"width_mobile":{"unit":"%","size":100,"sizes":[]},"_background_image":{"url":"","id":"","size":""},"_background_video_fallback":{"url":"","id":"","size":""},"_background_slideshow_gallery":[],"_background_hover_image":{"url":"","id":"","size":""},"_background_hover_video_fallback":{"url":"","id":"","size":""},"_background_hover_slideshow_gallery":[],"_mask_image":{"url":"","id":"","size":""}},"elements":[],"isInner":false,"widgetType":"image","elType":"widget"},{"id":"3084ca45","settings":{"content_width":"full","image":{"id":2241,"url":"http:\/\/elementor-template.lifeonablock.com\/wp-content\/uploads\/2024\/10\/5-1.png"},"image_border_radius":{"unit":"px","top":"30","right":"30","bottom":"30","left":"30","isLinked":true},"_css_classes":"card card-right","width":{"unit":"%","size":81,"sizes":[]},"align":"right","image_border_radius_mobile":{"unit":"px","top":"10","right":"10","bottom":"10","left":"10","isLinked":true},"_z_index_tablet":6,"_background_image":{"url":"","id":"","size":""},"_background_video_fallback":{"url":"","id":"","size":""},"_background_slideshow_gallery":[],"_background_hover_image":{"url":"","id":"","size":""},"_background_hover_video_fallback":{"url":"","id":"","size":""},"_background_hover_slideshow_gallery":[],"_mask_image":{"url":"","id":"","size":""}},"elements":[],"isInner":false,"widgetType":"image","elType":"widget"}],"isInner":true,"elType":"container"}],"isInner":false,"elType":"container"},{"id":"1151abbe","settings":{"flex_direction":"column","min_height":{"unit":"px","size":350,"sizes":[]},"flex_justify_content":"center","background_background":"classic","background_image":{"url":"","id":"","size":""},"background_video_fallback":{"url":"","id":"","size":""},"background_slideshow_gallery":[],"background_hover_image":{"url":"","id":"","size":""},"background_hover_video_fallback":{"url":"","id":"","size":""},"background_hover_slideshow_gallery":[],"background_overlay_image":{"url":"","id":"","size":""},"background_overlay_video_fallback":{"url":"","id":"","size":""},"background_overlay_slideshow_gallery":[],"background_overlay_hover_image":{"url":"","id":"","size":""},"background_overlay_hover_video_fallback":{"url":"","id":"","size":""},"background_overlay_hover_slideshow_gallery":[]},"elements":[{"id":"28329557","settings":{"content_width":"full","title":"Filler content","align":"center","title_color":"#000000","typography_typography":"custom","typography_font_family":"Kameron","typography_font_size":{"unit":"px","size":40,"sizes":[]},"typography_font_weight":"600","_background_image":{"url":"","id":"","size":""},"_background_video_fallback":{"url":"","id":"","size":""},"_background_slideshow_gallery":[],"_background_hover_image":{"url":"","id":"","size":""},"_background_hover_video_fallback":{"url":"","id":"","size":""},"_background_hover_slideshow_gallery":[],"_mask_image":{"url":"","id":"","size":""}},"elements":[],"isInner":false,"widgetType":"heading","elType":"widget"}],"isInner":false,"elType":"container"},{"id":"772c1576","settings":{"flex_direction":"column","min_height":{"unit":"px","size":212,"sizes":[]},"flex_justify_content":"center","background_image":{"url":"","id":"","size":""},"background_video_fallback":{"url":"","id":"","size":""},"background_slideshow_gallery":[],"background_hover_image":{"url":"","id":"","size":""},"background_hover_video_fallback":{"url":"","id":"","size":""},"background_hover_slideshow_gallery":[],"background_overlay_image":{"url":"","id":"","size":""},"background_overlay_video_fallback":{"url":"","id":"","size":""},"background_overlay_slideshow_gallery":[],"background_overlay_hover_image":{"url":"","id":"","size":""},"background_overlay_hover_video_fallback":{"url":"","id":"","size":""},"background_overlay_hover_slideshow_gallery":[]},"elements":[{"id":"3b99e11","settings":{"content_width":"full","title":"Filler content","align":"center","title_color":"#000000","typography_typography":"custom","typography_font_family":"Kameron","typography_font_size":{"unit":"px","size":40,"sizes":[]},"typography_font_weight":"600","_background_image":{"url":"","id":"","size":""},"_background_video_fallback":{"url":"","id":"","size":""},"_background_slideshow_gallery":[],"_background_hover_image":{"url":"","id":"","size":""},"_background_hover_video_fallback":{"url":"","id":"","size":""},"_background_hover_slideshow_gallery":[],"_mask_image":{"url":"","id":"","size":""}},"elements":[],"isInner":false,"widgetType":"heading","elType":"widget"}],"isInner":false,"elType":"container"},{"id":"265e79b6","settings":{"flex_direction":"column","boxed_width":{"unit":"vw","size":100,"sizes":[]},"boxed_width_tablet":{"unit":"vw","size":"","sizes":[]},"boxed_width_mobile":{"unit":"vw","size":"","sizes":[]},"min_height":{"unit":"vh","size":150,"sizes":[]},"min_height_tablet":{"unit":"vh","size":100,"sizes":[]},"min_height_mobile":{"unit":"vh","size":90,"sizes":[]},"flex_gap":{"column":"40","row":"40","isLinked":true,"unit":"px","size":40},"overflow":"hidden","css_classes":"main","_title":"Main container","flex_justify_content":"center","flex_align_items":"center","background_background":"classic","background_color":"#F4F4F4","padding":{"unit":"px","top":"0","right":"0","bottom":"0","left":"0","isLinked":false},"margin":{"unit":"px","top":"0","right":"0","bottom":"0","left":"0","isLinked":false},"margin_tablet":{"unit":"px","top":"0","right":"0","bottom":"0","left":"0","isLinked":false},"margin_mobile":{"unit":"px","top":"0","right":"0","bottom":"0","left":"0","isLinked":false},"flex_justify_content_tablet":"flex-start","padding_mobile":{"unit":"px","top":"0","right":"0","bottom":"50","left":"0","isLinked":false},"__globals__":{"background_color":""},"background_image":{"url":"","id":"","size":""},"background_video_fallback":{"url":"","id":"","size":""},"background_slideshow_gallery":[],"background_hover_image":{"url":"","id":"","size":""},"background_hover_video_fallback":{"url":"","id":"","size":""},"background_hover_slideshow_gallery":[],"background_overlay_image":{"url":"","id":"","size":""},"background_overlay_video_fallback":{"url":"","id":"","size":""},"background_overlay_slideshow_gallery":[],"background_overlay_hover_image":{"url":"","id":"","size":""},"background_overlay_hover_video_fallback":{"url":"","id":"","size":""},"background_overlay_hover_slideshow_gallery":[]},"elements":[{"id":"45aa61f0","settings":{"content_width":"full","flex_direction":"column","flex_gap":{"column":"30","row":"30","isLinked":true,"unit":"px","size":30},"padding":{"unit":"px","top":"0","right":"0","bottom":"0","left":"0","isLinked":false},"_title":"Code","background_image":{"url":"","id":"","size":""},"background_video_fallback":{"url":"","id":"","size":""},"background_slideshow_gallery":[],"background_hover_image":{"url":"","id":"","size":""},"background_hover_video_fallback":{"url":"","id":"","size":""},"background_hover_slideshow_gallery":[],"background_overlay_image":{"url":"","id":"","size":""},"background_overlay_video_fallback":{"url":"","id":"","size":""},"background_overlay_slideshow_gallery":[],"background_overlay_hover_image":{"url":"","id":"","size":""},"background_overlay_hover_video_fallback":{"url":"","id":"","size":""},"background_overlay_hover_slideshow_gallery":[]},"elements":[{"id":"348a4fd6","settings":{"content_width":"full","html":"<style>\n    .card{\n        will-change: transform;\n    }\n<\/style>\n\n<!-- Add these to your Elementor page head or footer -->\n<script src=\"https:\/\/cdnjs.cloudflare.com\/ajax\/libs\/gsap\/3.11.4\/gsap.min.js\"><\/script>\n<script src=\"https:\/\/cdnjs.cloudflare.com\/ajax\/libs\/gsap\/3.11.4\/ScrollTrigger.min.js\"><\/script>\n\n\n<script>\ndocument.addEventListener(\"DOMContentLoaded\", function() {\n    \/\/ Ensure GSAP and ScrollTrigger are available\n    if (typeof gsap !== \"undefined\" && typeof ScrollTrigger !== \"undefined\") {\n        gsap.registerPlugin(ScrollTrigger);\n\n        \/\/ Define different movement values for desktop and mobile\n        const isMobile = window.innerWidth <= 768;\n\n        const leftXValues = isMobile ? [-1500, -1500, -500] : [-800, -900, -400];\n        const rightXValues = isMobile ? [1500, 1500, 500] : [800, 900, 400];\n        const leftRotationValues = isMobile ? [-45, -40, -50] : [-30, -20, -35];\n        const rightRotationValues = isMobile ? [45, 40, 50] : [30, 20, 35];\n        const yValues = isMobile ? [200, -300, -700] : [100, -150, -400];\n\n        gsap.utils.toArray(\".row\").forEach((row, index) => {\n            const cardLeft = row.querySelector(\".card-left\");\n            const cardRight = row.querySelector(\".card-right\");\n\n            gsap.fromTo(cardLeft, \n                { x: 0, y: 0, rotation: 0 },\n                {\n                    x: leftXValues[index],\n                    rotation: leftRotationValues[index],\n                    scrollTrigger: {\n                        trigger: \".main\",\n                        start: \"top 80%\",\n                        end: \"150% bottom\",\n                        scrub: true,\n                        onUpdate: (self) => {\n                            const progress = self.progress;\n                            gsap.set(cardLeft, {\n                                x: progress * leftXValues[index],\n                                y: progress * yValues[index],\n                                rotation: progress * leftRotationValues[index]\n                            });\n                        },\n                    },\n                }\n            );\n\n            gsap.fromTo(cardRight,\n                { x: 0, y: 0, rotation: 0 },\n                {\n                    x: rightXValues[index],\n                    rotation: rightRotationValues[index],\n                    scrollTrigger: {\n                        trigger: \".main\",\n                        start: \"top 80%\",\n                        end: \"150% bottom\",\n                        scrub: true,\n                        onUpdate: (self) => {\n                            const progress = self.progress;\n                            gsap.set(cardRight, {\n                                x: progress * rightXValues[index],\n                                y: progress * yValues[index],\n                                rotation: progress * rightRotationValues[index]\n                            });\n                        },\n                    },\n                }\n            );\n        });\n    } else {\n        console.error(\"GSAP or ScrollTrigger not found.\");\n    }\n});\n<\/script>\n","_background_image":{"url":"","id":"","size":""},"_background_video_fallback":{"url":"","id":"","size":""},"_background_slideshow_gallery":[],"_background_hover_image":{"url":"","id":"","size":""},"_background_hover_video_fallback":{"url":"","id":"","size":""},"_background_hover_slideshow_gallery":[],"_mask_image":{"url":"","id":"","size":""}},"elements":[],"isInner":false,"widgetType":"html","elType":"widget"}],"isInner":true,"elType":"container"},{"id":"22df609d","settings":{"content_width":"full","width":{"unit":"px","size":600,"sizes":[]},"boxed_width":{"unit":"px","size":300,"sizes":[]},"flex_justify_content":"center","flex_align_items":"center","flex_gap":{"column":"10","row":"10","isLinked":true,"unit":"px","size":10},"position":"absolute","_offset_x":{"unit":"%","size":50,"sizes":[]},"_offset_x_tablet":{"unit":"%","size":"","sizes":[]},"_offset_x_mobile":{"unit":"%","size":"","sizes":[]},"_offset_y":{"unit":"%","size":25,"sizes":[]},"_offset_y_tablet":{"unit":"%","size":"","sizes":[]},"_offset_y_mobile":{"unit":"%","size":24,"sizes":[]},"_transform_translate_popover":"transform","_transform_translateX_effect":{"unit":"%","size":-50,"sizes":[]},"_transform_translateX_effect_tablet":{"unit":"%","size":"","sizes":[]},"_transform_translateX_effect_mobile":{"unit":"%","size":"","sizes":[]},"_transform_translateY_effect":{"unit":"px","size":-50,"sizes":[]},"_title":"Main content","z_index":4,"margin_mobile":{"unit":"px","top":"0","right":"0","bottom":"0","left":"0","isLinked":false},"flex_justify_content_mobile":"flex-start","background_image":{"url":"","id":"","size":""},"background_video_fallback":{"url":"","id":"","size":""},"background_slideshow_gallery":[],"background_hover_image":{"url":"","id":"","size":""},"background_hover_video_fallback":{"url":"","id":"","size":""},"background_hover_slideshow_gallery":[],"background_overlay_image":{"url":"","id":"","size":""},"background_overlay_video_fallback":{"url":"","id":"","size":""},"background_overlay_slideshow_gallery":[],"background_overlay_hover_image":{"url":"","id":"","size":""},"background_overlay_hover_video_fallback":{"url":"","id":"","size":""},"background_overlay_hover_slideshow_gallery":[]},"elements":[{"id":"20cd2abd","settings":{"content_width":"full","image":{"id":"2047","url":"http:\/\/elementor-template.lifeonablock.com\/wp-content\/uploads\/2024\/10\/YouTube-Thumbnail-16.svg"},"align":"center","width":{"unit":"%","size":7,"sizes":[]},"width_tablet":{"unit":"%","size":6,"sizes":[]},"width_mobile":{"unit":"%","size":15,"sizes":[]},"_animation":"fadeInUp","animation_duration":"fast","_background_image":{"url":"","id":"","size":""},"_background_video_fallback":{"url":"","id":"","size":""},"_background_slideshow_gallery":[],"_background_hover_image":{"url":"","id":"","size":""},"_background_hover_video_fallback":{"url":"","id":"","size":""},"_background_hover_slideshow_gallery":[],"_mask_image":{"url":"","id":"","size":""}},"elements":[],"isInner":false,"widgetType":"image","elType":"widget"},{"id":"1894d21a","settings":{"content_width":"full","title":"Some Of<br> <span class=\"tofarver\">Our Work\n<\/span>","align":"left","title_color":"#000000","typography_typography":"custom","typography_font_family":"Kameron","typography_font_size":{"unit":"px","size":58,"sizes":[]},"typography_font_weight":"600","_margin":{"unit":"px","top":"0","right":"0","bottom":"6","left":"0","isLinked":false},"typography_font_size_tablet":{"unit":"px","size":45,"sizes":[]},"typography_font_size_mobile":{"unit":"px","size":40,"sizes":[]},"typography_line_height_tablet":{"unit":"em","size":1.2,"sizes":[]},"_animation":"fadeInUp","animation_duration":"fast","_background_image":{"url":"","id":"","size":""},"_background_video_fallback":{"url":"","id":"","size":""},"_background_slideshow_gallery":[],"_background_hover_image":{"url":"","id":"","size":""},"_background_hover_video_fallback":{"url":"","id":"","size":""},"_background_hover_slideshow_gallery":[],"_mask_image":{"url":"","id":"","size":""}},"elements":[],"isInner":false,"widgetType":"heading","elType":"widget"},{"id":"2eb628a5","settings":{"content_width":"full","editor":"<p>Each project in our collection reflects the passion and creativity we bring to every digital endeavor. From sleek web designs to dynamic branding solutions, our portfolio highlights the diversity of our expertise. We believe in pushing boundaries and crafting digital experiences that not only meet but exceed expectations. Your vision, brought to life with precision and flair.<\/p>","align":"center","text_color":"#000000","typography_typography":"custom","typography_font_family":"Montserrat","typography_font_size":{"unit":"px","size":16,"sizes":[]},"typography_font_size_mobile":{"unit":"px","size":20,"sizes":[]},"typography_font_weight":"500","_element_width_mobile":"initial","_element_custom_width_mobile":{"unit":"%","size":90,"sizes":[]},"_animation":"fadeInUp","animation_duration":"fast","typography_line_height":{"unit":"px","size":30,"sizes":[]},"_background_image":{"url":"","id":"","size":""},"_background_video_fallback":{"url":"","id":"","size":""},"_background_slideshow_gallery":[],"_background_hover_image":{"url":"","id":"","size":""},"_background_hover_video_fallback":{"url":"","id":"","size":""},"_background_hover_slideshow_gallery":[],"_mask_image":{"url":"","id":"","size":""}},"elements":[],"isInner":false,"widgetType":"text-editor","elType":"widget"},{"id":"6c69b2a3","settings":{"content_width":"full","text":"Explore our work","selected_icon":{"value":"fas fa-arrow-right","library":"fa-solid"},"icon_align":"row-reverse","icon_indent":{"unit":"px","size":14,"sizes":[]},"typography_typography":"custom","typography_font_family":"Montserrat","typography_font_weight":"600","button_text_color":"#FFFFFF","background_color":"#0071E3","border_radius":{"unit":"px","top":"41","right":"41","bottom":"41","left":"41","isLinked":true},"text_padding":{"unit":"px","top":"11","right":"11","bottom":"11","left":"11","isLinked":true},"__globals__":{"button_text_color":"","button_background_hover_color":""},"_margin":{"unit":"px","top":"6","right":"0","bottom":"0","left":"0","isLinked":false},"background_background":"gradient","background_color_b":"#25409E","background_gradient_angle":{"unit":"deg","size":177,"sizes":[]},"link":{"url":"","is_external":"","nofollow":"","custom_attributes":""},"__dynamic__":{"link":"[elementor-tag id=\"ce316a0\" name=\"internal-url\" settings=\"%7B%22type%22%3A%22post%22%2C%22post_id%22%3A975%2C%22taxonomy_id%22%3A%22%22%2C%22attachment_id%22%3A%22%22%2C%22author_id%22%3A%22%22%7D\"]"},"typography_font_size":{"unit":"px","size":15,"sizes":[]},"hover_color":"#FFFFFF","button_background_hover_color":"#198BFD","hover_animation":"grow","background_video_fallback":{"url":"","id":"","size":""},"background_slideshow_gallery":[],"button_background_hover_video_fallback":{"url":"","id":"","size":""},"button_background_hover_slideshow_gallery":[],"_background_image":{"url":"","id":"","size":""},"_background_video_fallback":{"url":"","id":"","size":""},"_background_slideshow_gallery":[],"_background_hover_image":{"url":"","id":"","size":""},"_background_hover_video_fallback":{"url":"","id":"","size":""},"_background_hover_slideshow_gallery":[],"_mask_image":{"url":"","id":"","size":""}},"elements":[],"isInner":false,"widgetType":"button","elType":"widget"},{"id":"6fdfe5c0","settings":{"content_width":"full","source_json":{"id":2235,"url":"http:\/\/elementor-template.lifeonablock.com\/wp-content\/uploads\/2024\/10\/Animation-1717687475253-1.json"},"loop":"yes","width":{"unit":"px","size":360,"sizes":[]},"width_tablet":{"unit":"px","size":"","sizes":[]},"width_mobile":{"unit":"px","size":"","sizes":[]},"_padding":{"unit":"px","top":"200","right":"0","bottom":"0","left":"0","isLinked":false},"_padding_mobile":{"unit":"px","top":"10","right":"0","bottom":"0","left":"0","isLinked":false},"_padding_tablet":{"unit":"px","top":"050","right":"0","bottom":"0","left":"0","isLinked":false},"_background_image":{"url":"","id":"","size":""},"_background_video_fallback":{"url":"","id":"","size":""},"_background_slideshow_gallery":[],"_background_hover_image":{"url":"","id":"","size":""},"_background_hover_video_fallback":{"url":"","id":"","size":""},"_background_hover_slideshow_gallery":[],"_mask_image":{"url":"","id":"","size":""}},"elements":[],"isInner":false,"widgetType":"lottie","elType":"widget"}],"isInner":true,"elType":"container"},{"id":"6d3d7647","settings":{"content_width":"full","flex_direction":"row","flex_gap":{"column":"40","row":"40","isLinked":true,"unit":"px","size":40},"padding":{"unit":"px","top":"0","right":"0","bottom":"0","left":"0","isLinked":false},"css_classes":"row","_title":"row","flex_justify_content":"center","background_image":{"url":"","id":"","size":""},"background_video_fallback":{"url":"","id":"","size":""},"background_slideshow_gallery":[],"background_hover_image":{"url":"","id":"","size":""},"background_hover_video_fallback":{"url":"","id":"","size":""},"background_hover_slideshow_gallery":[],"background_overlay_image":{"url":"","id":"","size":""},"background_overlay_video_fallback":{"url":"","id":"","size":""},"background_overlay_slideshow_gallery":[],"background_overlay_hover_image":{"url":"","id":"","size":""},"background_overlay_hover_video_fallback":{"url":"","id":"","size":""},"background_overlay_hover_slideshow_gallery":[]},"elements":[{"id":"72d99a77","settings":{"content_width":"full","image":{"id":2236,"url":"http:\/\/elementor-template.lifeonablock.com\/wp-content\/uploads\/2024\/10\/2-1.png"},"image_border_radius":{"unit":"px","top":"30","right":"30","bottom":"30","left":"30","isLinked":true},"_css_classes":"card card-left","width":{"unit":"%","size":81,"sizes":[]},"align":"left","image_border_radius_mobile":{"unit":"px","top":"10","right":"10","bottom":"10","left":"10","isLinked":true},"_z_index":6,"_z_index_tablet":6,"width_mobile":{"unit":"%","size":100,"sizes":[]},"width_tablet":{"unit":"%","size":93,"sizes":[]},"align_tablet":"left","_background_image":{"url":"","id":"","size":""},"_background_video_fallback":{"url":"","id":"","size":""},"_background_slideshow_gallery":[],"_background_hover_image":{"url":"","id":"","size":""},"_background_hover_video_fallback":{"url":"","id":"","size":""},"_background_hover_slideshow_gallery":[],"_mask_image":{"url":"","id":"","size":""}},"elements":[],"isInner":false,"widgetType":"image","elType":"widget"},{"id":"7b09ad9c","settings":{"content_width":"full","image":{"id":2237,"url":"http:\/\/elementor-template.lifeonablock.com\/wp-content\/uploads\/2024\/10\/1-1.png"},"image_border_radius":{"unit":"px","top":"30","right":"30","bottom":"30","left":"30","isLinked":true},"_css_classes":"card card-right","width":{"unit":"%","size":81,"sizes":[]},"image_border_radius_mobile":{"unit":"px","top":"10","right":"10","bottom":"10","left":"10","isLinked":true},"_z_index":6,"_z_index_tablet":6,"width_mobile":{"unit":"%","size":100,"sizes":[]},"align_tablet":"right","width_tablet":{"unit":"%","size":93,"sizes":[]},"align":"right","_background_image":{"url":"","id":"","size":""},"_background_video_fallback":{"url":"","id":"","size":""},"_background_slideshow_gallery":[],"_background_hover_image":{"url":"","id":"","size":""},"_background_hover_video_fallback":{"url":"","id":"","size":""},"_background_hover_slideshow_gallery":[],"_mask_image":{"url":"","id":"","size":""}},"elements":[],"isInner":false,"widgetType":"image","elType":"widget"}],"isInner":true,"elType":"container"},{"id":"27538559","settings":{"content_width":"full","flex_direction":"row","flex_gap":{"column":"40","row":"40","isLinked":true,"unit":"px","size":40},"padding":{"unit":"px","top":"0","right":"0","bottom":"0","left":"0","isLinked":false},"css_classes":"row","_title":"row","flex_justify_content":"center","background_image":{"url":"","id":"","size":""},"background_video_fallback":{"url":"","id":"","size":""},"background_slideshow_gallery":[],"background_hover_image":{"url":"","id":"","size":""},"background_hover_video_fallback":{"url":"","id":"","size":""},"background_hover_slideshow_gallery":[],"background_overlay_image":{"url":"","id":"","size":""},"background_overlay_video_fallback":{"url":"","id":"","size":""},"background_overlay_slideshow_gallery":[],"background_overlay_hover_image":{"url":"","id":"","size":""},"background_overlay_hover_video_fallback":{"url":"","id":"","size":""},"background_overlay_hover_slideshow_gallery":[]},"elements":[{"id":"4768884","settings":{"content_width":"full","image":{"id":2238,"url":"http:\/\/elementor-template.lifeonablock.com\/wp-content\/uploads\/2024\/10\/3-1.png"},"image_border_radius":{"unit":"px","top":"30","right":"30","bottom":"30","left":"30","isLinked":true},"_css_classes":"card card-left","width":{"unit":"%","size":81,"sizes":[]},"align":"left","image_box_shadow_box_shadow_type":"yes","image_box_shadow_box_shadow":{"horizontal":0,"vertical":0,"blur":10,"spread":0,"color":"rgba(156.4, 156.4, 156.4, 0.5)"},"image_border_radius_mobile":{"unit":"px","top":"10","right":"10","bottom":"10","left":"10","isLinked":true},"_z_index_tablet":6,"width_mobile":{"unit":"%","size":100,"sizes":[]},"_background_image":{"url":"","id":"","size":""},"_background_video_fallback":{"url":"","id":"","size":""},"_background_slideshow_gallery":[],"_background_hover_image":{"url":"","id":"","size":""},"_background_hover_video_fallback":{"url":"","id":"","size":""},"_background_hover_slideshow_gallery":[],"_mask_image":{"url":"","id":"","size":""}},"elements":[],"isInner":false,"widgetType":"image","elType":"widget"},{"id":"4de5bf11","settings":{"content_width":"full","image":{"id":2239,"url":"http:\/\/elementor-template.lifeonablock.com\/wp-content\/uploads\/2024\/10\/4.png"},"image_border_radius":{"unit":"px","top":"30","right":"30","bottom":"30","left":"30","isLinked":true},"_css_classes":"card card-right","width":{"unit":"%","size":81,"sizes":[]},"image_border_radius_mobile":{"unit":"px","top":"10","right":"10","bottom":"10","left":"10","isLinked":true},"_z_index_tablet":6,"width_mobile":{"unit":"%","size":100,"sizes":[]},"align":"right","_background_image":{"url":"","id":"","size":""},"_background_video_fallback":{"url":"","id":"","size":""},"_background_slideshow_gallery":[],"_background_hover_image":{"url":"","id":"","size":""},"_background_hover_video_fallback":{"url":"","id":"","size":""},"_background_hover_slideshow_gallery":[],"_mask_image":{"url":"","id":"","size":""}},"elements":[],"isInner":false,"widgetType":"image","elType":"widget"}],"isInner":true,"elType":"container"},{"id":"2358fffc","settings":{"content_width":"full","flex_direction":"row","flex_gap":{"column":"40","row":"40","isLinked":true,"unit":"px","size":40},"padding":{"unit":"px","top":"0","right":"0","bottom":"0","left":"0","isLinked":false},"css_classes":"row","_title":"row","flex_justify_content":"center","margin":{"unit":"px","top":"0","right":"0","bottom":"-250","left":"0","isLinked":false},"z_index":3,"background_image":{"url":"","id":"","size":""},"background_video_fallback":{"url":"","id":"","size":""},"background_slideshow_gallery":[],"background_hover_image":{"url":"","id":"","size":""},"background_hover_video_fallback":{"url":"","id":"","size":""},"background_hover_slideshow_gallery":[],"background_overlay_image":{"url":"","id":"","size":""},"background_overlay_video_fallback":{"url":"","id":"","size":""},"background_overlay_slideshow_gallery":[],"background_overlay_hover_image":{"url":"","id":"","size":""},"background_overlay_hover_video_fallback":{"url":"","id":"","size":""},"background_overlay_hover_slideshow_gallery":[]},"elements":[{"id":"12551112","settings":{"content_width":"full","image":{"id":2240,"url":"http:\/\/elementor-template.lifeonablock.com\/wp-content\/uploads\/2024\/10\/6.png"},"image_border_radius":{"unit":"px","top":"30","right":"30","bottom":"30","left":"30","isLinked":true},"_css_classes":"card card-left","width":{"unit":"%","size":81,"sizes":[]},"align":"left","image_border_radius_mobile":{"unit":"px","top":"10","right":"10","bottom":"10","left":"10","isLinked":true},"_z_index_tablet":6,"width_mobile":{"unit":"%","size":100,"sizes":[]},"_background_image":{"url":"","id":"","size":""},"_background_video_fallback":{"url":"","id":"","size":""},"_background_slideshow_gallery":[],"_background_hover_image":{"url":"","id":"","size":""},"_background_hover_video_fallback":{"url":"","id":"","size":""},"_background_hover_slideshow_gallery":[],"_mask_image":{"url":"","id":"","size":""}},"elements":[],"isInner":false,"widgetType":"image","elType":"widget"},{"id":"475a1536","settings":{"content_width":"full","image":{"id":2241,"url":"http:\/\/elementor-template.lifeonablock.com\/wp-content\/uploads\/2024\/10\/5-1.png"},"image_border_radius":{"unit":"px","top":"30","right":"30","bottom":"30","left":"30","isLinked":true},"_css_classes":"card card-right","width":{"unit":"%","size":81,"sizes":[]},"align":"right","image_border_radius_mobile":{"unit":"px","top":"10","right":"10","bottom":"10","left":"10","isLinked":true},"_z_index_tablet":6,"_background_image":{"url":"","id":"","size":""},"_background_video_fallback":{"url":"","id":"","size":""},"_background_slideshow_gallery":[],"_background_hover_image":{"url":"","id":"","size":""},"_background_hover_video_fallback":{"url":"","id":"","size":""},"_background_hover_slideshow_gallery":[],"_mask_image":{"url":"","id":"","size":""}},"elements":[],"isInner":false,"widgetType":"image","elType":"widget"}],"isInner":true,"elType":"container"}],"isInner":false,"elType":"container"},{"id":"3e54f26f","settings":{"flex_direction":"column","min_height":{"unit":"px","size":212,"sizes":[]},"flex_justify_content":"center","background_background":"classic","background_image":{"url":"","id":"","size":""},"background_video_fallback":{"url":"","id":"","size":""},"background_slideshow_gallery":[],"background_hover_image":{"url":"","id":"","size":""},"background_hover_video_fallback":{"url":"","id":"","size":""},"background_hover_slideshow_gallery":[],"background_overlay_image":{"url":"","id":"","size":""},"background_overlay_video_fallback":{"url":"","id":"","size":""},"background_overlay_slideshow_gallery":[],"background_overlay_hover_image":{"url":"","id":"","size":""},"background_overlay_hover_video_fallback":{"url":"","id":"","size":""},"background_overlay_hover_slideshow_gallery":[]},"elements":[{"id":"4df3d8cc","settings":{"content_width":"full","title":"Filler content","align":"center","title_color":"#000000","typography_typography":"custom","typography_font_family":"Kameron","typography_font_size":{"unit":"px","size":40,"sizes":[]},"typography_font_weight":"600","_background_image":{"url":"","id":"","size":""},"_background_video_fallback":{"url":"","id":"","size":""},"_background_slideshow_gallery":[],"_background_hover_image":{"url":"","id":"","size":""},"_background_hover_video_fallback":{"url":"","id":"","size":""},"_background_hover_slideshow_gallery":[],"_mask_image":{"url":"","id":"","size":""}},"elements":[],"isInner":false,"widgetType":"heading","elType":"widget"}],"isInner":false,"elType":"container"}],"settings":{"hide_title":"yes","background_image":{"url":"","id":"","size":""},"background_video_fallback":{"url":"","id":"","size":""},"background_slideshow_gallery":[]},"metadata":[]}