{"content":[{"id":"63a87c79","settings":{"flex_direction":"row","flex_gap":{"column":"0","row":"0","isLinked":true,"unit":"px","size":0},"flex_gap_mobile":{"column":"0","row":"0","isLinked":true,"unit":"px","size":0},"margin":{"unit":"px","top":"0","right":"0","bottom":"-95","left":"0","isLinked":false},"padding":{"unit":"px","top":"20","right":"30","bottom":"20","left":"30","isLinked":false},"padding_tablet":{"unit":"px","top":"20","right":"30","bottom":"20","left":"30","isLinked":false},"padding_mobile":{"unit":"px","top":"15","right":"20","bottom":"15","left":"20","isLinked":false},"__globals__":{"background_color":"","border_color":""},"background_color":"#0A080600","border_border":"solid","border_width":{"unit":"px","top":"0","right":"0","bottom":"1","left":"0","isLinked":false},"z_index":55,"margin_tablet":{"unit":"px","top":"0","right":"0","bottom":"-90","left":"0","isLinked":false},"margin_mobile":{"unit":"px","top":"0","right":"0","bottom":"-83","left":"0","isLinked":false},"background_background":"classic","border_color":"#EDEBE630","_title":"Menu","boxed_width":{"unit":"px","size":1400,"sizes":[]},"background_image":{"url":"","id":"","size":""},"background_video_fallback":{"url":"","id":"","size":""},"background_slideshow_gallery":[],"background_hover_image":{"url":"","id":"","size":""},"background_hover_video_fallback":{"url":"","id":"","size":""},"background_hover_slideshow_gallery":[],"background_overlay_image":{"url":"","id":"","size":""},"background_overlay_video_fallback":{"url":"","id":"","size":""},"background_overlay_slideshow_gallery":[],"background_overlay_hover_image":{"url":"","id":"","size":""},"background_overlay_hover_video_fallback":{"url":"","id":"","size":""},"background_overlay_hover_slideshow_gallery":[]},"elements":[{"id":"5c0a5ac7","settings":{"content_width":"full","width":{"unit":"%","size":20,"sizes":[]},"width_mobile":{"unit":"%","size":32,"sizes":[]},"padding":{"unit":"px","top":"0","right":"0","bottom":"0","left":"0","isLinked":false},"_flex_align_self":"center","flex_direction_mobile":"row","flex_justify_content_mobile":"flex-start","flex_align_items_mobile":"center","width_tablet":{"unit":"%","size":25,"sizes":[]},"background_image":{"url":"","id":"","size":""},"background_video_fallback":{"url":"","id":"","size":""},"background_slideshow_gallery":[],"background_hover_image":{"url":"","id":"","size":""},"background_hover_video_fallback":{"url":"","id":"","size":""},"background_hover_slideshow_gallery":[],"background_overlay_image":{"url":"","id":"","size":""},"background_overlay_video_fallback":{"url":"","id":"","size":""},"background_overlay_slideshow_gallery":[],"background_overlay_hover_image":{"url":"","id":"","size":""},"background_overlay_hover_video_fallback":{"url":"","id":"","size":""},"background_overlay_hover_slideshow_gallery":[]},"elements":[{"id":"55b0250","settings":{"image":{"id":2282,"url":"http:\/\/elementor-template.lifeonablock.com\/wp-content\/uploads\/2024\/12\/YouTube-Thumbnail-2024-09-04T084932.605-e1725432596919.png"},"align":"left","width":{"unit":"px","size":177,"sizes":[]},"width_tablet":{"unit":"px","size":100,"sizes":[]},"width_mobile":{"unit":"px","size":85,"sizes":[]},"link_to":"custom","link":{"url":"#","is_external":"","nofollow":"","custom_attributes":""},"_margin_mobile":{"unit":"px","top":"-3","right":"0","bottom":"0","left":"0","isLinked":false},"_background_color_stop_tablet":{"unit":"%","size":"","sizes":[]},"_background_color_stop_mobile":{"unit":"%","size":"","sizes":[]},"_background_color_b_stop_tablet":{"unit":"%","size":"","sizes":[]},"_background_color_b_stop_mobile":{"unit":"%","size":"","sizes":[]},"_background_gradient_angle_tablet":{"unit":"deg","size":"","sizes":[]},"_background_gradient_angle_mobile":{"unit":"deg","size":"","sizes":[]},"_background_gradient_position_tablet":"center center","_background_gradient_position_mobile":"center center","_background_hover_color_stop_tablet":{"unit":"%","size":"","sizes":[]},"_background_hover_color_stop_mobile":{"unit":"%","size":"","sizes":[]},"_background_hover_color_b_stop_tablet":{"unit":"%","size":"","sizes":[]},"_background_hover_color_b_stop_mobile":{"unit":"%","size":"","sizes":[]},"_background_hover_gradient_angle_tablet":{"unit":"deg","size":"","sizes":[]},"_background_hover_gradient_angle_mobile":{"unit":"deg","size":"","sizes":[]},"_background_hover_gradient_position_tablet":"center center","_background_hover_gradient_position_mobile":"center center","_margin":{"unit":"px","top":"-3","right":"0","bottom":"0","left":"0","isLinked":false},"_background_image":{"url":"","id":"","size":""},"_background_video_fallback":{"url":"","id":"","size":""},"_background_slideshow_gallery":[],"_background_hover_image":{"url":"","id":"","size":""},"_background_hover_video_fallback":{"url":"","id":"","size":""},"_background_hover_slideshow_gallery":[],"_mask_image":{"url":"","id":"","size":""}},"elements":[],"isInner":false,"widgetType":"image","elType":"widget"}],"isInner":true,"elType":"container"},{"id":"271e2ae1","settings":{"content_width":"full","width":{"unit":"%","size":100,"sizes":[]},"width_mobile":{"unit":"%","size":17,"sizes":[]},"padding":{"unit":"px","top":"0","right":"0","bottom":"0","left":"0","isLinked":false},"_flex_align_self":"center","flex_direction_mobile":"row","flex_justify_content_mobile":"flex-start","flex_align_items_mobile":"center","width_tablet":{"unit":"%","size":25,"sizes":[]},"background_image":{"url":"","id":"","size":""},"background_video_fallback":{"url":"","id":"","size":""},"background_slideshow_gallery":[],"background_hover_image":{"url":"","id":"","size":""},"background_hover_video_fallback":{"url":"","id":"","size":""},"background_hover_slideshow_gallery":[],"background_overlay_image":{"url":"","id":"","size":""},"background_overlay_video_fallback":{"url":"","id":"","size":""},"background_overlay_slideshow_gallery":[],"background_overlay_hover_image":{"url":"","id":"","size":""},"background_overlay_hover_video_fallback":{"url":"","id":"","size":""},"background_overlay_hover_slideshow_gallery":[]},"elements":[{"id":"442ec045","settings":{"content_width":"full","align_items":"end","menu_typography_typography":"custom","menu_typography_font_family":"Krona One","menu_typography_font_size":{"unit":"px","size":14,"sizes":[]},"menu_typography_font_weight":"500","color_menu_item":"#FFFFFF","hide_tablet":"hidden-tablet","hide_mobile":"hidden-mobile","menu_id":14,"menu_name":"Menu","submenu_icon":{"value":"fas fa-caret-down","library":"fa-solid"},"toggle_icon_normal":{"value":"","library":""},"toggle_icon_active":{"value":"","library":""},"_background_image":{"url":"","id":"","size":""},"_background_video_fallback":{"url":"","id":"","size":""},"_background_slideshow_gallery":[],"_background_hover_image":{"url":"","id":"","size":""},"_background_hover_video_fallback":{"url":"","id":"","size":""},"_background_hover_slideshow_gallery":[],"_mask_image":{"url":"","id":"","size":""}},"elements":[],"isInner":false,"widgetType":"nav-menu","elType":"widget"}],"isInner":true,"elType":"container"},{"id":"7d993c9d","settings":{"content_width":"full","width":{"unit":"%","size":20,"sizes":[]},"width_mobile":{"unit":"%","size":51,"sizes":[]},"padding":{"unit":"px","top":"0","right":"0","bottom":"0","left":"0","isLinked":false},"_flex_align_self":"center","flex_direction_mobile":"row","flex_justify_content_mobile":"flex-start","flex_align_items_mobile":"center","width_tablet":{"unit":"%","size":25,"sizes":[]},"background_image":{"url":"","id":"","size":""},"background_video_fallback":{"url":"","id":"","size":""},"background_slideshow_gallery":[],"background_hover_image":{"url":"","id":"","size":""},"background_hover_video_fallback":{"url":"","id":"","size":""},"background_hover_slideshow_gallery":[],"background_overlay_image":{"url":"","id":"","size":""},"background_overlay_video_fallback":{"url":"","id":"","size":""},"background_overlay_slideshow_gallery":[],"background_overlay_hover_image":{"url":"","id":"","size":""},"background_overlay_hover_video_fallback":{"url":"","id":"","size":""},"background_overlay_hover_slideshow_gallery":[]},"elements":[{"id":"55265869","settings":{"content_width":"full","text":"Order now","border_radius":{"unit":"px","top":"1","right":"1","bottom":"1","left":"1","isLinked":true},"text_padding":{"unit":"px","top":"13","right":"26","bottom":"13","left":"26","isLinked":false},"__globals__":{"button_text_color":"","hover_color":"","typography_typography":"","background_color":"","button_background_hover_color":"","border_color":"","button_hover_border_color":""},"button_background_hover_color":"#FFFFFF","button_hover_border_color":"#FFFFFF","selected_icon":{"value":"fas fa-long-arrow-alt-right","library":"fa-solid"},"icon_align":"row-reverse","align":"right","typography_typography":"custom","typography_font_family":"Krona One","typography_font_weight":"600","button_text_color":"#FFFFFF","hover_color":"#000000","border_border":"solid","border_width":{"unit":"px","top":"3","right":"1","bottom":"1","left":"1","isLinked":false},"border_color":"#FFFFFFA1","text_padding_tablet":{"unit":"px","top":"12","right":"22","bottom":"12","left":"22","isLinked":false},"text_padding_mobile":{"unit":"px","top":"10","right":"17","bottom":"10","left":"17","isLinked":false},"_background_color_stop_tablet":{"unit":"%","size":"","sizes":[]},"_background_color_stop_mobile":{"unit":"%","size":"","sizes":[]},"_background_color_b_stop_tablet":{"unit":"%","size":"","sizes":[]},"_background_color_b_stop_mobile":{"unit":"%","size":"","sizes":[]},"_background_gradient_angle_tablet":{"unit":"deg","size":"","sizes":[]},"_background_gradient_angle_mobile":{"unit":"deg","size":"","sizes":[]},"_background_gradient_position_tablet":"center center","_background_gradient_position_mobile":"center center","_background_hover_color_stop_tablet":{"unit":"%","size":"","sizes":[]},"_background_hover_color_stop_mobile":{"unit":"%","size":"","sizes":[]},"_background_hover_color_b_stop_tablet":{"unit":"%","size":"","sizes":[]},"_background_hover_color_b_stop_mobile":{"unit":"%","size":"","sizes":[]},"_background_hover_gradient_angle_tablet":{"unit":"deg","size":"","sizes":[]},"_background_hover_gradient_angle_mobile":{"unit":"deg","size":"","sizes":[]},"_background_hover_gradient_position_tablet":"center center","_background_hover_gradient_position_mobile":"center center","typography_font_size":{"unit":"px","size":12,"sizes":[]},"typography_text_transform":"uppercase","background_color":"#FFFFFF00","_element_width":"auto","background_video_fallback":{"url":"","id":"","size":""},"background_slideshow_gallery":[],"button_background_hover_video_fallback":{"url":"","id":"","size":""},"button_background_hover_slideshow_gallery":[],"_background_image":{"url":"","id":"","size":""},"_background_video_fallback":{"url":"","id":"","size":""},"_background_slideshow_gallery":[],"_background_hover_image":{"url":"","id":"","size":""},"_background_hover_video_fallback":{"url":"","id":"","size":""},"_background_hover_slideshow_gallery":[],"_mask_image":{"url":"","id":"","size":""}},"elements":[],"isInner":false,"widgetType":"button","elType":"widget"}],"isInner":true,"elType":"container"}],"isInner":false,"elType":"container"},{"id":"2f516a75","settings":{"flex_direction":"row","boxed_width":{"unit":"px","size":1300,"sizes":[]},"flex_justify_content":"center","flex_wrap":"wrap","background_background":"classic","background_image":{"id":2284,"url":"http:\/\/elementor-template.lifeonablock.com\/wp-content\/uploads\/2024\/12\/YouTube-Thumbnail-2024-09-04T083616.489-1.png"},"background_position":"center center","background_size":"cover","background_slideshow_gallery":[{"id":2286,"url":"http:\/\/elementor-template.lifeonablock.com\/wp-content\/uploads\/2024\/12\/hyundai-motor-group-rM_s3wX4sQs-unsplash.jpg"},{"id":2287,"url":"http:\/\/elementor-template.lifeonablock.com\/wp-content\/uploads\/2024\/12\/hyundai-motor-group-pXo8Z5dgwxg-unsplash.jpg"},{"id":2288,"url":"http:\/\/elementor-template.lifeonablock.com\/wp-content\/uploads\/2024\/12\/hyundai-motor-group-9nexkELbMcs-unsplash.jpg"},{"id":2289,"url":"http:\/\/elementor-template.lifeonablock.com\/wp-content\/uploads\/2024\/12\/hyundai-motor-group-TQGoqK2ay7g-unsplash.jpg"}],"background_slideshow_background_size":"cover","background_slideshow_background_position":"center center","background_overlay_background":"classic","padding":{"unit":"px","top":"40","right":"0","bottom":"100","left":"0","isLinked":false},"__globals__":{"background_overlay_color":""},"background_video_link":"https:\/\/youtu.be\/QWKzPG6dE_o?si=K9CM0EAxHgNuNmdM","background_video_end":32,"background_video_fallback":{"id":2285,"url":"http:\/\/elementor-template.lifeonablock.com\/wp-content\/uploads\/2024\/12\/hyundai-motor-group2-rM_s3wX4sQs-unsplash.jpg"},"background_overlay_opacity":{"unit":"px","size":0.2,"sizes":[]},"padding_tablet":{"unit":"px","top":"40","right":"30","bottom":"70","left":"30","isLinked":false},"padding_mobile":{"unit":"px","top":"70","right":"20","bottom":"70","left":"20","isLinked":false},"background_overlay_color":"#000000","_title":"Hero","min_height":{"unit":"vh","size":100,"sizes":[]},"min_height_tablet":{"unit":"vh","size":"","sizes":[]},"min_height_mobile":{"unit":"vh","size":"","sizes":[]},"shape_divider_bottom":"triangle-asymmetrical","shape_divider_bottom_color":"#EAEAE8","shape_divider_bottom_width":{"unit":"%","size":121,"sizes":[]},"shape_divider_bottom_height":{"unit":"px","size":90,"sizes":[]},"z_index":1,"shape_divider_bottom_height_mobile":{"unit":"px","size":29,"sizes":[]},"background_hover_image":{"url":"","id":"","size":""},"background_hover_video_fallback":{"url":"","id":"","size":""},"background_hover_slideshow_gallery":[],"background_overlay_image":{"url":"","id":"","size":""},"background_overlay_video_fallback":{"url":"","id":"","size":""},"background_overlay_slideshow_gallery":[],"background_overlay_hover_image":{"url":"","id":"","size":""},"background_overlay_hover_video_fallback":{"url":"","id":"","size":""},"background_overlay_hover_slideshow_gallery":[]},"elements":[{"id":"3a5f5526","settings":{"content_width":"full","min_height_tablet":{"unit":"vh","size":"","sizes":[]},"min_height_mobile":{"unit":"vh","size":24,"sizes":[]},"flex_direction":"row","flex_justify_content":"center","flex_align_items":"center","flex_wrap":"wrap","flex_align_content":"center","padding":{"unit":"px","top":"10","right":"0","bottom":"0","left":"0","isLinked":false},"padding_mobile":{"unit":"px","top":"20","right":"0","bottom":"0","left":"0","isLinked":false},"background_image":{"url":"","id":"","size":""},"background_video_fallback":{"url":"","id":"","size":""},"background_slideshow_gallery":[],"background_hover_image":{"url":"","id":"","size":""},"background_hover_video_fallback":{"url":"","id":"","size":""},"background_hover_slideshow_gallery":[],"background_overlay_image":{"url":"","id":"","size":""},"background_overlay_video_fallback":{"url":"","id":"","size":""},"background_overlay_slideshow_gallery":[],"background_overlay_hover_image":{"url":"","id":"","size":""},"background_overlay_hover_video_fallback":{"url":"","id":"","size":""},"background_overlay_hover_slideshow_gallery":[]},"elements":[{"id":"12f8cee8","settings":{"content_width":"full","image":{"id":2283,"url":"http:\/\/elementor-template.lifeonablock.com\/wp-content\/uploads\/2024\/12\/YouTube-Thumbnail-2024-09-04T085704.092-1-e1725433305372.png"},"image_size":"full","width":{"unit":"%","size":51,"sizes":[]},"_padding":{"unit":"px","top":"0100","right":"0","bottom":"300","left":"0","isLinked":false},"_element_width":"inherit","_animation":"fadeIn","_animation_delay":0,"width_mobile":{"unit":"%","size":100,"sizes":[]},"_padding_mobile":{"unit":"px","top":"0","right":"0","bottom":"0","left":"0","isLinked":false},"_background_image":{"url":"","id":"","size":""},"_background_video_fallback":{"url":"","id":"","size":""},"_background_slideshow_gallery":[],"_background_hover_image":{"url":"","id":"","size":""},"_background_hover_video_fallback":{"url":"","id":"","size":""},"_background_hover_slideshow_gallery":[],"_mask_image":{"url":"","id":"","size":""}},"elements":[],"isInner":false,"widgetType":"image","elType":"widget"}],"isInner":true,"elType":"container"},{"id":"3117472","settings":{"container_type":"grid","presetTitle":"Grid","presetIcon":"eicon-container-grid","content_width":"full","grid_columns_grid":{"unit":"fr","size":2,"sizes":[]},"grid_rows_grid":{"unit":"fr","size":1,"sizes":[]},"margin":{"unit":"px","top":"0","right":"0","bottom":"0","left":"0","isLinked":false},"padding":{"unit":"px","top":"0","right":"0","bottom":"0","left":"0","isLinked":false},"grid_gaps":{"column":"420","row":"20","isLinked":false,"unit":"px"},"_flex_align_self":"flex-start","grid_columns_grid_tablet":{"unit":"fr","size":1,"sizes":[]},"grid_gaps_tablet":{"column":"20","row":"30","isLinked":false,"unit":"px"},"background_image":{"url":"","id":"","size":""},"background_video_fallback":{"url":"","id":"","size":""},"background_slideshow_gallery":[],"background_hover_image":{"url":"","id":"","size":""},"background_hover_video_fallback":{"url":"","id":"","size":""},"background_hover_slideshow_gallery":[],"background_overlay_image":{"url":"","id":"","size":""},"background_overlay_video_fallback":{"url":"","id":"","size":""},"background_overlay_slideshow_gallery":[],"background_overlay_hover_image":{"url":"","id":"","size":""},"background_overlay_hover_video_fallback":{"url":"","id":"","size":""},"background_overlay_hover_slideshow_gallery":[]},"elements":[{"id":"72ca5ac5","settings":{"container_type":"grid","presetTitle":"Grid","presetIcon":"eicon-container-grid","content_width":"full","width":{"unit":"px","size":"","sizes":[]},"grid_rows_grid":{"unit":"fr","size":1,"sizes":[]},"grid_gaps":{"column":"0","row":"0","isLinked":true,"unit":"px"},"padding":{"unit":"px","top":"040","right":"0","bottom":"0","left":"0","isLinked":false},"_flex_align_self":"flex-start","padding_mobile":{"unit":"px","top":"0","right":"0","bottom":"0100","left":"0","isLinked":false},"background_image":{"url":"","id":"","size":""},"background_video_fallback":{"url":"","id":"","size":""},"background_slideshow_gallery":[],"background_hover_image":{"url":"","id":"","size":""},"background_hover_video_fallback":{"url":"","id":"","size":""},"background_hover_slideshow_gallery":[],"background_overlay_image":{"url":"","id":"","size":""},"background_overlay_video_fallback":{"url":"","id":"","size":""},"background_overlay_slideshow_gallery":[],"background_overlay_hover_image":{"url":"","id":"","size":""},"background_overlay_hover_video_fallback":{"url":"","id":"","size":""},"background_overlay_hover_slideshow_gallery":[]},"elements":[{"id":"4bf6a78a","settings":{"content_width":"full","flex_gap":{"column":"10","row":"10","isLinked":true,"unit":"px","size":10},"border_border":"solid","border_width":{"unit":"px","top":"0","right":"1","bottom":"0","left":"0","isLinked":false},"border_color":"#FFFFFF30","padding":{"unit":"px","top":"0","right":"30","bottom":"0","left":"0","isLinked":false},"border_width_mobile":{"unit":"px","top":"0","right":"0","bottom":"1","left":"0","isLinked":false},"padding_mobile":{"unit":"px","top":"0","right":"0","bottom":"20","left":"0","isLinked":false},"animation":"fadeIn","background_image":{"url":"","id":"","size":""},"background_video_fallback":{"url":"","id":"","size":""},"background_slideshow_gallery":[],"background_hover_image":{"url":"","id":"","size":""},"background_hover_video_fallback":{"url":"","id":"","size":""},"background_hover_slideshow_gallery":[],"background_overlay_image":{"url":"","id":"","size":""},"background_overlay_video_fallback":{"url":"","id":"","size":""},"background_overlay_slideshow_gallery":[],"background_overlay_hover_image":{"url":"","id":"","size":""},"background_overlay_hover_video_fallback":{"url":"","id":"","size":""},"background_overlay_hover_slideshow_gallery":[]},"elements":[{"id":"45df67cf","settings":{"content_width":"full","editor":"<p>340 Miles<\/p>","align":"left","text_color":"#FFFFFF","_margin":{"unit":"px","top":"-5","right":"0","bottom":"-20","left":"0","isLinked":false},"__globals__":{"typography_typography":""},"typography_typography":"custom","typography_font_family":"Manrope","typography_font_size_mobile":{"unit":"px","size":16,"sizes":[]},"typography_font_weight":"500","_background_image":{"url":"","id":"","size":""},"_background_video_fallback":{"url":"","id":"","size":""},"_background_slideshow_gallery":[],"_background_hover_image":{"url":"","id":"","size":""},"_background_hover_video_fallback":{"url":"","id":"","size":""},"_background_hover_slideshow_gallery":[],"_mask_image":{"url":"","id":"","size":""}},"elements":[],"isInner":false,"widgetType":"text-editor","elType":"widget"},{"id":"31f6305c","settings":{"content_width":"full","editor":"<p>RANGE<\/p>","align":"left","text_color":"#FFFFFFCF","_margin":{"unit":"px","top":"0","right":"0","bottom":"-20","left":"0","isLinked":false},"__globals__":{"typography_typography":""},"typography_typography":"custom","typography_font_family":"Manrope","typography_font_size_mobile":{"unit":"px","size":16,"sizes":[]},"typography_font_weight":"500","_background_image":{"url":"","id":"","size":""},"_background_video_fallback":{"url":"","id":"","size":""},"_background_slideshow_gallery":[],"_background_hover_image":{"url":"","id":"","size":""},"_background_hover_video_fallback":{"url":"","id":"","size":""},"_background_hover_slideshow_gallery":[],"_mask_image":{"url":"","id":"","size":""}},"elements":[],"isInner":false,"widgetType":"text-editor","elType":"widget"}],"isInner":true,"elType":"container"},{"id":"43ae7727","settings":{"content_width":"full","flex_gap":{"column":"10","row":"10","isLinked":true,"unit":"px","size":10},"border_border":"solid","border_width":{"unit":"px","top":"0","right":"1","bottom":"0","left":"0","isLinked":false},"border_color":"#FFFFFF30","padding":{"unit":"px","top":"0","right":"0","bottom":"0","left":"30","isLinked":false},"border_width_mobile":{"unit":"px","top":"0","right":"0","bottom":"1","left":"0","isLinked":false},"padding_mobile":{"unit":"px","top":"20","right":"0","bottom":"20","left":"0","isLinked":false},"animation":"fadeIn","animation_delay":100,"background_image":{"url":"","id":"","size":""},"background_video_fallback":{"url":"","id":"","size":""},"background_slideshow_gallery":[],"background_hover_image":{"url":"","id":"","size":""},"background_hover_video_fallback":{"url":"","id":"","size":""},"background_hover_slideshow_gallery":[],"background_overlay_image":{"url":"","id":"","size":""},"background_overlay_video_fallback":{"url":"","id":"","size":""},"background_overlay_slideshow_gallery":[],"background_overlay_hover_image":{"url":"","id":"","size":""},"background_overlay_hover_video_fallback":{"url":"","id":"","size":""},"background_overlay_hover_slideshow_gallery":[]},"elements":[{"id":"7736c263","settings":{"content_width":"full","editor":"<p>2.0 Sec<\/p>","align":"left","text_color":"#FFFFFF","_margin":{"unit":"px","top":"-5","right":"0","bottom":"-20","left":"0","isLinked":false},"__globals__":{"typography_typography":""},"typography_typography":"custom","typography_font_family":"Manrope","typography_font_size_mobile":{"unit":"px","size":16,"sizes":[]},"typography_font_weight":"500","_background_image":{"url":"","id":"","size":""},"_background_video_fallback":{"url":"","id":"","size":""},"_background_slideshow_gallery":[],"_background_hover_image":{"url":"","id":"","size":""},"_background_hover_video_fallback":{"url":"","id":"","size":""},"_background_hover_slideshow_gallery":[],"_mask_image":{"url":"","id":"","size":""}},"elements":[],"isInner":false,"widgetType":"text-editor","elType":"widget"},{"id":"41138495","settings":{"content_width":"full","editor":"<p>0 - 60 MPH<\/p>","align":"left","text_color":"#FFFFFFCF","_margin":{"unit":"px","top":"0","right":"0","bottom":"-20","left":"0","isLinked":false},"__globals__":{"typography_typography":""},"typography_typography":"custom","typography_font_family":"Manrope","typography_font_size_mobile":{"unit":"px","size":16,"sizes":[]},"typography_font_weight":"500","_background_image":{"url":"","id":"","size":""},"_background_video_fallback":{"url":"","id":"","size":""},"_background_slideshow_gallery":[],"_background_hover_image":{"url":"","id":"","size":""},"_background_hover_video_fallback":{"url":"","id":"","size":""},"_background_hover_slideshow_gallery":[],"_mask_image":{"url":"","id":"","size":""}},"elements":[],"isInner":false,"widgetType":"text-editor","elType":"widget"}],"isInner":true,"elType":"container"},{"id":"57234a34","settings":{"content_width":"full","flex_gap":{"column":"10","row":"10","isLinked":true,"unit":"px","size":10},"padding":{"unit":"px","top":"0","right":"0","bottom":"0","left":"30","isLinked":false},"padding_mobile":{"unit":"px","top":"20","right":"0","bottom":"0","left":"0","isLinked":false},"animation":"fadeIn","animation_delay":200,"background_image":{"url":"","id":"","size":""},"background_video_fallback":{"url":"","id":"","size":""},"background_slideshow_gallery":[],"background_hover_image":{"url":"","id":"","size":""},"background_hover_video_fallback":{"url":"","id":"","size":""},"background_hover_slideshow_gallery":[],"background_overlay_image":{"url":"","id":"","size":""},"background_overlay_video_fallback":{"url":"","id":"","size":""},"background_overlay_slideshow_gallery":[],"background_overlay_hover_image":{"url":"","id":"","size":""},"background_overlay_hover_video_fallback":{"url":"","id":"","size":""},"background_overlay_hover_slideshow_gallery":[]},"elements":[{"id":"7a6c0ca8","settings":{"content_width":"full","editor":"<p>250 MPH<\/p>","align":"left","text_color":"#FFFFFF","_margin":{"unit":"px","top":"-5","right":"0","bottom":"-20","left":"0","isLinked":false},"__globals__":{"typography_typography":""},"typography_typography":"custom","typography_font_family":"Manrope","typography_font_size_mobile":{"unit":"px","size":16,"sizes":[]},"typography_font_weight":"500","_background_image":{"url":"","id":"","size":""},"_background_video_fallback":{"url":"","id":"","size":""},"_background_slideshow_gallery":[],"_background_hover_image":{"url":"","id":"","size":""},"_background_hover_video_fallback":{"url":"","id":"","size":""},"_background_hover_slideshow_gallery":[],"_mask_image":{"url":"","id":"","size":""}},"elements":[],"isInner":false,"widgetType":"text-editor","elType":"widget"},{"id":"6b73cbfa","settings":{"content_width":"full","editor":"<p>TOP SPEED<\/p>","align":"left","text_color":"#FFFFFFCF","_margin":{"unit":"px","top":"0","right":"0","bottom":"-20","left":"0","isLinked":false},"__globals__":{"typography_typography":""},"typography_typography":"custom","typography_font_family":"Manrope","typography_font_size_mobile":{"unit":"px","size":16,"sizes":[]},"typography_font_weight":"500","_background_image":{"url":"","id":"","size":""},"_background_video_fallback":{"url":"","id":"","size":""},"_background_slideshow_gallery":[],"_background_hover_image":{"url":"","id":"","size":""},"_background_hover_video_fallback":{"url":"","id":"","size":""},"_background_hover_slideshow_gallery":[],"_mask_image":{"url":"","id":"","size":""}},"elements":[],"isInner":false,"widgetType":"text-editor","elType":"widget"}],"isInner":true,"elType":"container"}],"isInner":true,"elType":"container"},{"id":"1579f475","settings":{"content_width":"full","padding":{"unit":"px","top":"0","right":"0","bottom":"0","left":"0","isLinked":false},"_flex_order_tablet":"start","animation":"fadeIn","animation_delay":400,"background_image":{"url":"","id":"","size":""},"background_video_fallback":{"url":"","id":"","size":""},"background_slideshow_gallery":[],"background_hover_image":{"url":"","id":"","size":""},"background_hover_video_fallback":{"url":"","id":"","size":""},"background_hover_slideshow_gallery":[],"background_overlay_image":{"url":"","id":"","size":""},"background_overlay_video_fallback":{"url":"","id":"","size":""},"background_overlay_slideshow_gallery":[],"background_overlay_hover_image":{"url":"","id":"","size":""},"background_overlay_hover_video_fallback":{"url":"","id":"","size":""},"background_overlay_hover_slideshow_gallery":[]},"elements":[{"id":"566a2f7a","settings":{"content_width":"full","text_color":"#FFFFFF","_margin":{"unit":"px","top":"0","right":"0","bottom":"-34","left":"0","isLinked":false},"editor":"<p>Go 0-60 mph in just 2.6 seconds<sup>2<\/sup>\u00a0in beast mode while maintaining high-speed stability.<\/p>","__globals__":{"typography_typography":""},"typography_typography":"custom","typography_font_family":"Manrope","typography_font_weight":"500","typography_font_size":{"unit":"px","size":16,"sizes":[]},"_background_image":{"url":"","id":"","size":""},"_background_video_fallback":{"url":"","id":"","size":""},"_background_slideshow_gallery":[],"_background_hover_image":{"url":"","id":"","size":""},"_background_hover_video_fallback":{"url":"","id":"","size":""},"_background_hover_slideshow_gallery":[],"_mask_image":{"url":"","id":"","size":""}},"elements":[],"isInner":false,"widgetType":"text-editor","elType":"widget"},{"id":"78ba21d2","settings":{"container_type":"grid","presetTitle":"Grid","presetIcon":"eicon-container-grid","content_width":"full","width":{"unit":"%","size":83,"sizes":[]},"grid_columns_grid":{"unit":"fr","size":2,"sizes":[]},"grid_rows_grid":{"unit":"fr","size":1,"sizes":[]},"grid_gaps":{"column":"0","row":"0","isLinked":true,"unit":"px"},"margin":{"unit":"px","top":"0","right":"0","bottom":"0","left":"0","isLinked":false},"padding":{"unit":"px","top":"0","right":"0","bottom":"0","left":"0","isLinked":false},"background_image":{"url":"","id":"","size":""},"background_video_fallback":{"url":"","id":"","size":""},"background_slideshow_gallery":[],"background_hover_image":{"url":"","id":"","size":""},"background_hover_video_fallback":{"url":"","id":"","size":""},"background_hover_slideshow_gallery":[],"background_overlay_image":{"url":"","id":"","size":""},"background_overlay_video_fallback":{"url":"","id":"","size":""},"background_overlay_slideshow_gallery":[],"background_overlay_hover_image":{"url":"","id":"","size":""},"background_overlay_hover_video_fallback":{"url":"","id":"","size":""},"background_overlay_hover_slideshow_gallery":[]},"elements":[{"id":"410a80d6","settings":{"content_width":"full","text":"Demo drive","border_radius":{"unit":"px","top":"1","right":"1","bottom":"1","left":"1","isLinked":true},"text_padding":{"unit":"px","top":"13","right":"26","bottom":"13","left":"26","isLinked":false},"__globals__":{"button_text_color":"","hover_color":"","typography_typography":"","background_color":"","button_background_hover_color":"","border_color":"","button_hover_border_color":""},"button_background_hover_color":"#FFFFFF","button_hover_border_color":"#FFFFFF","selected_icon":{"value":"fas fa-long-arrow-alt-right","library":"fa-solid"},"icon_align":"row-reverse","align":"right","typography_typography":"custom","typography_font_family":"Krona One","typography_font_weight":"600","button_text_color":"#FFFFFF","hover_color":"#000000","border_border":"solid","border_width":{"unit":"px","top":"3","right":"1","bottom":"1","left":"1","isLinked":false},"border_color":"#FFFFFFA1","text_padding_tablet":{"unit":"px","top":"12","right":"22","bottom":"12","left":"22","isLinked":false},"text_padding_mobile":{"unit":"px","top":"10","right":"17","bottom":"10","left":"17","isLinked":false},"_background_color_stop_tablet":{"unit":"%","size":"","sizes":[]},"_background_color_stop_mobile":{"unit":"%","size":"","sizes":[]},"_background_color_b_stop_tablet":{"unit":"%","size":"","sizes":[]},"_background_color_b_stop_mobile":{"unit":"%","size":"","sizes":[]},"_background_gradient_angle_tablet":{"unit":"deg","size":"","sizes":[]},"_background_gradient_angle_mobile":{"unit":"deg","size":"","sizes":[]},"_background_gradient_position_tablet":"center center","_background_gradient_position_mobile":"center center","_background_hover_color_stop_tablet":{"unit":"%","size":"","sizes":[]},"_background_hover_color_stop_mobile":{"unit":"%","size":"","sizes":[]},"_background_hover_color_b_stop_tablet":{"unit":"%","size":"","sizes":[]},"_background_hover_color_b_stop_mobile":{"unit":"%","size":"","sizes":[]},"_background_hover_gradient_angle_tablet":{"unit":"deg","size":"","sizes":[]},"_background_hover_gradient_angle_mobile":{"unit":"deg","size":"","sizes":[]},"_background_hover_gradient_position_tablet":"center center","_background_hover_gradient_position_mobile":"center center","typography_font_size":{"unit":"px","size":12,"sizes":[]},"typography_text_transform":"uppercase","background_color":"#FFFFFF00","_margin":{"unit":"px","top":"10","right":"0","bottom":"0","left":"0","isLinked":false},"_element_width":"auto","align_mobile":"left","_margin_mobile":{"unit":"px","top":"8","right":"0","bottom":"50","left":"0","isLinked":false},"background_video_fallback":{"url":"","id":"","size":""},"background_slideshow_gallery":[],"button_background_hover_video_fallback":{"url":"","id":"","size":""},"button_background_hover_slideshow_gallery":[],"_background_image":{"url":"","id":"","size":""},"_background_video_fallback":{"url":"","id":"","size":""},"_background_slideshow_gallery":[],"_background_hover_image":{"url":"","id":"","size":""},"_background_hover_video_fallback":{"url":"","id":"","size":""},"_background_hover_slideshow_gallery":[],"_mask_image":{"url":"","id":"","size":""}},"elements":[],"isInner":false,"widgetType":"button","elType":"widget"}],"isInner":true,"elType":"container"}],"isInner":true,"elType":"container"}],"isInner":true,"elType":"container"}],"isInner":false,"elType":"container"},{"id":"53a95ea6","settings":{"background_background":"gradient","background_color":"#EAEAE8","padding":{"unit":"px","top":"50","right":"0","bottom":"080","left":"0","isLinked":false},"background_color_b":"#C4C4C4","background_gradient_angle":{"unit":"deg","size":134,"sizes":[]},"background_color_b_stop":{"unit":"%","size":79,"sizes":[]},"background_gradient_position":"top center","margin":{"unit":"px","top":"0","right":"0","bottom":"0","left":"0","isLinked":false},"background_color_stop":{"unit":"%","size":70,"sizes":[]},"overflow":"hidden","padding_mobile":{"unit":"px","top":"050","right":"20","bottom":"050","left":"20","isLinked":false},"hide_tablet":"hidden-tablet","hide_mobile":"hidden-mobile","background_image":{"url":"","id":"","size":""},"background_video_fallback":{"url":"","id":"","size":""},"background_slideshow_gallery":[],"background_hover_image":{"url":"","id":"","size":""},"background_hover_video_fallback":{"url":"","id":"","size":""},"background_hover_slideshow_gallery":[],"background_overlay_image":{"url":"","id":"","size":""},"background_overlay_video_fallback":{"url":"","id":"","size":""},"background_overlay_slideshow_gallery":[],"background_overlay_hover_image":{"url":"","id":"","size":""},"background_overlay_hover_video_fallback":{"url":"","id":"","size":""},"background_overlay_hover_slideshow_gallery":[]},"elements":[{"id":"d6fa18","settings":{"content_width":"full","title":"01. INTO THE WILD","align":"center","title_color":"#000000","_margin":{"unit":"px","top":"0","right":"0","bottom":"10","left":"0","isLinked":false},"_margin_tablet":{"unit":"px","top":"0","right":"0","bottom":"10","left":"0","isLinked":false},"_animation":"fadeIn","_animation_delay":0,"__globals__":{"typography_typography":""},"typography_typography":"custom","typography_font_family":"Krona One","typography_font_size":{"unit":"px","size":15,"sizes":[]},"typography_font_weight":"600","_background_image":{"url":"","id":"","size":""},"_background_video_fallback":{"url":"","id":"","size":""},"_background_slideshow_gallery":[],"_background_hover_image":{"url":"","id":"","size":""},"_background_hover_video_fallback":{"url":"","id":"","size":""},"_background_hover_slideshow_gallery":[],"_mask_image":{"url":"","id":"","size":""}},"elements":[],"isInner":false,"widgetType":"heading","elType":"widget"},{"id":"600f1f2a","settings":{"content_width":"full","title":" Designed to Conquer Any Terrain ","align":"center","title_color":"#000000","_margin":{"unit":"px","top":"0","right":"0","bottom":"10","left":"0","isLinked":false},"_margin_tablet":{"unit":"px","top":"0","right":"0","bottom":"10","left":"0","isLinked":false},"_animation":"fadeIn","_animation_delay":0,"__globals__":{"typography_typography":""},"typography_typography":"custom","typography_font_family":"Krona One","typography_font_size":{"unit":"px","size":44,"sizes":[]},"typography_font_weight":"600","typography_font_size_mobile":{"unit":"px","size":30,"sizes":[]},"_background_image":{"url":"","id":"","size":""},"_background_video_fallback":{"url":"","id":"","size":""},"_background_slideshow_gallery":[],"_background_hover_image":{"url":"","id":"","size":""},"_background_hover_video_fallback":{"url":"","id":"","size":""},"_background_hover_slideshow_gallery":[],"_mask_image":{"url":"","id":"","size":""}},"elements":[],"isInner":false,"widgetType":"heading","elType":"widget"},{"id":"4d37a658","settings":{"content_width":"full","text_color":"#000000","_margin":{"unit":"px","top":"0","right":"0","bottom":"-34","left":"0","isLinked":false},"editor":"<p>Travel up to 340 miles\u00b9 on a single charge\u2014enough to get you into the backcountry and beyond. Recover up to 136 miles of range with just 15 minutes of Supercharging. Go 0-60 mph in just 2.6 seconds<sup>2<\/sup>\u00a0in beast mode while maintaining high-speed stability. With steer-by-wire and rear steering, you get the handling of a sports car and a better turning radius than most sedans.<\/p>","__globals__":{"typography_typography":""},"typography_typography":"custom","typography_font_family":"Manrope","typography_font_weight":"400","align":"center","typography_font_size":{"unit":"px","size":17,"sizes":[]},"typography_font_size_mobile":{"unit":"px","size":16,"sizes":[]},"hide_tablet":"hidden-tablet","hide_mobile":"hidden-mobile","_background_image":{"url":"","id":"","size":""},"_background_video_fallback":{"url":"","id":"","size":""},"_background_slideshow_gallery":[],"_background_hover_image":{"url":"","id":"","size":""},"_background_hover_video_fallback":{"url":"","id":"","size":""},"_background_hover_slideshow_gallery":[],"_mask_image":{"url":"","id":"","size":""}},"elements":[],"isInner":false,"widgetType":"text-editor","elType":"widget"},{"id":"69272843","settings":{"content_width":"full","text_color":"#000000","_margin":{"unit":"px","top":"0","right":"0","bottom":"-34","left":"0","isLinked":false},"editor":"<p>Go 0-60 mph in just 2.6 seconds<sup>2<\/sup>\u00a0in beast mode while maintaining high-speed stability. With steer-by-wire and rear steering, you get the handling of a sports car and a better turning radius than most sedans.<\/p>","__globals__":{"typography_typography":""},"typography_typography":"custom","typography_font_family":"Manrope","typography_font_weight":"400","align":"center","typography_font_size":{"unit":"px","size":17,"sizes":[]},"typography_font_size_mobile":{"unit":"px","size":14,"sizes":[]},"hide_desktop":"hidden-desktop","_background_image":{"url":"","id":"","size":""},"_background_video_fallback":{"url":"","id":"","size":""},"_background_slideshow_gallery":[],"_background_hover_image":{"url":"","id":"","size":""},"_background_hover_video_fallback":{"url":"","id":"","size":""},"_background_hover_slideshow_gallery":[],"_mask_image":{"url":"","id":"","size":""}},"elements":[],"isInner":false,"widgetType":"text-editor","elType":"widget"},{"id":"3d2406d6","settings":{"content_width":"full","source_json":{"id":2290,"url":"http:\/\/elementor-template.lifeonablock.com\/wp-content\/uploads\/2024\/12\/Animation-1725448586238.json"},"loop":"yes","width":{"unit":"%","size":7,"sizes":[]},"_margin":{"unit":"px","top":"0","right":"0","bottom":"-43","left":"0","isLinked":false},"css_filters_css_filter":"custom","css_filters_brightness":{"unit":"px","size":0,"sizes":[]},"css_filters_contrast":{"unit":"px","size":49,"sizes":[]},"css_filters_saturate":{"unit":"px","size":88,"sizes":[]},"css_filters_hue":{"unit":"px","size":150,"sizes":[]},"_element_custom_width":{"unit":"%","size":28,"sizes":[]},"width_mobile":{"unit":"%","size":22,"sizes":[]},"_margin_mobile":{"unit":"px","top":"0","right":"0","bottom":"0","left":"0","isLinked":false},"_background_image":{"url":"","id":"","size":""},"_background_video_fallback":{"url":"","id":"","size":""},"_background_slideshow_gallery":[],"_background_hover_image":{"url":"","id":"","size":""},"_background_hover_video_fallback":{"url":"","id":"","size":""},"_background_hover_slideshow_gallery":[],"_mask_image":{"url":"","id":"","size":""}},"elements":[],"isInner":false,"widgetType":"lottie","elType":"widget"},{"id":"2651f07b","settings":{"content_width":"full","html":"<!DOCTYPE html>\n<html lang=\"en\">\n  <head>\n    <meta charset=\"UTF-8\" \/>\n    <meta name=\"viewport\" content=\"width=device-width, initial-scale=1.0\" \/>\n    <title>Document<\/title>\n    <link rel=\"stylesheet\" href=\"main.css\" \/>\n    <script src=\"app.js\" defer><\/script>\n  <\/head>\n  <body>\n    <div class=\"wrapper\">\n      <div class=\"imgs-parent\">\n        <div class=\"img\" style=\"background-image: url(https:\/\/lifeonablock.com\/wp-content\/uploads\/2024\/09\/7.jpg)\"><\/div>\n        <div class=\"img\" style=\"background-image: url(https:\/\/lifeonablock.com\/wp-content\/uploads\/2024\/09\/6.jpg)\"><\/div>\n        <div class=\"img\" style=\"background-image: url(https:\/\/lifeonablock.com\/wp-content\/uploads\/2024\/09\/5.jpg)\"><\/div>\n        <div class=\"img\" style=\"background-image: url(https:\/\/lifeonablock.com\/wp-content\/uploads\/2024\/09\/4.jpg)\"><\/div>\n        <div class=\"img\" style=\"background-image: url(https:\/\/lifeonablock.com\/wp-content\/uploads\/2024\/09\/3.jpg)\"><\/div>\n        <div class=\"img\" style=\"background-image: url(https:\/\/lifeonablock.com\/wp-content\/uploads\/2024\/09\/2-1.jpg)\"><\/div>\n        <div class=\"img\" style=\"background-image: url(https:\/\/lifeonablock.com\/wp-content\/uploads\/2024\/09\/1.jpg)\"><\/div>\n        <div class=\"img\" style=\"background-image: url(https:\/\/lifeonablock.com\/wp-content\/uploads\/2024\/09\/12.jpg)\"><\/div>\n        <div class=\"img\" style=\"background-image: url(https:\/\/lifeonablock.com\/wp-content\/uploads\/2024\/09\/16.jpg)\"><\/div>\n        <div class=\"img\" style=\"background-image: url(https:\/\/lifeonablock.com\/wp-content\/uploads\/2024\/09\/14-1.jpg)\"><\/div>\n      \n      <\/div>\n    <\/div>\n  <\/body>\n<\/html>\n<!-- credit to Ismoil_Sharifov for creating this project code -->","_background_image":{"url":"","id":"","size":""},"_background_video_fallback":{"url":"","id":"","size":""},"_background_slideshow_gallery":[],"_background_hover_image":{"url":"","id":"","size":""},"_background_hover_video_fallback":{"url":"","id":"","size":""},"_background_hover_slideshow_gallery":[],"_mask_image":{"url":"","id":"","size":""}},"elements":[],"isInner":false,"widgetType":"html","elType":"widget"},{"id":"6a26d595","settings":{"content_width":"full","html":"<style>\n    \n    * {\n  margin: 0;\n  padding: 0;\n  box-sizing: border-box;\n}\n\n:root {\n  --transition: cubic-bezier(0.1, 0.7, 0, 1);\n}\n\nbody {\n  background: linear-gradient(90deg, black, #333);\n}\n\n\/* COMMON *\/\n.wrapper {\n  display: flex;\n  align-items: center;\n  justify-content: center;\n  height: 40vh;\n}\n\n.imgs-parent {\n  display: flex;\n  gap: 0.4rem;\n  perspective: 60rem;\n}\n\n.img {\n  width: 8.0rem;\n  height: 19rem;\n  background-size: cover;\n  background-position: center;\n  cursor: pointer;\n  transition: \n    transform 1.25s var(--transition), \n    filter 3s var(--transition),\n    width 0.3s var(--transition);\n  position: relative;\n  filter: grayscale(0) brightness(0.5);\n  will-change: transform, filter;\n  border-radius: 8px 8px 8px 8px ;\n}\n\n\/* When Hovered *\/\n.img:hover {\n  transform: translateZ(17.375rem);\n  filter: inherit;\n}\n\n\/* Sidebar Helpers *\/\n.img::before,\n.img::after {\n  content: \"\";\n  position: absolute;\n  width: 1.25rem;\n  height: 100%;\n  right: -1.25rem;\n}\n\n.img::after {\n  left: -1.25rem;\n}\n\n\/* When Hovered RIGHT *\/\n.img:hover + * {\n  transform: translateZ(14.77rem) rotateY(35deg);\n  filter: grayscale(0.2) brightness(0.9);\n  z-index: -1;\n}\n\n.img:hover + * + * {\n  transform: translateZ(9.73rem) rotateY(40deg);\n  filter: grayscale(0.4) brightness(0.8);\n  z-index: -2;\n}\n\n.img:hover + * + * + * {\n  transform: translateZ(4.17rem) rotateY(35deg);\n  filter: grayscale(0.6) brightness(0.7);\n  z-index: -3;\n}\n\n.img:hover + * + * + * + * {\n  transform: translateZ(1.1rem) rotateY(25deg);\n  filter: grayscale(0.8) brightness(0.6);\n  z-index: -4;\n}\n\n\/* When Hovered LEFT *\/\n.img:has(+ :hover) {\n  transform: translateZ(14.77rem) rotateY(-35deg);\n  filter: grayscale(0.2) brightness(0.9);\n}\n\n.img:has(+ * + :hover) {\n  transform: translateZ(9.73rem) rotateY(-40deg);\n  filter: grayscale(0.4) brightness(0.8);\n}\n\n.img:has(+ * + * + :hover) {\n  transform: translateZ(4.17rem) rotateY(-35deg);\n  filter: grayscale(0.6) brightness(0.7);\n}\n\n.img:has(+ * + * + * + :hover) {\n  transform: translateZ(1.1rem) rotateY(-25deg);\n  filter: grayscale(0.8) brightness(0.6);\n}\n\n\/* When clicked *\/\n.open {\n  width: 25vw;\n  transform: translateZ(17.375rem);\n  filter: inherit;\n  z-index: 1;\n  margin: 0 0.45vw;\n} \n\n\n\n\n\n@media (max-width: 820px) {\n\n.img {\n  width: 8.0rem;\n  height: 19rem; }\n\n.img:hover {\n  transform: translateZ(17.375rem);\n  filter: inherit;\n}\n\n\n.open {\n  width: 20vw;\n  transform: translateZ(7.375rem);\n  filter: inherit;\n  z-index: 1;\n  margin: 0 0.45vw;\n} \n\n    \n<\/style>","_background_image":{"url":"","id":"","size":""},"_background_video_fallback":{"url":"","id":"","size":""},"_background_slideshow_gallery":[],"_background_hover_image":{"url":"","id":"","size":""},"_background_hover_video_fallback":{"url":"","id":"","size":""},"_background_hover_slideshow_gallery":[],"_mask_image":{"url":"","id":"","size":""}},"elements":[],"isInner":false,"widgetType":"html","elType":"widget"},{"id":"74a769a1","settings":{"content_width":"full","html":"<script>\n    \n    document.body.addEventListener(\"click\", (event) => {\n  const clickedElement = event.target,\n    imgs = document.querySelectorAll(\".img\");\n\n  if (!clickedElement.classList.contains(\"img\")) {\n    imgs.forEach((img) => img.classList.remove(\"open\"));\n    return;\n  }\n\n  if (clickedElement.classList.contains(\"open\")) {\n    clickedElement.classList.remove(\"open\");\n    return;\n  }\n\n  imgs.forEach((img) => img.classList.remove(\"open\"));\n  clickedElement.classList.add(\"open\");\n});\n\ndocument.body.addEventListener(\"click\", (event) => {});\n    \n<\/script>","_background_image":{"url":"","id":"","size":""},"_background_video_fallback":{"url":"","id":"","size":""},"_background_slideshow_gallery":[],"_background_hover_image":{"url":"","id":"","size":""},"_background_hover_video_fallback":{"url":"","id":"","size":""},"_background_hover_slideshow_gallery":[],"_mask_image":{"url":"","id":"","size":""}},"elements":[],"isInner":false,"widgetType":"html","elType":"widget"},{"id":"45781bfc","settings":{"content_width":"full","text":"Demo drive","border_radius":{"unit":"px","top":"4","right":"4","bottom":"4","left":"4","isLinked":true},"text_padding":{"unit":"px","top":"13","right":"26","bottom":"13","left":"26","isLinked":false},"__globals__":{"button_text_color":"","hover_color":"","typography_typography":"","background_color":"","button_background_hover_color":"","border_color":"","button_hover_border_color":""},"button_background_hover_color":"#FFFFFF","button_hover_border_color":"#FFFFFF","selected_icon":{"value":"fas fa-long-arrow-alt-right","library":"fa-solid"},"icon_align":"row-reverse","align":"center","typography_typography":"custom","typography_font_family":"Krona One","typography_font_weight":"500","button_text_color":"#000000","hover_color":"#000000","border_border":"solid","border_width":{"unit":"px","top":"3","right":"1","bottom":"1","left":"1","isLinked":false},"border_color":"#000000A1","text_padding_tablet":{"unit":"px","top":"12","right":"22","bottom":"12","left":"22","isLinked":false},"text_padding_mobile":{"unit":"px","top":"10","right":"17","bottom":"10","left":"17","isLinked":false},"_background_color_stop_tablet":{"unit":"%","size":"","sizes":[]},"_background_color_stop_mobile":{"unit":"%","size":"","sizes":[]},"_background_color_b_stop_tablet":{"unit":"%","size":"","sizes":[]},"_background_color_b_stop_mobile":{"unit":"%","size":"","sizes":[]},"_background_gradient_angle_tablet":{"unit":"deg","size":"","sizes":[]},"_background_gradient_angle_mobile":{"unit":"deg","size":"","sizes":[]},"_background_gradient_position_tablet":"center center","_background_gradient_position_mobile":"center center","_background_hover_color_stop_tablet":{"unit":"%","size":"","sizes":[]},"_background_hover_color_stop_mobile":{"unit":"%","size":"","sizes":[]},"_background_hover_color_b_stop_tablet":{"unit":"%","size":"","sizes":[]},"_background_hover_color_b_stop_mobile":{"unit":"%","size":"","sizes":[]},"_background_hover_gradient_angle_tablet":{"unit":"deg","size":"","sizes":[]},"_background_hover_gradient_angle_mobile":{"unit":"deg","size":"","sizes":[]},"_background_hover_gradient_position_tablet":"center center","_background_hover_gradient_position_mobile":"center center","typography_font_size":{"unit":"px","size":14,"sizes":[]},"typography_text_transform":"uppercase","background_color":"#FFFFFF00","_margin":{"unit":"px","top":"50","right":"0","bottom":"0","left":"0","isLinked":false},"_element_width":"inherit","_padding":{"unit":"px","top":"0","right":"0","bottom":"0","left":"0","isLinked":false},"background_video_fallback":{"url":"","id":"","size":""},"background_slideshow_gallery":[],"button_background_hover_video_fallback":{"url":"","id":"","size":""},"button_background_hover_slideshow_gallery":[],"_background_image":{"url":"","id":"","size":""},"_background_video_fallback":{"url":"","id":"","size":""},"_background_slideshow_gallery":[],"_background_hover_image":{"url":"","id":"","size":""},"_background_hover_video_fallback":{"url":"","id":"","size":""},"_background_hover_slideshow_gallery":[],"_mask_image":{"url":"","id":"","size":""}},"elements":[],"isInner":false,"widgetType":"button","elType":"widget"}],"isInner":false,"elType":"container"},{"id":"1b968a89","settings":{"background_background":"gradient","background_color":"#EAEAE8","padding":{"unit":"px","top":"50","right":"0","bottom":"080","left":"0","isLinked":false},"background_color_b":"#C4C4C4","background_gradient_angle":{"unit":"deg","size":134,"sizes":[]},"background_color_b_stop":{"unit":"%","size":79,"sizes":[]},"background_gradient_position":"top center","margin":{"unit":"px","top":"0","right":"0","bottom":"0","left":"0","isLinked":false},"background_color_stop":{"unit":"%","size":70,"sizes":[]},"padding_mobile":{"unit":"px","top":"050","right":"0","bottom":"80","left":"0","isLinked":false},"hide_desktop":"hidden-desktop","padding_tablet":{"unit":"px","top":"50","right":"20","bottom":"50","left":"20","isLinked":false},"background_image":{"url":"","id":"","size":""},"background_video_fallback":{"url":"","id":"","size":""},"background_slideshow_gallery":[],"background_hover_image":{"url":"","id":"","size":""},"background_hover_video_fallback":{"url":"","id":"","size":""},"background_hover_slideshow_gallery":[],"background_overlay_image":{"url":"","id":"","size":""},"background_overlay_video_fallback":{"url":"","id":"","size":""},"background_overlay_slideshow_gallery":[],"background_overlay_hover_image":{"url":"","id":"","size":""},"background_overlay_hover_video_fallback":{"url":"","id":"","size":""},"background_overlay_hover_slideshow_gallery":[]},"elements":[{"id":"30d7c51a","settings":{"content_width":"full","title":"01. INTO THE WILD","align":"center","title_color":"#000000","_margin":{"unit":"px","top":"0","right":"0","bottom":"10","left":"0","isLinked":false},"_margin_tablet":{"unit":"px","top":"0","right":"0","bottom":"10","left":"0","isLinked":false},"_animation":"fadeIn","_animation_delay":0,"__globals__":{"typography_typography":""},"typography_typography":"custom","typography_font_family":"Krona One","typography_font_size":{"unit":"px","size":15,"sizes":[]},"typography_font_weight":"600","_background_image":{"url":"","id":"","size":""},"_background_video_fallback":{"url":"","id":"","size":""},"_background_slideshow_gallery":[],"_background_hover_image":{"url":"","id":"","size":""},"_background_hover_video_fallback":{"url":"","id":"","size":""},"_background_hover_slideshow_gallery":[],"_mask_image":{"url":"","id":"","size":""}},"elements":[],"isInner":false,"widgetType":"heading","elType":"widget"},{"id":"2d5b034b","settings":{"content_width":"full","title":" Designed to Conquer Any Terrain ","align":"center","title_color":"#000000","_margin":{"unit":"px","top":"0","right":"0","bottom":"10","left":"0","isLinked":false},"_margin_tablet":{"unit":"px","top":"0","right":"0","bottom":"10","left":"0","isLinked":false},"_animation":"fadeIn","_animation_delay":0,"__globals__":{"typography_typography":""},"typography_typography":"custom","typography_font_family":"Krona One","typography_font_size":{"unit":"px","size":44,"sizes":[]},"typography_font_weight":"600","typography_font_size_mobile":{"unit":"px","size":30,"sizes":[]},"typography_font_size_tablet":{"unit":"px","size":35,"sizes":[]},"_background_image":{"url":"","id":"","size":""},"_background_video_fallback":{"url":"","id":"","size":""},"_background_slideshow_gallery":[],"_background_hover_image":{"url":"","id":"","size":""},"_background_hover_video_fallback":{"url":"","id":"","size":""},"_background_hover_slideshow_gallery":[],"_mask_image":{"url":"","id":"","size":""}},"elements":[],"isInner":false,"widgetType":"heading","elType":"widget"},{"id":"2d62bc2a","settings":{"content_width":"full","text_color":"#000000","_margin":{"unit":"px","top":"0","right":"0","bottom":"-34","left":"0","isLinked":false},"editor":"<p>Travel up to 340 miles\u00b9 on a single charge\u2014enough to get you into the backcountry and beyond. Recover up to 136 miles of range with just 15 minutes of Supercharging. Go 0-60 mph in just 2.6 seconds<sup>2<\/sup>\u00a0in beast mode while maintaining high-speed stability. With steer-by-wire and rear steering, you get the handling of a sports car and a better turning radius than most sedans.<\/p>","__globals__":{"typography_typography":""},"typography_typography":"custom","typography_font_family":"Manrope","typography_font_weight":"400","align":"center","typography_font_size":{"unit":"px","size":17,"sizes":[]},"typography_font_size_mobile":{"unit":"px","size":16,"sizes":[]},"hide_tablet":"hidden-tablet","hide_mobile":"hidden-mobile","_background_image":{"url":"","id":"","size":""},"_background_video_fallback":{"url":"","id":"","size":""},"_background_slideshow_gallery":[],"_background_hover_image":{"url":"","id":"","size":""},"_background_hover_video_fallback":{"url":"","id":"","size":""},"_background_hover_slideshow_gallery":[],"_mask_image":{"url":"","id":"","size":""}},"elements":[],"isInner":false,"widgetType":"text-editor","elType":"widget"},{"id":"5025996e","settings":{"content_width":"full","text_color":"#000000","_margin":{"unit":"px","top":"0","right":"0","bottom":"-34","left":"0","isLinked":false},"editor":"<p>Go 0-60 mph in just 2.6 seconds<sup>2<\/sup>\u00a0in beast mode while maintaining high-speed stability. With steer-by-wire and rear steering, you get the handling of a sports car and a better turning radius than most sedans.<\/p>","__globals__":{"typography_typography":""},"typography_typography":"custom","typography_font_family":"Manrope","typography_font_weight":"400","align":"center","typography_font_size":{"unit":"px","size":17,"sizes":[]},"typography_font_size_mobile":{"unit":"px","size":14,"sizes":[]},"hide_desktop":"hidden-desktop","_padding_mobile":{"unit":"px","top":"0","right":"20","bottom":"0","left":"20","isLinked":false},"_background_image":{"url":"","id":"","size":""},"_background_video_fallback":{"url":"","id":"","size":""},"_background_slideshow_gallery":[],"_background_hover_image":{"url":"","id":"","size":""},"_background_hover_video_fallback":{"url":"","id":"","size":""},"_background_hover_slideshow_gallery":[],"_mask_image":{"url":"","id":"","size":""}},"elements":[],"isInner":false,"widgetType":"text-editor","elType":"widget"},{"id":"363be970","settings":{"content_width":"full","source_json":{"id":2290,"url":"http:\/\/elementor-template.lifeonablock.com\/wp-content\/uploads\/2024\/12\/Animation-1725448586238.json"},"loop":"yes","width":{"unit":"%","size":7,"sizes":[]},"_margin":{"unit":"px","top":"0","right":"0","bottom":"-43","left":"0","isLinked":false},"css_filters_css_filter":"custom","css_filters_brightness":{"unit":"px","size":0,"sizes":[]},"css_filters_contrast":{"unit":"px","size":49,"sizes":[]},"css_filters_saturate":{"unit":"px","size":88,"sizes":[]},"css_filters_hue":{"unit":"px","size":150,"sizes":[]},"_element_custom_width":{"unit":"%","size":28,"sizes":[]},"width_mobile":{"unit":"%","size":22,"sizes":[]},"_margin_mobile":{"unit":"px","top":"0","right":"0","bottom":"-10","left":"0","isLinked":false},"_background_image":{"url":"","id":"","size":""},"_background_video_fallback":{"url":"","id":"","size":""},"_background_slideshow_gallery":[],"_background_hover_image":{"url":"","id":"","size":""},"_background_hover_video_fallback":{"url":"","id":"","size":""},"_background_hover_slideshow_gallery":[],"_mask_image":{"url":"","id":"","size":""}},"elements":[],"isInner":false,"widgetType":"lottie","elType":"widget"},{"id":"284bbd60","settings":{"content_width":"full","html":"<!DOCTYPE html>\n<html lang=\"en\">\n  <head>\n    <meta charset=\"UTF-8\" \/>\n    <meta name=\"viewport\" content=\"width=device-width, initial-scale=1.0\" \/>\n    <title>Document<\/title>\n    <link rel=\"stylesheet\" href=\"main.css\" \/>\n    <script src=\"app.js\" defer><\/script>\n  <\/head>\n  <body>\n    <div class=\"wrapper\">\n      <div class=\"imgs-parent\">\n  <div class=\"img\" style=\"background-image: url(https:\/\/lifeonablock.com\/wp-content\/uploads\/2024\/09\/7.jpg)\"><\/div>\n        <div class=\"img\" style=\"background-image: url(https:\/\/lifeonablock.com\/wp-content\/uploads\/2024\/09\/6.jpg)\"><\/div>\n        <div class=\"img\" style=\"background-image: url(https:\/\/lifeonablock.com\/wp-content\/uploads\/2024\/09\/5.jpg)\"><\/div>\n        <div class=\"img\" style=\"background-image: url(https:\/\/lifeonablock.com\/wp-content\/uploads\/2024\/09\/4.jpg)\"><\/div>\n \n    \n       \n      \n      \n      <\/div>\n    <\/div>\n  <\/body>\n<\/html>\n<!-- credit to Ismoil_Sharifov for creating this project code -->","_background_image":{"url":"","id":"","size":""},"_background_video_fallback":{"url":"","id":"","size":""},"_background_slideshow_gallery":[],"_background_hover_image":{"url":"","id":"","size":""},"_background_hover_video_fallback":{"url":"","id":"","size":""},"_background_hover_slideshow_gallery":[],"_mask_image":{"url":"","id":"","size":""}},"elements":[],"isInner":false,"widgetType":"html","elType":"widget"},{"id":"7d060a0b","settings":{"content_width":"full","text":"Demo drive","border_radius":{"unit":"px","top":"4","right":"4","bottom":"4","left":"4","isLinked":true},"text_padding":{"unit":"px","top":"13","right":"26","bottom":"13","left":"26","isLinked":false},"__globals__":{"button_text_color":"","hover_color":"","typography_typography":"","background_color":"","button_background_hover_color":"","border_color":"","button_hover_border_color":""},"button_background_hover_color":"#FFFFFF","button_hover_border_color":"#FFFFFF","selected_icon":{"value":"fas fa-long-arrow-alt-right","library":"fa-solid"},"icon_align":"row-reverse","align":"center","typography_typography":"custom","typography_font_family":"Krona One","typography_font_weight":"500","button_text_color":"#000000","hover_color":"#000000","border_border":"solid","border_width":{"unit":"px","top":"3","right":"1","bottom":"1","left":"1","isLinked":false},"border_color":"#000000A1","text_padding_tablet":{"unit":"px","top":"12","right":"22","bottom":"12","left":"22","isLinked":false},"text_padding_mobile":{"unit":"px","top":"10","right":"17","bottom":"10","left":"17","isLinked":false},"_background_color_stop_tablet":{"unit":"%","size":"","sizes":[]},"_background_color_stop_mobile":{"unit":"%","size":"","sizes":[]},"_background_color_b_stop_tablet":{"unit":"%","size":"","sizes":[]},"_background_color_b_stop_mobile":{"unit":"%","size":"","sizes":[]},"_background_gradient_angle_tablet":{"unit":"deg","size":"","sizes":[]},"_background_gradient_angle_mobile":{"unit":"deg","size":"","sizes":[]},"_background_gradient_position_tablet":"center center","_background_gradient_position_mobile":"center center","_background_hover_color_stop_tablet":{"unit":"%","size":"","sizes":[]},"_background_hover_color_stop_mobile":{"unit":"%","size":"","sizes":[]},"_background_hover_color_b_stop_tablet":{"unit":"%","size":"","sizes":[]},"_background_hover_color_b_stop_mobile":{"unit":"%","size":"","sizes":[]},"_background_hover_gradient_angle_tablet":{"unit":"deg","size":"","sizes":[]},"_background_hover_gradient_angle_mobile":{"unit":"deg","size":"","sizes":[]},"_background_hover_gradient_position_tablet":"center center","_background_hover_gradient_position_mobile":"center center","typography_font_size":{"unit":"px","size":14,"sizes":[]},"typography_text_transform":"uppercase","background_color":"#FFFFFF00","_margin":{"unit":"px","top":"50","right":"0","bottom":"0","left":"0","isLinked":false},"_element_width":"inherit","_padding":{"unit":"px","top":"0","right":"0","bottom":"0","left":"0","isLinked":false},"_margin_tablet":{"unit":"px","top":"0","right":"0","bottom":"0","left":"0","isLinked":false},"_padding_mobile":{"unit":"px","top":"30","right":"0","bottom":"0","left":"0","isLinked":false},"background_video_fallback":{"url":"","id":"","size":""},"background_slideshow_gallery":[],"button_background_hover_video_fallback":{"url":"","id":"","size":""},"button_background_hover_slideshow_gallery":[],"_background_image":{"url":"","id":"","size":""},"_background_video_fallback":{"url":"","id":"","size":""},"_background_slideshow_gallery":[],"_background_hover_image":{"url":"","id":"","size":""},"_background_hover_video_fallback":{"url":"","id":"","size":""},"_background_hover_slideshow_gallery":[],"_mask_image":{"url":"","id":"","size":""}},"elements":[],"isInner":false,"widgetType":"button","elType":"widget"}],"isInner":false,"elType":"container"},{"id":"2a3b93f0","settings":{"flex_direction":"row","flex_gap":{"unit":"px","size":0,"column":"0","row":"0","isLinked":true},"content_width":"full","padding":{"unit":"px","top":"0","right":"0","bottom":"0","left":"0","isLinked":false},"padding_tablet":{"unit":"px","top":"0","right":"0","bottom":"0","left":"0","isLinked":false},"background_image":{"url":"","id":"","size":""},"background_video_fallback":{"url":"","id":"","size":""},"background_slideshow_gallery":[],"background_hover_image":{"url":"","id":"","size":""},"background_hover_video_fallback":{"url":"","id":"","size":""},"background_hover_slideshow_gallery":[],"background_overlay_image":{"url":"","id":"","size":""},"background_overlay_video_fallback":{"url":"","id":"","size":""},"background_overlay_slideshow_gallery":[],"background_overlay_hover_image":{"url":"","id":"","size":""},"background_overlay_hover_video_fallback":{"url":"","id":"","size":""},"background_overlay_hover_slideshow_gallery":[]},"elements":[{"id":"705d8962","settings":{"flex_direction":"column","content_width":"full","width":{"unit":"%","size":"50"},"flex_justify_content":"center","flex_align_items":"flex-end","background_background":"classic","padding":{"unit":"px","top":"0","right":"0","bottom":"0","left":"0","isLinked":false},"__globals__":{"background_color":""},"padding_tablet":{"unit":"px","top":"0","right":"0","bottom":"0","left":"30","isLinked":false},"padding_mobile":{"unit":"px","top":"70","right":"20","bottom":"70","left":"20","isLinked":false},"background_color":"#242424","background_image":{"url":"","id":"","size":""},"background_video_fallback":{"url":"","id":"","size":""},"background_slideshow_gallery":[],"background_hover_image":{"url":"","id":"","size":""},"background_hover_video_fallback":{"url":"","id":"","size":""},"background_hover_slideshow_gallery":[],"background_overlay_image":{"url":"","id":"","size":""},"background_overlay_video_fallback":{"url":"","id":"","size":""},"background_overlay_slideshow_gallery":[],"background_overlay_hover_image":{"url":"","id":"","size":""},"background_overlay_hover_video_fallback":{"url":"","id":"","size":""},"background_overlay_hover_slideshow_gallery":[]},"elements":[{"id":"6476a66c","settings":{"content_width":"full","width":{"unit":"px","size":650,"sizes":[]},"padding":{"unit":"px","top":"0","right":"100","bottom":"0","left":"0","isLinked":false},"width_tablet":{"unit":"%","size":100,"sizes":[]},"width_mobile":{"unit":"%","size":"","sizes":[]},"padding_tablet":{"unit":"px","top":"0","right":"70","bottom":"0","left":"0","isLinked":false},"padding_mobile":{"unit":"px","top":"0","right":"0","bottom":"0","left":"0","isLinked":false},"background_image":{"url":"","id":"","size":""},"background_video_fallback":{"url":"","id":"","size":""},"background_slideshow_gallery":[],"background_hover_image":{"url":"","id":"","size":""},"background_hover_video_fallback":{"url":"","id":"","size":""},"background_hover_slideshow_gallery":[],"background_overlay_image":{"url":"","id":"","size":""},"background_overlay_video_fallback":{"url":"","id":"","size":""},"background_overlay_slideshow_gallery":[],"background_overlay_hover_image":{"url":"","id":"","size":""},"background_overlay_hover_video_fallback":{"url":"","id":"","size":""},"background_overlay_hover_slideshow_gallery":[]},"elements":[{"id":"1ef5325b","settings":{"content_width":"full","title":"02. Dopamine on tap","align":"left","title_color":"#FFFFFF","_margin":{"unit":"px","top":"0","right":"0","bottom":"10","left":"0","isLinked":false},"_margin_tablet":{"unit":"px","top":"0","right":"0","bottom":"10","left":"0","isLinked":false},"_animation":"fadeIn","_animation_delay":0,"__globals__":{"typography_typography":""},"typography_typography":"custom","typography_font_family":"Krona One","typography_font_size":{"unit":"px","size":16,"sizes":[]},"typography_font_weight":"600","_background_image":{"url":"","id":"","size":""},"_background_video_fallback":{"url":"","id":"","size":""},"_background_slideshow_gallery":[],"_background_hover_image":{"url":"","id":"","size":""},"_background_hover_video_fallback":{"url":"","id":"","size":""},"_background_hover_slideshow_gallery":[],"_mask_image":{"url":"","id":"","size":""}},"elements":[],"isInner":false,"widgetType":"heading","elType":"widget"},{"id":"12c0542b","settings":{"content_width":"full","title":"Energize Your Drive","_animation":"fadeIn","_animation_delay":200,"__globals__":{"typography_typography":""},"title_color":"#FFFFFF","typography_typography":"custom","typography_font_family":"Krona One","typography_font_weight":"400","typography_font_size":{"unit":"px","size":35,"sizes":[]},"_background_image":{"url":"","id":"","size":""},"_background_video_fallback":{"url":"","id":"","size":""},"_background_slideshow_gallery":[],"_background_hover_image":{"url":"","id":"","size":""},"_background_hover_video_fallback":{"url":"","id":"","size":""},"_background_hover_slideshow_gallery":[],"_mask_image":{"url":"","id":"","size":""}},"elements":[],"isInner":false,"widgetType":"heading","elType":"widget"},{"id":"4173007a","settings":{"content_width":"full","editor":"<p>Go 0-60 mph in just 2.6 seconds<sup>2<\/sup>\u00a0in beast mode while maintaining high-speed stability. With steer-by-wire and rear steering, you get the handling of a sports car and a better turning radius than most sedans<\/p>","text_color":"#FFFFFFC4","__globals__":{"typography_typography":""},"_animation":"fadeIn","_animation_delay":400,"typography_typography":"custom","typography_font_family":"Manrope","typography_font_weight":"500","_background_image":{"url":"","id":"","size":""},"_background_video_fallback":{"url":"","id":"","size":""},"_background_slideshow_gallery":[],"_background_hover_image":{"url":"","id":"","size":""},"_background_hover_video_fallback":{"url":"","id":"","size":""},"_background_hover_slideshow_gallery":[],"_mask_image":{"url":"","id":"","size":""}},"elements":[],"isInner":false,"widgetType":"text-editor","elType":"widget"},{"id":"4a4b9c94","settings":{"content_width":"full","text":"Demo drive","border_radius":{"unit":"px","top":"1","right":"1","bottom":"1","left":"1","isLinked":true},"text_padding":{"unit":"px","top":"13","right":"26","bottom":"13","left":"26","isLinked":false},"__globals__":{"button_text_color":"","hover_color":"","typography_typography":"","background_color":"","button_background_hover_color":"","border_color":"","button_hover_border_color":""},"button_background_hover_color":"#FFFFFF","button_hover_border_color":"#FFFFFF","selected_icon":{"value":"fas fa-long-arrow-alt-right","library":"fa-solid"},"icon_align":"row-reverse","align":"left","typography_typography":"custom","typography_font_family":"Krona One","typography_font_weight":"600","button_text_color":"#FFFFFF","hover_color":"#000000","border_border":"solid","border_width":{"unit":"px","top":"3","right":"1","bottom":"1","left":"1","isLinked":false},"border_color":"#FFFFFFA1","text_padding_tablet":{"unit":"px","top":"12","right":"22","bottom":"12","left":"22","isLinked":false},"text_padding_mobile":{"unit":"px","top":"10","right":"17","bottom":"10","left":"17","isLinked":false},"_background_color_stop_tablet":{"unit":"%","size":"","sizes":[]},"_background_color_stop_mobile":{"unit":"%","size":"","sizes":[]},"_background_color_b_stop_tablet":{"unit":"%","size":"","sizes":[]},"_background_color_b_stop_mobile":{"unit":"%","size":"","sizes":[]},"_background_gradient_angle_tablet":{"unit":"deg","size":"","sizes":[]},"_background_gradient_angle_mobile":{"unit":"deg","size":"","sizes":[]},"_background_gradient_position_tablet":"center center","_background_gradient_position_mobile":"center center","_background_hover_color_stop_tablet":{"unit":"%","size":"","sizes":[]},"_background_hover_color_stop_mobile":{"unit":"%","size":"","sizes":[]},"_background_hover_color_b_stop_tablet":{"unit":"%","size":"","sizes":[]},"_background_hover_color_b_stop_mobile":{"unit":"%","size":"","sizes":[]},"_background_hover_gradient_angle_tablet":{"unit":"deg","size":"","sizes":[]},"_background_hover_gradient_angle_mobile":{"unit":"deg","size":"","sizes":[]},"_background_hover_gradient_position_tablet":"center center","_background_hover_gradient_position_mobile":"center center","typography_font_size":{"unit":"px","size":12,"sizes":[]},"typography_text_transform":"uppercase","background_color":"#FFFFFF00","_element_width":"auto","background_video_fallback":{"url":"","id":"","size":""},"background_slideshow_gallery":[],"button_background_hover_video_fallback":{"url":"","id":"","size":""},"button_background_hover_slideshow_gallery":[],"_background_image":{"url":"","id":"","size":""},"_background_video_fallback":{"url":"","id":"","size":""},"_background_slideshow_gallery":[],"_background_hover_image":{"url":"","id":"","size":""},"_background_hover_video_fallback":{"url":"","id":"","size":""},"_background_hover_slideshow_gallery":[],"_mask_image":{"url":"","id":"","size":""}},"elements":[],"isInner":false,"widgetType":"button","elType":"widget"}],"isInner":true,"elType":"container"}],"isInner":true,"elType":"container"},{"id":"177d6577","settings":{"flex_direction":"column","content_width":"full","width":{"unit":"%","size":"50"},"min_height":{"unit":"px","size":700,"sizes":[]},"background_background":"classic","background_image":{"id":2291,"url":"http:\/\/elementor-template.lifeonablock.com\/wp-content\/uploads\/2024\/12\/2.jpg"},"background_position":"center center","background_size":"cover","min_height_tablet":{"unit":"px","size":600,"sizes":[]},"min_height_mobile":{"unit":"px","size":400,"sizes":[]},"padding_tablet":{"unit":"px","top":"0","right":"30","bottom":"0","left":"0","isLinked":false},"background_video_fallback":{"url":"","id":"","size":""},"background_slideshow_gallery":[],"background_hover_image":{"url":"","id":"","size":""},"background_hover_video_fallback":{"url":"","id":"","size":""},"background_hover_slideshow_gallery":[],"background_overlay_image":{"url":"","id":"","size":""},"background_overlay_video_fallback":{"url":"","id":"","size":""},"background_overlay_slideshow_gallery":[],"background_overlay_hover_image":{"url":"","id":"","size":""},"background_overlay_hover_video_fallback":{"url":"","id":"","size":""},"background_overlay_hover_slideshow_gallery":[]},"elements":[{"id":"789793ca","settings":{"content_width":"full","text":"Divider","color":"#00000000","icon":{"value":"fas fa-star","library":"fa-solid"},"_background_image":{"url":"","id":"","size":""},"_background_video_fallback":{"url":"","id":"","size":""},"_background_slideshow_gallery":[],"_background_hover_image":{"url":"","id":"","size":""},"_background_hover_video_fallback":{"url":"","id":"","size":""},"_background_hover_slideshow_gallery":[],"_mask_image":{"url":"","id":"","size":""}},"elements":[],"isInner":false,"widgetType":"divider","elType":"widget"}],"isInner":true,"elType":"container"}],"isInner":false,"elType":"container"},{"id":"4052d4b7","settings":{"flex_direction":"row","flex_gap":{"unit":"px","size":0,"column":"0","row":"0","isLinked":true},"content_width":"full","padding":{"unit":"px","top":"0","right":"0","bottom":"0","left":"0","isLinked":false},"padding_tablet":{"unit":"px","top":"0","right":"0","bottom":"0","left":"0","isLinked":false},"background_image":{"url":"","id":"","size":""},"background_video_fallback":{"url":"","id":"","size":""},"background_slideshow_gallery":[],"background_hover_image":{"url":"","id":"","size":""},"background_hover_video_fallback":{"url":"","id":"","size":""},"background_hover_slideshow_gallery":[],"background_overlay_image":{"url":"","id":"","size":""},"background_overlay_video_fallback":{"url":"","id":"","size":""},"background_overlay_slideshow_gallery":[],"background_overlay_hover_image":{"url":"","id":"","size":""},"background_overlay_hover_video_fallback":{"url":"","id":"","size":""},"background_overlay_hover_slideshow_gallery":[]},"elements":[{"id":"1334a5ff","settings":{"flex_direction":"column","content_width":"full","width":{"unit":"%","size":"50"},"min_height":{"unit":"px","size":700,"sizes":[]},"background_background":"classic","background_image":{"id":2292,"url":"http:\/\/elementor-template.lifeonablock.com\/wp-content\/uploads\/2024\/12\/16-1.jpg"},"background_position":"center center","background_size":"cover","min_height_tablet":{"unit":"px","size":600,"sizes":[]},"min_height_mobile":{"unit":"px","size":400,"sizes":[]},"padding_tablet":{"unit":"px","top":"0","right":"30","bottom":"0","left":"0","isLinked":false},"_flex_order_mobile":"end","background_video_fallback":{"url":"","id":"","size":""},"background_slideshow_gallery":[],"background_hover_image":{"url":"","id":"","size":""},"background_hover_video_fallback":{"url":"","id":"","size":""},"background_hover_slideshow_gallery":[],"background_overlay_image":{"url":"","id":"","size":""},"background_overlay_video_fallback":{"url":"","id":"","size":""},"background_overlay_slideshow_gallery":[],"background_overlay_hover_image":{"url":"","id":"","size":""},"background_overlay_hover_video_fallback":{"url":"","id":"","size":""},"background_overlay_hover_slideshow_gallery":[]},"elements":[{"id":"37053e48","settings":{"content_width":"full","text":"Divider","color":"#00000000","icon":{"value":"fas fa-star","library":"fa-solid"},"_background_image":{"url":"","id":"","size":""},"_background_video_fallback":{"url":"","id":"","size":""},"_background_slideshow_gallery":[],"_background_hover_image":{"url":"","id":"","size":""},"_background_hover_video_fallback":{"url":"","id":"","size":""},"_background_hover_slideshow_gallery":[],"_mask_image":{"url":"","id":"","size":""}},"elements":[],"isInner":false,"widgetType":"divider","elType":"widget"}],"isInner":true,"elType":"container"},{"id":"386e6465","settings":{"flex_direction":"column","content_width":"full","width":{"unit":"%","size":"50"},"flex_justify_content":"center","flex_align_items":"flex-start","background_background":"classic","padding":{"unit":"px","top":"0","right":"0","bottom":"0","left":"0","isLinked":false},"__globals__":{"background_color":""},"padding_tablet":{"unit":"px","top":"0","right":"30","bottom":"0","left":"0","isLinked":false},"padding_mobile":{"unit":"px","top":"70","right":"20","bottom":"70","left":"20","isLinked":false},"background_color":"#242424","background_image":{"url":"","id":"","size":""},"background_video_fallback":{"url":"","id":"","size":""},"background_slideshow_gallery":[],"background_hover_image":{"url":"","id":"","size":""},"background_hover_video_fallback":{"url":"","id":"","size":""},"background_hover_slideshow_gallery":[],"background_overlay_image":{"url":"","id":"","size":""},"background_overlay_video_fallback":{"url":"","id":"","size":""},"background_overlay_slideshow_gallery":[],"background_overlay_hover_image":{"url":"","id":"","size":""},"background_overlay_hover_video_fallback":{"url":"","id":"","size":""},"background_overlay_hover_slideshow_gallery":[]},"elements":[{"id":"54a312f2","settings":{"content_width":"full","width":{"unit":"px","size":650,"sizes":[]},"padding":{"unit":"px","top":"0","right":"0","bottom":"0","left":"100","isLinked":false},"width_tablet":{"unit":"%","size":100,"sizes":[]},"width_mobile":{"unit":"%","size":"","sizes":[]},"padding_tablet":{"unit":"px","top":"0","right":"0","bottom":"0","left":"70","isLinked":false},"padding_mobile":{"unit":"px","top":"0","right":"0","bottom":"0","left":"0","isLinked":false},"background_image":{"url":"","id":"","size":""},"background_video_fallback":{"url":"","id":"","size":""},"background_slideshow_gallery":[],"background_hover_image":{"url":"","id":"","size":""},"background_hover_video_fallback":{"url":"","id":"","size":""},"background_hover_slideshow_gallery":[],"background_overlay_image":{"url":"","id":"","size":""},"background_overlay_video_fallback":{"url":"","id":"","size":""},"background_overlay_slideshow_gallery":[],"background_overlay_hover_image":{"url":"","id":"","size":""},"background_overlay_hover_video_fallback":{"url":"","id":"","size":""},"background_overlay_hover_slideshow_gallery":[]},"elements":[{"id":"7cc44974","settings":{"content_width":"full","title":"02. Haul everything","align":"left","title_color":"#FFFFFF","_margin":{"unit":"px","top":"0","right":"0","bottom":"10","left":"0","isLinked":false},"_margin_tablet":{"unit":"px","top":"0","right":"0","bottom":"10","left":"0","isLinked":false},"_animation":"fadeIn","_animation_delay":0,"__globals__":{"typography_typography":""},"typography_typography":"custom","typography_font_family":"Krona One","typography_font_size":{"unit":"px","size":16,"sizes":[]},"typography_font_weight":"600","_background_image":{"url":"","id":"","size":""},"_background_video_fallback":{"url":"","id":"","size":""},"_background_slideshow_gallery":[],"_background_hover_image":{"url":"","id":"","size":""},"_background_hover_video_fallback":{"url":"","id":"","size":""},"_background_hover_slideshow_gallery":[],"_mask_image":{"url":"","id":"","size":""}},"elements":[],"isInner":false,"widgetType":"heading","elType":"widget"},{"id":"1f072d5e","settings":{"content_width":"full","title":"Beyond Prepared","_animation":"fadeIn","_animation_delay":200,"__globals__":{"typography_typography":""},"title_color":"#FFFFFF","typography_typography":"custom","typography_font_family":"Krona One","typography_font_weight":"400","_background_image":{"url":"","id":"","size":""},"_background_video_fallback":{"url":"","id":"","size":""},"_background_slideshow_gallery":[],"_background_hover_image":{"url":"","id":"","size":""},"_background_hover_video_fallback":{"url":"","id":"","size":""},"_background_hover_slideshow_gallery":[],"_mask_image":{"url":"","id":"","size":""}},"elements":[],"isInner":false,"widgetType":"heading","elType":"widget"},{"id":"55e4bbed","settings":{"content_width":"full","editor":"<p>Haul everything you need with 2,500 pounds payload and 11,000 pounds towing capacity\u2014the equivalent of an average African elephant. The super-tough composite bed doesn\u2019t need a liner and is big enough for 4'x8\u2019 construction materials.<\/p>","text_color":"#FFFFFFC4","__globals__":{"typography_typography":""},"_animation":"fadeIn","_animation_delay":400,"typography_typography":"custom","typography_font_family":"Manrope","typography_font_weight":"500","_background_image":{"url":"","id":"","size":""},"_background_video_fallback":{"url":"","id":"","size":""},"_background_slideshow_gallery":[],"_background_hover_image":{"url":"","id":"","size":""},"_background_hover_video_fallback":{"url":"","id":"","size":""},"_background_hover_slideshow_gallery":[],"_mask_image":{"url":"","id":"","size":""}},"elements":[],"isInner":false,"widgetType":"text-editor","elType":"widget"},{"id":"119c1cf2","settings":{"content_width":"full","text":"Demo drive","border_radius":{"unit":"px","top":"1","right":"1","bottom":"1","left":"1","isLinked":true},"text_padding":{"unit":"px","top":"13","right":"26","bottom":"13","left":"26","isLinked":false},"__globals__":{"button_text_color":"","hover_color":"","typography_typography":"","background_color":"","button_background_hover_color":"","border_color":"","button_hover_border_color":""},"button_background_hover_color":"#FFFFFF","button_hover_border_color":"#FFFFFF","selected_icon":{"value":"fas fa-long-arrow-alt-right","library":"fa-solid"},"icon_align":"row-reverse","align":"left","typography_typography":"custom","typography_font_family":"Krona One","typography_font_weight":"600","button_text_color":"#FFFFFF","hover_color":"#000000","border_border":"solid","border_width":{"unit":"px","top":"3","right":"1","bottom":"1","left":"1","isLinked":false},"border_color":"#FFFFFFA1","text_padding_tablet":{"unit":"px","top":"12","right":"22","bottom":"12","left":"22","isLinked":false},"text_padding_mobile":{"unit":"px","top":"10","right":"17","bottom":"10","left":"17","isLinked":false},"_background_color_stop_tablet":{"unit":"%","size":"","sizes":[]},"_background_color_stop_mobile":{"unit":"%","size":"","sizes":[]},"_background_color_b_stop_tablet":{"unit":"%","size":"","sizes":[]},"_background_color_b_stop_mobile":{"unit":"%","size":"","sizes":[]},"_background_gradient_angle_tablet":{"unit":"deg","size":"","sizes":[]},"_background_gradient_angle_mobile":{"unit":"deg","size":"","sizes":[]},"_background_gradient_position_tablet":"center center","_background_gradient_position_mobile":"center center","_background_hover_color_stop_tablet":{"unit":"%","size":"","sizes":[]},"_background_hover_color_stop_mobile":{"unit":"%","size":"","sizes":[]},"_background_hover_color_b_stop_tablet":{"unit":"%","size":"","sizes":[]},"_background_hover_color_b_stop_mobile":{"unit":"%","size":"","sizes":[]},"_background_hover_gradient_angle_tablet":{"unit":"deg","size":"","sizes":[]},"_background_hover_gradient_angle_mobile":{"unit":"deg","size":"","sizes":[]},"_background_hover_gradient_position_tablet":"center center","_background_hover_gradient_position_mobile":"center center","typography_font_size":{"unit":"px","size":12,"sizes":[]},"typography_text_transform":"uppercase","background_color":"#FFFFFF00","_element_width":"auto","background_video_fallback":{"url":"","id":"","size":""},"background_slideshow_gallery":[],"button_background_hover_video_fallback":{"url":"","id":"","size":""},"button_background_hover_slideshow_gallery":[],"_background_image":{"url":"","id":"","size":""},"_background_video_fallback":{"url":"","id":"","size":""},"_background_slideshow_gallery":[],"_background_hover_image":{"url":"","id":"","size":""},"_background_hover_video_fallback":{"url":"","id":"","size":""},"_background_hover_slideshow_gallery":[],"_mask_image":{"url":"","id":"","size":""}},"elements":[],"isInner":false,"widgetType":"button","elType":"widget"}],"isInner":true,"elType":"container"}],"isInner":true,"elType":"container"}],"isInner":false,"elType":"container"},{"id":"5a79f771","settings":{"flex_direction":"column","min_height":{"unit":"vh","size":100,"sizes":[]},"min_height_tablet":{"unit":"vh","size":"","sizes":[]},"min_height_mobile":{"unit":"vh","size":"","sizes":[]},"flex_justify_content":"flex-end","background_background":"classic","background_image":{"id":2293,"url":"http:\/\/elementor-template.lifeonablock.com\/wp-content\/uploads\/2024\/12\/13.jpg"},"background_position":"center center","background_size":"cover","margin":{"unit":"px","top":"0","right":"0","bottom":"0","left":"0","isLinked":false},"background_video_fallback":{"url":"","id":"","size":""},"background_slideshow_gallery":[],"background_hover_image":{"url":"","id":"","size":""},"background_hover_video_fallback":{"url":"","id":"","size":""},"background_hover_slideshow_gallery":[],"background_overlay_image":{"url":"","id":"","size":""},"background_overlay_video_fallback":{"url":"","id":"","size":""},"background_overlay_slideshow_gallery":[],"background_overlay_hover_image":{"url":"","id":"","size":""},"background_overlay_hover_video_fallback":{"url":"","id":"","size":""},"background_overlay_hover_slideshow_gallery":[]},"elements":[{"id":"57339c1b","settings":{"content_width":"full","title":"More content goes here","_animation":"fadeIn","_animation_delay":200,"__globals__":{"typography_typography":""},"title_color":"#FFFFFF","align":"center","typography_typography":"custom","typography_font_family":"Krona One","typography_font_weight":"400","_margin":{"unit":"px","top":"0","right":"0","bottom":"100","left":"0","isLinked":false},"_background_image":{"url":"","id":"","size":""},"_background_video_fallback":{"url":"","id":"","size":""},"_background_slideshow_gallery":[],"_background_hover_image":{"url":"","id":"","size":""},"_background_hover_video_fallback":{"url":"","id":"","size":""},"_background_hover_slideshow_gallery":[],"_mask_image":{"url":"","id":"","size":""}},"elements":[],"isInner":false,"widgetType":"heading","elType":"widget"}],"isInner":false,"elType":"container"}],"settings":[],"metadata":[]}