{"content":[{"id":"10971471","settings":{"flex_direction":"row","content_width":"full","background_background":"classic","background_color":"#F8F9FA","padding":{"unit":"px","top":"0","right":"50","bottom":"080","left":"50","isLinked":false},"margin":{"unit":"px","top":"-64","right":"0","bottom":"0","left":"0","isLinked":false},"margin_mobile":{"unit":"px","top":"0","right":"0","bottom":"0","left":"0","isLinked":false},"padding_mobile":{"unit":"px","top":"0","right":"20","bottom":"0","left":"20","isLinked":false},"z_index":1},"elements":[{"id":"1655cfc4","settings":{"content_width":"full","width":{"unit":"%","size":50,"sizes":[]},"margin":{"unit":"px","top":"0","right":"0","bottom":"0","left":"0","isLinked":false},"padding":{"unit":"px","top":"0","right":"0100","bottom":"0","left":"0","isLinked":false},"sticky":"top","sticky_parent":"yes","padding_mobile":{"unit":"px","top":"0","right":"0","bottom":"0","left":"0","isLinked":false},"sticky_on":["desktop","tablet"],"padding_tablet":{"unit":"px","top":"0","right":"50","bottom":"0","left":"0","isLinked":false}},"elements":[{"id":"7e1c4c","settings":{"content_width":"full","space":{"unit":"px","size":120,"sizes":[]},"space_mobile":{"unit":"px","size":0,"sizes":[]},"space_tablet":{"unit":"px","size":69,"sizes":[]}},"elements":[],"isInner":false,"widgetType":"spacer","elType":"widget"},{"id":"4372f971","settings":{"content_width":"full","html":"<script>\r\n    document.addEventListener(\"DOMContentLoaded\", function() {\r\n        const tbtns = document.querySelectorAll(\".btn1 a\");\r\n\r\n        \/\/ Loop through all elements with class .btn a\r\n        tbtns.forEach(function(tbtn) {\r\n            const style = window.getComputedStyle(tbtn);\r\n            const tbtnWidthWithoutPadding = tbtn.offsetWidth - parseFloat(style.paddingLeft) - parseFloat(style.paddingRight);\r\n\r\n            const icon = tbtn.querySelector(\".elementor-button-icon\");\r\n            const iconStyle = window.getComputedStyle(icon);\r\n            const iconWidth = icon.offsetWidth;\r\n\r\n            \/\/ Calculate the padding and margin values\r\n            const paddingToAdd = tbtnWidthWithoutPadding - iconWidth;\r\n            const newPaddingLeft = parseFloat(iconStyle.paddingLeft) + paddingToAdd;\r\n\r\n            \/\/ Add hover event listener to each tbtn\r\n            tbtn.addEventListener('mouseover', function() {\r\n                \/\/ Apply the padding and negative margin when hovering\r\n                icon.style.paddingLeft = `${newPaddingLeft}px`;\r\n                icon.style.marginLeft = `-${paddingToAdd}px`;\r\n            });\r\n\r\n            \/\/ Remove the padding and negative margin when hover ends\r\n            tbtn.addEventListener('mouseout', function() {\r\n                \/\/ Reset the styles when the mouse leaves\r\n                icon.style.paddingLeft = '';  \/\/ Reset to original padding\r\n                icon.style.marginLeft = '';   \/\/ Reset to original margin\r\n            });\r\n        });\r\n    });\r\n<\/script>\r\n","_title":"All buttons script"},"elements":[],"isInner":false,"widgetType":"html","elType":"widget"},{"id":"f694d4d","settings":{"content_width":"full","image":{"id":"17","url":"http:\/\/elementor-template.lifeonablock.com\/wp-content\/uploads\/2024\/09\/YouTube-Thumbnail-16.svg"},"title_text":"How we work","description_text":"","position":"left","image_space":{"unit":"px","size":7,"sizes":[]},"title_bottom_space":{"unit":"px","size":8,"sizes":[]},"image_size":{"unit":"%","size":5,"sizes":[]},"title_color":"#000000","title_typography_typography":"custom","title_typography_font_family":"Montserrat","title_typography_font_size":{"unit":"px","size":14,"sizes":[]},"title_typography_font_weight":"600","title_typography_line_height":{"unit":"px","size":11,"sizes":[]},"_margin":{"unit":"px","top":"0","right":"0","bottom":"0","left":"0","isLinked":false},"content_vertical_alignment":"middle","text_align":"left","text_align_mobile":"left","image_size_mobile":{"unit":"%","size":11,"sizes":[]},"title_typography_font_size_mobile":{"unit":"px","size":14,"sizes":[]},"position_mobile":"left","image_size_tablet":{"unit":"%","size":15,"sizes":[]},"_margin_mobile":{"unit":"px","top":"-30","right":"0","bottom":"-8","left":"0","isLinked":false},"image_space_mobile":{"unit":"px","size":6,"sizes":[]},"title_bottom_space_mobile":{"unit":"px","size":7,"sizes":[]},"hide_tablet":"hidden-tablet","hide_mobile":"hidden-mobile"},"elements":[],"isInner":false,"widgetType":"image-box","elType":"widget"},{"id":"42c4338d","settings":{"content_width":"full","image":{"url":"http:\/\/elementor-template.lifeonablock.com\/wp-content\/uploads\/2024\/09\/cropped-YouTube-Thumbnail-2024-09-12T115538.262.png","id":1170,"size":"","alt":"","source":"library"},"align_mobile":"center","width_mobile":{"unit":"%","size":13,"sizes":[]},"_margin_mobile":{"unit":"px","top":"-20","right":"0","bottom":"-20","left":"0","isLinked":false},"hide_desktop":"hidden-desktop"},"elements":[],"isInner":false,"widgetType":"image","elType":"widget"},{"id":"76a81050","settings":{"title":"Masterful performance<br> is a\n <span class=\"tofarver\"> joint effort\n<\/span>","typography_typography":"custom","typography_font_family":"Kameron","typography_font_size":{"unit":"px","size":45,"sizes":[]},"typography_font_weight":"600","typography_line_height":{"unit":"px","size":51,"sizes":[]},"_margin":{"unit":"px","top":"0","right":"0","bottom":"-12","left":"0","isLinked":false},"_element_width":"inherit","__globals__":{"title_color":""},"title_color":"#000000","jkit_transform_rotate":{"unit":"px","size":"","sizes":[]},"jkit_transform_rotate_tablet":{"unit":"px","size":"","sizes":[]},"jkit_transform_rotate_mobile":{"unit":"px","size":"","sizes":[]},"jkit_glass_blur_level":{"unit":"px","size":"","sizes":[]},"jkit_glass_blur_level_tablet":{"unit":"px","size":"","sizes":[]},"jkit_glass_blur_level_mobile":{"unit":"px","size":"","sizes":[]},"jet_family_widget_is_order_orientaion":"false","jet_family_widget_order_orientaion":"","jet_family_widget_order_orientaion_tablet":"","jet_family_widget_order_orientaion_mobile":"","jet_family_widget_is_flex_basis":"false","jet_family_widget_flex_basis":{"unit":"px","size":0,"sizes":[]},"jet_family_widget_flex_basis_tablet":{"unit":"px","size":"","sizes":[]},"jet_family_widget_flex_basis_mobile":{"unit":"px","size":"","sizes":[]},"content_width":"full","typography_font_size_mobile":{"unit":"px","size":37,"sizes":[]},"typography_line_height_mobile":{"unit":"em","size":1.2,"sizes":[]},"typography_font_size_tablet":{"unit":"px","size":35,"sizes":[]},"typography_line_height_tablet":{"unit":"em","size":1.2,"sizes":[]},"align_mobile":"center"},"elements":[],"isInner":false,"widgetType":"heading","elType":"widget"},{"id":"1d597503","settings":{"editor":"<p>Marketing isn\u2019t a one-person show. A good partnership goes both ways \u2013 we can\u2019t create results for you. That\u2019s why tangible results require a joint effort between advertiser and advisor, where both parties can be on the ball and assist each other. We as individuals are never better than our collaboration.<\/p>","__globals__":{"typography_typography":""},"text_color":"#222222","typography_typography":"custom","typography_font_family":"Montserrat","typography_font_size":{"unit":"px","size":15,"sizes":[]},"typography_font_weight":"500","typography_line_height":{"unit":"px","size":27,"sizes":[]},"jkit_transform_rotate":{"unit":"px","size":"","sizes":[]},"jkit_transform_rotate_tablet":{"unit":"px","size":"","sizes":[]},"jkit_transform_rotate_mobile":{"unit":"px","size":"","sizes":[]},"jkit_glass_blur_level":{"unit":"px","size":"","sizes":[]},"jkit_glass_blur_level_tablet":{"unit":"px","size":"","sizes":[]},"jkit_glass_blur_level_mobile":{"unit":"px","size":"","sizes":[]},"jet_family_widget_is_order_orientaion":"false","jet_family_widget_order_orientaion":"","jet_family_widget_order_orientaion_tablet":"","jet_family_widget_order_orientaion_mobile":"","jet_family_widget_is_flex_basis":"false","jet_family_widget_flex_basis":{"unit":"px","size":0,"sizes":[]},"jet_family_widget_flex_basis_tablet":{"unit":"px","size":"","sizes":[]},"jet_family_widget_flex_basis_mobile":{"unit":"px","size":"","sizes":[]},"content_width":"full","typography_font_size_mobile":{"unit":"px","size":16,"sizes":[]},"typography_line_height_tablet":{"unit":"px","size":"","sizes":[]},"typography_line_height_mobile":{"unit":"px","size":"","sizes":[]},"align_mobile":"center"},"elements":[],"isInner":false,"widgetType":"text-editor","elType":"widget"},{"id":"400b22ff","settings":{"content_width":"full","image":{"id":"313","url":"http:\/\/elementor-template.lifeonablock.com\/wp-content\/uploads\/2024\/09\/11.png"},"title_text":"Jacob Von Baden","description_text":"Owner & CEO","position":"left","content_vertical_alignment":"middle","text_align":"left","image_space":{"unit":"px","size":14,"sizes":[]},"title_bottom_space":{"unit":"px","size":5,"sizes":[]},"image_size":{"unit":"%","size":15,"sizes":[]},"title_color":"#000000","title_typography_typography":"custom","title_typography_font_family":"Montserrat","title_typography_font_size":{"unit":"px","size":16,"sizes":[]},"title_typography_font_weight":"600","title_typography_line_height":{"unit":"px","size":6,"sizes":[]},"description_color":"#7A7A7A","description_typography_typography":"custom","description_typography_font_family":"Montserrat","description_typography_font_size":{"unit":"px","size":16,"sizes":[]},"description_typography_font_weight":"500","image_size_tablet":{"unit":"%","size":30,"sizes":[]},"text_align_mobile":"center"},"elements":[],"isInner":false,"widgetType":"image-box","elType":"widget"},{"id":"6d92472","settings":{"content_width":"full","space":{"unit":"px","size":80,"sizes":[]},"hide_mobile":"hidden-mobile"},"elements":[],"isInner":false,"widgetType":"spacer","elType":"widget"}],"isInner":true,"elType":"container"},{"id":"5ac04798","settings":{"content_width":"full","width":{"unit":"%","size":50,"sizes":[]},"margin":{"unit":"px","top":"0","right":"0","bottom":"0","left":"0","isLinked":false},"margin_mobile":{"unit":"px","top":"0","right":"0","bottom":"0","left":"0","isLinked":false},"padding_mobile":{"unit":"px","top":"0","right":"0","bottom":"50","left":"0","isLinked":false}},"elements":[{"id":"6dee79e3","settings":{"content_width":"full","space":{"unit":"px","size":80,"sizes":[]},"space_tablet":{"unit":"px","size":50,"sizes":[]},"space_mobile":{"unit":"px","size":10,"sizes":[]}},"elements":[],"isInner":false,"widgetType":"spacer","elType":"widget"},{"id":"5a6b9fd4","settings":{"content_width":"full","image":{"id":"347","url":"http:\/\/elementor-template.lifeonablock.com\/wp-content\/uploads\/2024\/09\/30-1-e1726220596642.webp"},"image_border_radius":{"unit":"px","top":"15","right":"15","bottom":"15","left":"15","isLinked":true},"_margin":{"unit":"px","top":"0","right":"0","bottom":"0","left":"-15","isLinked":false},"_z_index":0,"_padding":{"unit":"px","top":"0","right":"0","bottom":"0","left":"0","isLinked":false},"_border_border":"solid","_border_width":{"unit":"px","top":"0","right":"0","bottom":"0","left":"0","isLinked":true},"_border_radius":{"unit":"px","top":"0","right":"0","bottom":"0","left":"0","isLinked":false},"_margin_tablet":{"unit":"px","top":"0","right":"0","bottom":"0","left":"0","isLinked":false},"_margin_mobile":{"unit":"px","top":"0","right":"0","bottom":"0","left":"0","isLinked":false}},"elements":[],"isInner":false,"widgetType":"image","elType":"widget"},{"id":"24c7ba7","settings":{"content_width":"full","text":"01","typography_typography":"custom","typography_font_family":"Montserrat","typography_font_size":{"unit":"px","size":22,"sizes":[]},"typography_font_weight":"600","button_text_color":"#FFFFFF","background_background":"gradient","background_color":"#0071E3","background_color_stop":{"unit":"%","size":42,"sizes":[]},"background_color_b":"#25409E","background_gradient_angle":{"unit":"deg","size":140,"sizes":[]},"border_radius":{"unit":"px","top":"10","right":"10","bottom":"10","left":"10","isLinked":true},"text_padding":{"unit":"px","top":"12","right":"15","bottom":"12","left":"12","isLinked":false},"_margin":{"unit":"px","top":"-85","right":"0","bottom":"0","left":"20","isLinked":false},"_z_index":1,"__globals__":{"background_color":""},"_margin_mobile":{"unit":"px","top":"-83","right":"0","bottom":"0","left":"14","isLinked":false},"_z_index_mobile":5},"elements":[],"isInner":false,"widgetType":"button","elType":"widget"},{"id":"193a10c1","settings":{"content_width":"full","title":"Expectations","title_color":"#000000","typography_typography":"custom","typography_font_family":"Kameron","typography_font_size":{"unit":"px","size":30,"sizes":[]},"typography_font_weight":"600","typography_line_height":{"unit":"px","size":51,"sizes":[]},"_margin":{"unit":"px","top":"0","right":"0","bottom":"-12","left":"0","isLinked":false},"_element_width":"inherit","__globals__":{"title_color":""},"_margin_mobile":{"unit":"px","top":"-12","right":"0","bottom":"-12","left":"0","isLinked":false}},"elements":[],"isInner":false,"widgetType":"heading","elType":"widget"},{"id":"5497c5c8","settings":{"editor":"<p>We\u2019re not the right advisors for everyone. We often advise potential customers against entering into a partnership with us if we\u2019re not a good match. Honesty creates transparency. That\u2019s just how we were raised.<\/p>","__globals__":{"typography_typography":""},"text_color":"#222222","typography_typography":"custom","typography_font_family":"Montserrat","typography_font_size":{"unit":"px","size":15,"sizes":[]},"typography_font_weight":"500","typography_line_height":{"unit":"px","size":27,"sizes":[]},"jkit_transform_rotate":{"unit":"px","size":"","sizes":[]},"jkit_transform_rotate_tablet":{"unit":"px","size":"","sizes":[]},"jkit_transform_rotate_mobile":{"unit":"px","size":"","sizes":[]},"jkit_glass_blur_level":{"unit":"px","size":"","sizes":[]},"jkit_glass_blur_level_tablet":{"unit":"px","size":"","sizes":[]},"jkit_glass_blur_level_mobile":{"unit":"px","size":"","sizes":[]},"jet_family_widget_is_order_orientaion":"false","jet_family_widget_order_orientaion":"","jet_family_widget_order_orientaion_tablet":"","jet_family_widget_order_orientaion_mobile":"","jet_family_widget_is_flex_basis":"false","jet_family_widget_flex_basis":{"unit":"px","size":0,"sizes":[]},"jet_family_widget_flex_basis_tablet":{"unit":"px","size":"","sizes":[]},"jet_family_widget_flex_basis_mobile":{"unit":"px","size":"","sizes":[]},"content_width":"full","typography_line_height_tablet":{"unit":"px","size":"","sizes":[]},"typography_line_height_mobile":{"unit":"px","size":"","sizes":[]}},"elements":[],"isInner":false,"widgetType":"text-editor","elType":"widget"},{"id":"2124a526","settings":{"content_width":"full","space":{"unit":"px","size":55,"sizes":[]},"space_mobile":{"unit":"px","size":10,"sizes":[]},"space_tablet":{"unit":"px","size":20,"sizes":[]}},"elements":[],"isInner":false,"widgetType":"spacer","elType":"widget"},{"id":"18ce0b8c","settings":{"content_width":"full","image":{"id":"348","url":"http:\/\/elementor-template.lifeonablock.com\/wp-content\/uploads\/2024\/09\/1.png"},"image_border_radius":{"unit":"px","top":"15","right":"15","bottom":"15","left":"15","isLinked":true},"_margin":{"unit":"px","top":"0","right":"0","bottom":"0","left":"-15","isLinked":false},"_z_index":0,"_padding":{"unit":"px","top":"0","right":"0","bottom":"0","left":"0","isLinked":false},"_border_border":"solid","_border_width":{"unit":"px","top":"0","right":"0","bottom":"0","left":"0","isLinked":true},"_border_radius":{"unit":"px","top":"0","right":"0","bottom":"0","left":"0","isLinked":false},"_margin_tablet":{"unit":"px","top":"0","right":"0","bottom":"0","left":"0","isLinked":false},"_margin_mobile":{"unit":"px","top":"0","right":"0","bottom":"0","left":"0","isLinked":false}},"elements":[],"isInner":false,"widgetType":"image","elType":"widget"},{"id":"76f7b4e3","settings":{"content_width":"full","text":"02","typography_typography":"custom","typography_font_family":"Montserrat","typography_font_size":{"unit":"px","size":22,"sizes":[]},"typography_font_weight":"600","button_text_color":"#FFFFFF","background_background":"gradient","background_color":"#0071E3","background_color_stop":{"unit":"%","size":42,"sizes":[]},"background_color_b":"#25409E","background_gradient_angle":{"unit":"deg","size":140,"sizes":[]},"border_radius":{"unit":"px","top":"10","right":"10","bottom":"10","left":"10","isLinked":true},"text_padding":{"unit":"px","top":"12","right":"15","bottom":"12","left":"12","isLinked":false},"_margin":{"unit":"px","top":"-85","right":"0","bottom":"0","left":"20","isLinked":false},"_z_index":1,"__globals__":{"background_color":""},"_margin_mobile":{"unit":"px","top":"-83","right":"0","bottom":"0","left":"14","isLinked":false},"_z_index_mobile":5},"elements":[],"isInner":false,"widgetType":"button","elType":"widget"},{"id":"5db02187","settings":{"content_width":"full","title":"Preparation","title_color":"#000000","typography_typography":"custom","typography_font_family":"Kameron","typography_font_size":{"unit":"px","size":30,"sizes":[]},"typography_font_weight":"600","typography_line_height":{"unit":"px","size":51,"sizes":[]},"_margin":{"unit":"px","top":"0","right":"0","bottom":"-12","left":"0","isLinked":false},"_element_width":"inherit","__globals__":{"title_color":""},"_margin_mobile":{"unit":"px","top":"-12","right":"0","bottom":"-12","left":"0","isLinked":false}},"elements":[],"isInner":false,"widgetType":"heading","elType":"widget"},{"id":"25eed503","settings":{"editor":"<p>We always make sure to gather the necessary data. We prepare ourselves properly before we get started. We look at your company, your market and your product and map out options and initiatives.<\/p>","__globals__":{"typography_typography":""},"text_color":"#222222","typography_typography":"custom","typography_font_family":"Montserrat","typography_font_size":{"unit":"px","size":15,"sizes":[]},"typography_font_weight":"500","typography_line_height":{"unit":"px","size":27,"sizes":[]},"jkit_transform_rotate":{"unit":"px","size":"","sizes":[]},"jkit_transform_rotate_tablet":{"unit":"px","size":"","sizes":[]},"jkit_transform_rotate_mobile":{"unit":"px","size":"","sizes":[]},"jkit_glass_blur_level":{"unit":"px","size":"","sizes":[]},"jkit_glass_blur_level_tablet":{"unit":"px","size":"","sizes":[]},"jkit_glass_blur_level_mobile":{"unit":"px","size":"","sizes":[]},"jet_family_widget_is_order_orientaion":"false","jet_family_widget_order_orientaion":"","jet_family_widget_order_orientaion_tablet":"","jet_family_widget_order_orientaion_mobile":"","jet_family_widget_is_flex_basis":"false","jet_family_widget_flex_basis":{"unit":"px","size":0,"sizes":[]},"jet_family_widget_flex_basis_tablet":{"unit":"px","size":"","sizes":[]},"jet_family_widget_flex_basis_mobile":{"unit":"px","size":"","sizes":[]},"content_width":"full","typography_line_height_tablet":{"unit":"px","size":"","sizes":[]},"typography_line_height_mobile":{"unit":"px","size":"","sizes":[]}},"elements":[],"isInner":false,"widgetType":"text-editor","elType":"widget"},{"id":"685dd4d3","settings":{"content_width":"full","space":{"unit":"px","size":55,"sizes":[]},"space_mobile":{"unit":"px","size":10,"sizes":[]},"space_tablet":{"unit":"px","size":20,"sizes":[]}},"elements":[],"isInner":false,"widgetType":"spacer","elType":"widget"},{"id":"5d167d1e","settings":{"content_width":"full","image":{"id":"349","url":"http:\/\/elementor-template.lifeonablock.com\/wp-content\/uploads\/2024\/09\/3.png"},"image_border_radius":{"unit":"px","top":"15","right":"15","bottom":"15","left":"15","isLinked":true},"_margin":{"unit":"px","top":"0","right":"0","bottom":"0","left":"-15","isLinked":false},"_z_index":0,"_padding":{"unit":"px","top":"0","right":"0","bottom":"0","left":"0","isLinked":false},"_border_border":"solid","_border_width":{"unit":"px","top":"0","right":"0","bottom":"0","left":"0","isLinked":true},"_border_radius":{"unit":"px","top":"0","right":"0","bottom":"0","left":"0","isLinked":false},"_margin_tablet":{"unit":"px","top":"0","right":"0","bottom":"0","left":"0","isLinked":false},"_margin_mobile":{"unit":"px","top":"0","right":"0","bottom":"0","left":"0","isLinked":false}},"elements":[],"isInner":false,"widgetType":"image","elType":"widget"},{"id":"64a5511b","settings":{"content_width":"full","text":"03","typography_typography":"custom","typography_font_family":"Montserrat","typography_font_size":{"unit":"px","size":22,"sizes":[]},"typography_font_weight":"600","button_text_color":"#FFFFFF","background_background":"gradient","background_color":"#0071E3","background_color_stop":{"unit":"%","size":42,"sizes":[]},"background_color_b":"#25409E","background_gradient_angle":{"unit":"deg","size":140,"sizes":[]},"border_radius":{"unit":"px","top":"10","right":"10","bottom":"10","left":"10","isLinked":true},"text_padding":{"unit":"px","top":"12","right":"15","bottom":"12","left":"12","isLinked":false},"_margin":{"unit":"px","top":"-85","right":"0","bottom":"0","left":"20","isLinked":false},"_z_index":1,"__globals__":{"background_color":""},"_margin_mobile":{"unit":"px","top":"-83","right":"0","bottom":"0","left":"14","isLinked":false},"_z_index_mobile":5},"elements":[],"isInner":false,"widgetType":"button","elType":"widget"},{"id":"5fb396d3","settings":{"content_width":"full","title":"Planning","title_color":"#000000","typography_typography":"custom","typography_font_family":"Kameron","typography_font_size":{"unit":"px","size":30,"sizes":[]},"typography_font_weight":"600","typography_line_height":{"unit":"px","size":51,"sizes":[]},"_margin":{"unit":"px","top":"0","right":"0","bottom":"-12","left":"0","isLinked":false},"_element_width":"inherit","__globals__":{"title_color":""},"_margin_mobile":{"unit":"px","top":"-12","right":"0","bottom":"-12","left":"0","isLinked":false}},"elements":[],"isInner":false,"widgetType":"heading","elType":"widget"},{"id":"c4ae162","settings":{"editor":"<p>We don\u2019t pave the road as we drive. We always plan ahead because planning ensures control and momentum. Thoughtfulness is a natural component of our way of working.<\/p>","__globals__":{"typography_typography":""},"text_color":"#222222","typography_typography":"custom","typography_font_family":"Montserrat","typography_font_size":{"unit":"px","size":15,"sizes":[]},"typography_font_weight":"500","typography_line_height":{"unit":"px","size":27,"sizes":[]},"jkit_transform_rotate":{"unit":"px","size":"","sizes":[]},"jkit_transform_rotate_tablet":{"unit":"px","size":"","sizes":[]},"jkit_transform_rotate_mobile":{"unit":"px","size":"","sizes":[]},"jkit_glass_blur_level":{"unit":"px","size":"","sizes":[]},"jkit_glass_blur_level_tablet":{"unit":"px","size":"","sizes":[]},"jkit_glass_blur_level_mobile":{"unit":"px","size":"","sizes":[]},"jet_family_widget_is_order_orientaion":"false","jet_family_widget_order_orientaion":"","jet_family_widget_order_orientaion_tablet":"","jet_family_widget_order_orientaion_mobile":"","jet_family_widget_is_flex_basis":"false","jet_family_widget_flex_basis":{"unit":"px","size":0,"sizes":[]},"jet_family_widget_flex_basis_tablet":{"unit":"px","size":"","sizes":[]},"jet_family_widget_flex_basis_mobile":{"unit":"px","size":"","sizes":[]},"content_width":"full","typography_line_height_tablet":{"unit":"px","size":"","sizes":[]},"typography_line_height_mobile":{"unit":"px","size":"","sizes":[]}},"elements":[],"isInner":false,"widgetType":"text-editor","elType":"widget"},{"id":"6239fa55","settings":{"content_width":"full","space":{"unit":"px","size":55,"sizes":[]},"space_mobile":{"unit":"px","size":10,"sizes":[]},"space_tablet":{"unit":"px","size":20,"sizes":[]}},"elements":[],"isInner":false,"widgetType":"spacer","elType":"widget"},{"id":"79518841","settings":{"content_width":"full","image":{"id":"350","url":"http:\/\/elementor-template.lifeonablock.com\/wp-content\/uploads\/2024\/09\/5.png"},"image_border_radius":{"unit":"px","top":"15","right":"15","bottom":"15","left":"15","isLinked":true},"_margin":{"unit":"px","top":"0","right":"0","bottom":"0","left":"-15","isLinked":false},"_z_index":0,"_padding":{"unit":"px","top":"0","right":"0","bottom":"0","left":"0","isLinked":false},"_border_border":"solid","_border_width":{"unit":"px","top":"0","right":"0","bottom":"0","left":"0","isLinked":true},"_border_radius":{"unit":"px","top":"0","right":"0","bottom":"0","left":"0","isLinked":false},"_margin_tablet":{"unit":"px","top":"0","right":"0","bottom":"0","left":"0","isLinked":false},"_margin_mobile":{"unit":"px","top":"0","right":"0","bottom":"0","left":"0","isLinked":false}},"elements":[],"isInner":false,"widgetType":"image","elType":"widget"},{"id":"4fd80e6c","settings":{"content_width":"full","text":"04","typography_typography":"custom","typography_font_family":"Montserrat","typography_font_size":{"unit":"px","size":22,"sizes":[]},"typography_font_weight":"600","button_text_color":"#FFFFFF","background_background":"gradient","background_color":"#0071E3","background_color_stop":{"unit":"%","size":42,"sizes":[]},"background_color_b":"#25409E","background_gradient_angle":{"unit":"deg","size":140,"sizes":[]},"border_radius":{"unit":"px","top":"10","right":"10","bottom":"10","left":"10","isLinked":true},"text_padding":{"unit":"px","top":"12","right":"15","bottom":"12","left":"12","isLinked":false},"_margin":{"unit":"px","top":"-85","right":"0","bottom":"0","left":"20","isLinked":false},"_z_index":1,"__globals__":{"background_color":""},"_margin_mobile":{"unit":"px","top":"-83","right":"0","bottom":"0","left":"14","isLinked":false},"_z_index_mobile":5},"elements":[],"isInner":false,"widgetType":"button","elType":"widget"},{"id":"609d9133","settings":{"content_width":"full","title":"Follow-up","title_color":"#000000","typography_typography":"custom","typography_font_family":"Kameron","typography_font_size":{"unit":"px","size":30,"sizes":[]},"typography_font_weight":"600","typography_line_height":{"unit":"px","size":51,"sizes":[]},"_margin":{"unit":"px","top":"0","right":"0","bottom":"-12","left":"0","isLinked":false},"_element_width":"inherit","__globals__":{"title_color":""},"_margin_mobile":{"unit":"px","top":"-12","right":"0","bottom":"-12","left":"0","isLinked":false}},"elements":[],"isInner":false,"widgetType":"heading","elType":"widget"},{"id":"2f54e203","settings":{"editor":"<p>We think about you without you having to think about us. We work at a healthy distance and never become intrusive. We share your numbers with you constantly, so you always know how things are going and where you stand.<\/p>","__globals__":{"typography_typography":""},"text_color":"#222222","typography_typography":"custom","typography_font_family":"Montserrat","typography_font_size":{"unit":"px","size":15,"sizes":[]},"typography_font_weight":"500","typography_line_height":{"unit":"px","size":27,"sizes":[]},"jkit_transform_rotate":{"unit":"px","size":"","sizes":[]},"jkit_transform_rotate_tablet":{"unit":"px","size":"","sizes":[]},"jkit_transform_rotate_mobile":{"unit":"px","size":"","sizes":[]},"jkit_glass_blur_level":{"unit":"px","size":"","sizes":[]},"jkit_glass_blur_level_tablet":{"unit":"px","size":"","sizes":[]},"jkit_glass_blur_level_mobile":{"unit":"px","size":"","sizes":[]},"jet_family_widget_is_order_orientaion":"false","jet_family_widget_order_orientaion":"","jet_family_widget_order_orientaion_tablet":"","jet_family_widget_order_orientaion_mobile":"","jet_family_widget_is_flex_basis":"false","jet_family_widget_flex_basis":{"unit":"px","size":0,"sizes":[]},"jet_family_widget_flex_basis_tablet":{"unit":"px","size":"","sizes":[]},"jet_family_widget_flex_basis_mobile":{"unit":"px","size":"","sizes":[]},"content_width":"full","typography_line_height_tablet":{"unit":"px","size":"","sizes":[]},"typography_line_height_mobile":{"unit":"px","size":"","sizes":[]}},"elements":[],"isInner":false,"widgetType":"text-editor","elType":"widget"},{"id":"28189cda","settings":{"content_width":"full","space":{"unit":"px","size":55,"sizes":[]},"space_mobile":{"unit":"px","size":10,"sizes":[]},"space_tablet":{"unit":"px","size":20,"sizes":[]}},"elements":[],"isInner":false,"widgetType":"spacer","elType":"widget"},{"id":"a64701b","settings":{"content_width":"full","image":{"id":"351","url":"http:\/\/elementor-template.lifeonablock.com\/wp-content\/uploads\/2024\/09\/2.png"},"image_border_radius":{"unit":"px","top":"15","right":"15","bottom":"15","left":"15","isLinked":true},"_margin":{"unit":"px","top":"0","right":"0","bottom":"0","left":"-15","isLinked":false},"_z_index":0,"_padding":{"unit":"px","top":"0","right":"0","bottom":"0","left":"0","isLinked":false},"_border_border":"solid","_border_width":{"unit":"px","top":"0","right":"0","bottom":"0","left":"0","isLinked":true},"_border_radius":{"unit":"px","top":"0","right":"0","bottom":"0","left":"0","isLinked":false},"_margin_tablet":{"unit":"px","top":"0","right":"0","bottom":"0","left":"0","isLinked":false},"_margin_mobile":{"unit":"px","top":"0","right":"0","bottom":"0","left":"0","isLinked":false}},"elements":[],"isInner":false,"widgetType":"image","elType":"widget"},{"id":"f468a1e","settings":{"content_width":"full","text":"05","typography_typography":"custom","typography_font_family":"Montserrat","typography_font_size":{"unit":"px","size":22,"sizes":[]},"typography_font_weight":"600","button_text_color":"#FFFFFF","background_background":"gradient","background_color":"#0071E3","background_color_stop":{"unit":"%","size":42,"sizes":[]},"background_color_b":"#25409E","background_gradient_angle":{"unit":"deg","size":140,"sizes":[]},"border_radius":{"unit":"px","top":"10","right":"10","bottom":"10","left":"10","isLinked":true},"text_padding":{"unit":"px","top":"12","right":"15","bottom":"12","left":"12","isLinked":false},"_margin":{"unit":"px","top":"-85","right":"0","bottom":"0","left":"20","isLinked":false},"_z_index":1,"__globals__":{"background_color":""},"_margin_mobile":{"unit":"px","top":"-83","right":"0","bottom":"0","left":"14","isLinked":false},"_z_index_mobile":5},"elements":[],"isInner":false,"widgetType":"button","elType":"widget"},{"id":"329b0c72","settings":{"content_width":"full","title":"Evaluation","title_color":"#000000","typography_typography":"custom","typography_font_family":"Kameron","typography_font_size":{"unit":"px","size":30,"sizes":[]},"typography_font_weight":"600","typography_line_height":{"unit":"px","size":51,"sizes":[]},"_margin":{"unit":"px","top":"0","right":"0","bottom":"-12","left":"0","isLinked":false},"_element_width":"inherit","__globals__":{"title_color":""},"_margin_mobile":{"unit":"px","top":"-12","right":"0","bottom":"-12","left":"0","isLinked":false}},"elements":[],"isInner":false,"widgetType":"heading","elType":"widget"},{"id":"3d09a77","settings":{"editor":"<p>You benefit from constant evaluation, and so do we. The numbers don\u2019t lie, but they never stand alone, either; data means nothing without insight. Lack of insight always results in a hazy outlook.<\/p>","__globals__":{"typography_typography":""},"text_color":"#222222","typography_typography":"custom","typography_font_family":"Montserrat","typography_font_size":{"unit":"px","size":15,"sizes":[]},"typography_font_weight":"500","typography_line_height":{"unit":"px","size":27,"sizes":[]},"jkit_transform_rotate":{"unit":"px","size":"","sizes":[]},"jkit_transform_rotate_tablet":{"unit":"px","size":"","sizes":[]},"jkit_transform_rotate_mobile":{"unit":"px","size":"","sizes":[]},"jkit_glass_blur_level":{"unit":"px","size":"","sizes":[]},"jkit_glass_blur_level_tablet":{"unit":"px","size":"","sizes":[]},"jkit_glass_blur_level_mobile":{"unit":"px","size":"","sizes":[]},"jet_family_widget_is_order_orientaion":"false","jet_family_widget_order_orientaion":"","jet_family_widget_order_orientaion_tablet":"","jet_family_widget_order_orientaion_mobile":"","jet_family_widget_is_flex_basis":"false","jet_family_widget_flex_basis":{"unit":"px","size":0,"sizes":[]},"jet_family_widget_flex_basis_tablet":{"unit":"px","size":"","sizes":[]},"jet_family_widget_flex_basis_mobile":{"unit":"px","size":"","sizes":[]},"content_width":"full","typography_line_height_tablet":{"unit":"px","size":"","sizes":[]},"typography_line_height_mobile":{"unit":"px","size":"","sizes":[]}},"elements":[],"isInner":false,"widgetType":"text-editor","elType":"widget"}],"isInner":true,"elType":"container"}],"isInner":false,"elType":"container"}],"settings":[],"metadata":[]}