{"content":[{"id":"5f61022a","settings":{"flex_direction":"column","flex_gap":{"unit":"px","size":0,"column":"0","row":"0","isLinked":true},"boxed_width":{"unit":"px","size":1400,"sizes":[]},"background_background":"classic","background_color":"#FBFBFB","padding":{"unit":"px","top":"40","right":"0","bottom":"0","left":"0","isLinked":false},"content_width":"full","width":{"unit":"%","size":87100,"sizes":[]},"overflow":"hidden","margin_tablet":{"unit":"px","top":"0","right":"0","bottom":"0","left":"0","isLinked":false},"padding_tablet":{"unit":"px","top":"020","right":"0","bottom":"0","left":"0","isLinked":false},"padding_mobile":{"unit":"px","top":"50","right":"20","bottom":"40","left":"20","isLinked":false},"_title":"Text reveal"},"elements":[{"id":"5739670a","settings":{"flex_direction":"column","content_width":"full","width":{"unit":"%","size":100},"flex_justify_content":"center","flex_align_items":"center"},"elements":[{"id":"77e4fe52","settings":{"content_width":"full","html":"<script>\r\n    document.addEventListener(\"DOMContentLoaded\", function() {\r\n        const tbtns = document.querySelectorAll(\".btn1 a\");\r\n\r\n        \/\/ Loop through all elements with class .btn a\r\n        tbtns.forEach(function(tbtn) {\r\n            const style = window.getComputedStyle(tbtn);\r\n            const tbtnWidthWithoutPadding = tbtn.offsetWidth - parseFloat(style.paddingLeft) - parseFloat(style.paddingRight);\r\n\r\n            const icon = tbtn.querySelector(\".elementor-button-icon\");\r\n            const iconStyle = window.getComputedStyle(icon);\r\n            const iconWidth = icon.offsetWidth;\r\n\r\n            \/\/ Calculate the padding and margin values\r\n            const paddingToAdd = tbtnWidthWithoutPadding - iconWidth;\r\n            const newPaddingLeft = parseFloat(iconStyle.paddingLeft) + paddingToAdd;\r\n\r\n            \/\/ Add hover event listener to each tbtn\r\n            tbtn.addEventListener('mouseover', function() {\r\n                \/\/ Apply the padding and negative margin when hovering\r\n                icon.style.paddingLeft = `${newPaddingLeft}px`;\r\n                icon.style.marginLeft = `-${paddingToAdd}px`;\r\n            });\r\n\r\n            \/\/ Remove the padding and negative margin when hover ends\r\n            tbtn.addEventListener('mouseout', function() {\r\n                \/\/ Reset the styles when the mouse leaves\r\n                icon.style.paddingLeft = '';  \/\/ Reset to original padding\r\n                icon.style.marginLeft = '';   \/\/ Reset to original margin\r\n            });\r\n        });\r\n    });\r\n<\/script>\r\n","_title":"Sites CSS \/ styling + buttons"},"elements":[],"isInner":false,"widgetType":"html","elType":"widget"},{"id":"6cfe7484","settings":{"content_width":"full","image":{"id":"17","url":"http:\/\/elementor-template.lifeonablock.com\/wp-content\/uploads\/2024\/09\/YouTube-Thumbnail-16.svg"},"align":"center","width":{"unit":"%","size":4,"sizes":[]},"width_tablet":{"unit":"%","size":6,"sizes":[]},"width_mobile":{"unit":"%","size":15,"sizes":[]}},"elements":[],"isInner":false,"widgetType":"image","elType":"widget"},{"id":"2ff85050","settings":{"content_width":"full","title":"Who are <span class=\"tofarver\">we?\n<\/span>","title_color":"#000000","typography_typography":"custom","typography_font_family":"Kameron","typography_font_size":{"unit":"px","size":45,"sizes":[]},"typography_font_weight":"600","typography_text_transform":"capitalize","typography_line_height":{"unit":"em","size":1.1,"sizes":[]},"typography_font_size_laptop":{"unit":"px","size":64,"sizes":[]},"typography_font_size_tablet":{"unit":"px","size":40,"sizes":[]},"typography_font_size_mobile":{"unit":"px","size":35,"sizes":[]},"align":"center"},"elements":[],"isInner":false,"widgetType":"heading","elType":"widget"}],"isInner":true,"elType":"container"},{"id":"232e24ae","settings":{"flex_direction":"column","content_width":"full","width":{"unit":"%","size":85},"flex_justify_content":"center","flex_align_items":"center","_flex_align_self":"center"},"elements":[{"id":"2fb02cdb","settings":{"title":"We are a tight-knit team with  20+ years of experience helping early-stage startups showcase how good their products really are. Whether you're a seasoned player in the digital landscape or just stepping into it, we have the expertise and strategies to propel your brand.\n\n","header_size":"h4","title_color":"#000000","typography_typography":"custom","typography_font_family":"Montserrat","typography_font_size":{"unit":"px","size":29,"sizes":[]},"typography_font_weight":"500","typography_line_height":{"unit":"px","size":37,"sizes":[]},"_margin":{"unit":"px","top":"0","right":"0","bottom":"0","left":"0","isLinked":false},"__globals__":{"typography_typography":""},"content_width":"full","align":"center","typography_font_size_tablet":{"unit":"px","size":19,"sizes":[]},"typography_font_size_mobile":{"unit":"px","size":21,"sizes":[]},"typography_line_height_tablet":{"unit":"em","size":1.6,"sizes":[]},"typography_line_height_mobile":{"unit":"em","size":1.6,"sizes":[]},"hide_mobile":"hidden-mobile"},"elements":[],"isInner":false,"widgetType":"heading","elType":"widget"},{"id":"54e31d45","settings":{"title":"We are a tight-knit team with 20+ years of experience \nhelping early-stage startups showcase how good their products really are. \n\n","header_size":"h4","title_color":"#000000","typography_typography":"custom","typography_font_family":"Montserrat","typography_font_size":{"unit":"px","size":29,"sizes":[]},"typography_font_weight":"500","typography_line_height":{"unit":"px","size":37,"sizes":[]},"_margin":{"unit":"px","top":"0","right":"0","bottom":"0","left":"0","isLinked":false},"__globals__":{"typography_typography":""},"content_width":"full","align":"center","typography_font_size_tablet":{"unit":"px","size":19,"sizes":[]},"typography_font_size_mobile":{"unit":"px","size":20,"sizes":[]},"typography_line_height_tablet":{"unit":"em","size":1.6,"sizes":[]},"typography_line_height_mobile":{"unit":"em","size":1.6,"sizes":[]},"align_mobile":"center","hide_desktop":"hidden-desktop","hide_tablet":"hidden-tablet"},"elements":[],"isInner":false,"widgetType":"heading","elType":"widget"},{"id":"27e79d2a","settings":{"content_width":"full","flex_direction":"row","flex_gap":{"column":"0","row":"0","isLinked":true,"unit":"px","size":0},"margin":{"unit":"px","top":"0","right":"0","bottom":"0","left":"-8","isLinked":false},"flex_justify_content":"center","margin_mobile":{"unit":"px","top":"0","right":"0","bottom":"0","left":"0","isLinked":false}},"elements":[{"id":"5f358c60","settings":{"content_width":"full","text":"About us","selected_icon":{"value":"fas fa-arrow-right","library":"fa-solid"},"icon_align":"row-reverse","icon_indent":{"unit":"px","size":24,"sizes":[]},"typography_typography":"custom","typography_font_family":"Montserrat","typography_font_weight":"600","button_text_color":"#000000","background_color":"#0071E3","border_radius":{"unit":"px","top":"41","right":"41","bottom":"41","left":"41","isLinked":true},"text_padding":{"unit":"px","top":"6","right":"6","bottom":"6","left":"6","isLinked":true},"__globals__":{"button_text_color":""},"_css_classes":"btn1","_margin":{"unit":"px","top":"0","right":"0","bottom":"0","left":"0","isLinked":false},"background_background":"gradient","background_color_b":"#25409E","background_gradient_angle":{"unit":"deg","size":140,"sizes":[]},"typography_font_size":{"unit":"px","size":15,"sizes":[]},"hover_color":"#131111","align_mobile":"left","typography_font_size_mobile":{"unit":"px","size":14,"sizes":[]},"background_color_stop":{"unit":"%","size":42,"sizes":[]},"button_background_hover_color":"#FFFFFF","__dynamic__":{"link":"[elementor-tag id=\"3b87e34\" name=\"internal-url\" settings=\"%7B%22type%22%3A%22post%22%2C%22post_id%22%3A981%2C%22taxonomy_id%22%3A%22%22%2C%22attachment_id%22%3A%22%22%2C%22author_id%22%3A%22%22%7D\"]"}},"elements":[],"isInner":false,"widgetType":"button","elType":"widget"},{"id":"7f9519bb","settings":{"content_width":"full","text":"Meet the team","selected_icon":{"value":"fas fa-arrow-right","library":"fa-solid"},"icon_align":"row-reverse","icon_indent":{"unit":"px","size":11,"sizes":[]},"typography_typography":"custom","typography_font_family":"Montserrat","typography_font_weight":"600","button_text_color":"#000000","background_color":"#0071E300","border_radius":{"unit":"px","top":"41","right":"41","bottom":"41","left":"41","isLinked":true},"text_padding":{"unit":"px","top":"6","right":"6","bottom":"6","left":"6","isLinked":true},"custom_css":"\n\n.btn-white-blue{\n    .elementor-button-content-wrapper{\n        align-items: center;\n     \n       :\n    }\n    .elementor-button-icon{\n        background: white;\n        color: black;\n        padding-top:10px;\n        padding-right: 10px;\n        padding-bottom: 9px;\n        padding-left: 12px;\n        border-radius: 19px;\n        transition: all 0.2s ease;\n    }\n    .elementor-button-icon > :first-child{\n        -webkit-animation: in 0.2s;\n    }\n    .elementor-button-text{\n        z-index: 9;\n        margin-left: 20px;\n    }\n}\n.btn-white:hover{\n    .elementor-button-icon{\n        padding-left: 100px;\n        margin-left: -100px;\n     \n        \n            }\n    .elementor-button-icon > :first-child{\n    -webkit-animation: out 0.2s;\n    }\n    \n}","__globals__":{"button_text_color":"","hover_color":"","button_hover_border_color":"globals\/colors?id=7dbe488"},"_css_classes":"btn-white-blue","_margin":{"unit":"px","top":"0","right":"0","bottom":"0","left":"015","isLinked":false},"border_border":"solid","border_width":{"unit":"px","top":"1","right":"1","bottom":"1","left":"1","isLinked":true},"typography_font_size":{"unit":"px","size":15,"sizes":[]},"background_color_stop":{"unit":"%","size":42,"sizes":[]},"background_color_b":"#25409E","background_gradient_angle":{"unit":"deg","size":140,"sizes":[]},"hover_color":"#0071E3","button_background_hover_color":"#A3010100","border_color":"#000000","text_padding_mobile":{"unit":"px","top":"5","right":"5","bottom":"5","left":"5","isLinked":true},"_margin_mobile":{"unit":"px","top":"0","right":"0","bottom":"0","left":"0","isLinked":false},"hide_mobile":"hidden-mobile","__dynamic__":{"link":"[elementor-tag id=\"8ffcaf0\" name=\"internal-url\" settings=\"%7B%22type%22%3A%22post%22%2C%22post_id%22%3A981%2C%22taxonomy_id%22%3A%22%22%2C%22attachment_id%22%3A%22%22%2C%22author_id%22%3A%22%22%7D\"]"}},"elements":[],"isInner":false,"widgetType":"button","elType":"widget"}],"isInner":true,"elType":"container"},{"id":"43b7fcc8","settings":{"html":"<script src=\"https:\/\/cdnjs.cloudflare.com\/ajax\/libs\/gsap\/3.11.4\/gsap.min.js\"><\/script>\n<script src=\"https:\/\/cdnjs.cloudflare.com\/ajax\/libs\/gsap\/3.11.4\/ScrollTrigger.min.js\"><\/script>\n\n<script>\ndocument.addEventListener('DOMContentLoaded', function () {\n  gsap.registerPlugin(ScrollTrigger);\n\n  \/\/ Function to split text into spans\n  function splitTextIntoSpans(selector) {\n    const elements = document.querySelectorAll(selector);\n    elements.forEach(element => {\n      const text = element.innerText;\n      element.innerHTML = \"\"; \/\/ Clear existing content\n      text.split(\"\").forEach(char => {\n        const span = document.createElement(\"span\");\n        span.style.display = \"inline-block\";\n        span.style.opacity = \"0\";\n        span.style.filter = \"blur(8px)\";\n        span.style.transform = \"translateX(-100px)\";\n        span.innerText = char === \" \" ? \"\\u00A0\" : char; \/\/ Non-breaking space for spaces\n        element.appendChild(span);\n      });\n    });\n  }\n\n  splitTextIntoSpans(\"h4\");\n\n  document.querySelectorAll(\"h4\").forEach(h4 => {\n    gsap.fromTo(h4.querySelectorAll(\"span\"), {\n      x: '-100%',\n      filter: 'blur(8px)',\n      opacity: 0,\n    }, {\n      x: '0%',\n      filter: 'blur(0)',\n      opacity: 1,\n      duration: 1.5,\n      ease: \"power4.out\",\n      stagger: 0.05,\n      scrollTrigger: {\n        trigger: h4,\n        start: \"top 90%\", \/\/ Adjust if necessary\n        end: \"top 20%\", \/\/ Ensures animation completes\n        toggleActions: \"restart none none reset\",\n        scrub: 1,\n        markers: false\n      },\n    });\n  });\n});\n<\/script>","content_width":"full"},"elements":[],"isInner":false,"widgetType":"html","elType":"widget"}],"isInner":true,"elType":"container"}],"isInner":false,"elType":"container"}],"settings":{"custom_css":"\n.fit{\n\twidth: fit-content;\n\n}\n\n\n\n.users_photo .gallery-item{\n\twidth: 40px!important;\n\theight: 40px!important;\n}\n\n.elementor-widget-text-editor p:last-child{\n\tmargin-bottom: 0px;\n}\n\n\n\/* clients logo *\/\n\n.clients_logo{\n\tmask-image: linear-gradient(to right, rgba(0, 0, 0, 0) 0%, rgb(0, 0, 0) 12.5%, rgb(0, 0, 0) 87.5%, rgba(0, 0, 0, 0) 100%);\n}\n\n.icon_box_style1:hover h3, .icon_box_style1:hover p, .icon_box_style1:hover .elementor-icon i{\n\tcolor: #ffffff!important;\n}\n\n\/* image box *\/\n.img_box .top-back{\n\ttransition: 0.2s ease;\n\taspect-ratio: 1!important;\n}\n.img_box .c-heading{\n\tdisplay: none!important;\n\taspect-ratio: 1!important;\n}\n.img_box:hover .top-back{\n\twidth: 190px!important;\n}\n.img_box:hover .icon{\n\tdisplay: none!important;\n}\n.img_box:hover .c-heading{\n\tdisplay: block!important;\n}\n\n\/* pricing box *\/\n.pricing_box:hover .package_name .elementor-widget-container{\n\tbackground: #807166!important;\n}\n\n\/* Footer *\/\n.footer nav a:hover, .footer nav a.elementor-item-active{\n\ttext-decoration: underline;\n}\n\n.contact_info .elementor-icon-list-item{\n\tjustify-content: space-between;\n}\n\n\n\n\/* Buttons *\/\n\n\n@-webkit-keyframes in {\n    0%   { -webkit-transform: translate(0%,0%); }\n    20%   { \n        -webkit-filter: opacity(0);\n        -webkit-transform: translate(-50%,0%); }\n    40%   { \n        -webkit-filter: opacity(0);\n        -webkit-transform: translate(-50%,50%); }\n    60%   {\n        -webkit-filter: opacity(0);\n        -webkit-transform: translate(50%,50%); }\n    80%   { \n        -webkit-filter: opacity(0);\n        -webkit-transform: translate(50%,0); }\n    100%   { -webkit-transform: translate(0,0); }\n}\n\n@-webkit-keyframes out {\n    0%   { -webkit-transform: translate(0,0); }\n    20%   { \n        -webkit-filter: opacity(0);\n        -webkit-transform: translate(50%,0); }\n    40%   {\n        -webkit-filter: opacity(0);\n        -webkit-transform: translate(50%,50%); }\n    60%   { \n        -webkit-filter: opacity(0);\n        -webkit-transform: translate(-50%,50%); }\n    80%   { \n        -webkit-filter: opacity(0);\n        -webkit-transform: translate(-50%,0%); }\n    100%   { -webkit-transform: translate(0%,0%); }\n}\n\n\n.btn1{\n    .elementor-button-content-wrapper{\n        align-items: center;\n        padding-left: 12px;\n    }\n    .elementor-button-icon{\n        background: white;\n        color: black;\n        padding-top:12px;\n        padding-right: 10px;\n        padding-bottom: 10px;\n        padding-left: 13px;\n        border-radius: 60px;\n        transition: all 0.2s ease;\n    }\n    .elementor-button-icon > :first-child{\n        -webkit-animation: in 0.2s;\n    }\n    .elementor-button-text{\n        z-index: 9;\n        margin-left: 20px;\n         color: white;\n    }\n}\n.btn1:hover{\n    .elementor-button-icon{\n        \/*margin-left: calc(-100%);*\/\n        \/*padding-left: calc(100%);*\/\n    }\n    .elementor-button-icon > :first-child{\n    -webkit-animation: out 0.2s;\n    }\n    \n    .elementor-button-text{\n        z-index: 9;\n        margin-left: 20px;\n        color: black;\n    }\n    \n}\n\n\n"},"metadata":[]}