{"content":[{"id":"629e3e5e","settings":{"flex_direction":"row","flex_gap":{"unit":"px","size":0,"column":"0","row":"0","isLinked":true},"content_width":"full","flex_justify_content":"flex-end","flex_align_items":"center","background_background":"classic","padding":{"unit":"px","top":"0","right":"0","bottom":"0","left":"50","isLinked":false},"__globals__":{"background_color":""},"overflow":"hidden","hide_mobile":"hidden-mobile","padding_tablet":{"unit":"px","top":"0","right":"0","bottom":"20","left":"0","isLinked":false},"background_color":"#FBFBFB"},"elements":[{"id":"4d10d089","settings":{"flex_direction":"column","content_width":"full","width":{"unit":"%","size":33},"flex_justify_content":"center","flex_align_items":"flex-start","width_tablet":{"unit":"%","size":50,"sizes":[]},"width_mobile":{"unit":"%","size":57,"sizes":[]},"margin_mobile":{"unit":"px","top":"0","right":"0","bottom":"0","left":"0","isLinked":false}},"elements":[{"id":"c6e32d","settings":{"content_width":"full","title":"Don't get\n<span class=\"tofarver\"><br> left behind\n<\/span> ","title_color":"#222222","typography_typography":"custom","typography_font_family":"Kameron","typography_font_size":{"unit":"px","size":35,"sizes":[]},"typography_font_weight":"600","typography_line_height":{"unit":"em","size":1.1,"sizes":[]},"typography_font_size_tablet_extra":{"unit":"px","size":45,"sizes":[]},"typography_font_size_tablet":{"unit":"px","size":38,"sizes":[]},"_margin":{"unit":"px","top":"-12","right":"0","bottom":"0","left":"0","isLinked":false},"_element_width":"inherit","_flex_align_self":"center","_flex_size":"grow","typography_font_size_mobile":{"unit":"px","size":33,"sizes":[]},"_margin_mobile":{"unit":"px","top":"0","right":"-9","bottom":"0","left":"0","isLinked":false},"_padding_tablet":{"unit":"px","top":"0","right":"0","bottom":"0","left":"0","isLinked":true},"_padding_mobile":{"unit":"px","top":"0","right":"0","bottom":"0","left":"0","isLinked":false},"_element_width_tablet":"inherit"},"elements":[],"isInner":false,"widgetType":"heading","elType":"widget"}],"isInner":true,"elType":"container"},{"id":"4f26b877","settings":{"flex_direction":"column","content_width":"full","width":{"unit":"%","size":100},"width_tablet":{"unit":"%","size":43,"sizes":[]},"width_mobile":{"unit":"%","size":"","sizes":[]},"padding_mobile":{"unit":"px","top":"0","right":"0","bottom":"0","left":"0","isLinked":false},"hide_mobile":"hidden-mobile","flex_justify_content":"center","hide_tablet":"hidden-tablet"},"elements":[{"id":"5e5c404e","settings":{"title":"We are a tight-knit team with \n<span class=\"tofarver\">20+ years \n<\/span>of experience <span class=\"tofarver\">helping \n<\/span>early-stage startups showcase how good their products \n<span class=\"tofarver\">really are.\n<\/span>\n\n","header_size":"h4","title_color":"#000000","typography_typography":"custom","typography_font_family":"Montserrat","typography_font_size":{"unit":"px","size":26,"sizes":[]},"typography_font_weight":"600","typography_line_height":{"unit":"px","size":37,"sizes":[]},"_margin":{"unit":"px","top":"0","right":"0","bottom":"0","left":"0","isLinked":false},"__globals__":{"typography_typography":""},"content_width":"full","align":"left"},"elements":[],"isInner":false,"widgetType":"heading","elType":"widget"},{"id":"74f64568","settings":{"html":"<script src=\"https:\/\/cdnjs.cloudflare.com\/ajax\/libs\/gsap\/3.11.4\/gsap.min.js\"><\/script>\n<script src=\"https:\/\/cdnjs.cloudflare.com\/ajax\/libs\/gsap\/3.11.4\/ScrollTrigger.min.js\"><\/script>\n\n<script>\ndocument.addEventListener('DOMContentLoaded', function () {\n  gsap.registerPlugin(ScrollTrigger);\n\n  \/\/ Function to split text into spans\n  function splitTextIntoSpans(selector) {\n    const elements = document.querySelectorAll(selector);\n    elements.forEach(element => {\n      const text = element.innerText;\n      element.innerHTML = \"\"; \/\/ Clear existing content\n      text.split(\"\").forEach(char => {\n        const span = document.createElement(\"span\");\n        span.style.display = \"inline-block\";\n        span.style.opacity = \"0\";\n        span.style.filter = \"blur(8px)\";\n        span.style.transform = \"translateX(-100px)\";\n        span.innerText = char === \" \" ? \"\\u00A0\" : char; \/\/ Non-breaking space for spaces\n        element.appendChild(span);\n      });\n    });\n  }\n\n  splitTextIntoSpans(\"h4\");\n\n  document.querySelectorAll(\"h4\").forEach(h4 => {\n    gsap.fromTo(h4.querySelectorAll(\"span\"), {\n      x: '-100%',\n      filter: 'blur(8px)',\n      opacity: 0,\n    }, {\n      x: '0%',\n      filter: 'blur(0)',\n      opacity: 1,\n      duration: 1.5,\n      ease: \"power4.out\",\n      stagger: 0.05,\n      scrollTrigger: {\n        trigger: h4,\n        start: \"top 90%\", \/\/ Adjust if necessary\n        end: \"top 30%\", \/\/ Ensures animation completes\n        toggleActions: \"restart none none reset\",\n        scrub: 1,\n        markers: false\n      },\n    });\n  });\n});\n<\/script>","content_width":"full"},"elements":[],"isInner":false,"widgetType":"html","elType":"widget"}],"isInner":true,"elType":"container"},{"id":"330b109d","settings":{"content_width":"full","width":{"unit":"%","size":33},"flex_justify_content":"flex-end","flex_align_items":"flex-end","html_tag":"a","sticky":"bottom","width_tablet":{"unit":"%","size":45,"sizes":[]},"width_mobile":{"unit":"%","size":39,"sizes":[]},"margin_mobile":{"unit":"px","top":"0","right":"0","bottom":"0","left":"0","isLinked":false},"padding_mobile":{"unit":"px","top":"0","right":"0","bottom":"0","left":"0","isLinked":false},"margin_tablet":{"unit":"px","top":"0","right":"10","bottom":"0","left":"0","isLinked":false},"__dynamic__":{"link":"[elementor-tag id=\"e5f73bf\" name=\"internal-url\" settings=\"%7B%22type%22%3A%22post%22%2C%22post_id%22%3A%22978%22%7D\"]"}},"elements":[{"id":"675ac0c0","settings":{"content_width":"full","text":"Contact \u2726 let's talk \u2726 contact \u2726","path":"circle","text_path_direction":"ltr","size":{"unit":"px","size":100,"sizes":[]},"text_typography_typography":"custom","text_typography_font_family":"Montserrat","text_typography_font_size":{"unit":"px","size":26,"sizes":[]},"text_typography_font_weight":"400","text_typography_text_transform":"uppercase","text_typography_letter_spacing":{"unit":"em","size":0.15,"sizes":[]},"text_typography_letter_spacing_tablet":{"unit":"em","size":"","sizes":[]},"text_typography_letter_spacing_mobile":{"unit":"em","size":"","sizes":[]},"text_typography_word_spacing":{"unit":"em","size":0.8,"sizes":[]},"text_color_normal":"#000000","_padding":{"unit":"px","top":"23","right":"23","bottom":"11","left":"23","isLinked":false},"_offset_orientation_h":"end","_background_background":"classic","_background_image":{"id":"290","url":"http:\/\/elementor-template.lifeonablock.com\/wp-content\/uploads\/2024\/09\/Green-Simple-Modern-Gradient-Community-Meeting-Instagram-Post-1.png"},"_background_position":"center center","_background_repeat":"no-repeat","_background_size":"initial","_background_bg_width":{"unit":"px","size":77,"sizes":[]},"custom_css":"selector svg{\r\n    animation: rotate 8s linear infinite;\r\n}\r\n@-webkit-keyframes rotate {\r\n  0% {\r\n    transform: rotate(0deg);\r\n  }\r\n  100% {\r\n    transform: rotate(360deg);\r\n  }\r\n}\r\n@keyframes rotate {\r\n  0% {\r\n    transform: rotate(0deg);\r\n  }\r\n  100% {\r\n    transform: rotate(360deg);\r\n  }\r\n}","size_tablet":{"unit":"px","size":100,"sizes":[]},"size_mobile":{"unit":"px","size":100,"sizes":[]},"_background_bg_width_mobile":{"unit":"px","size":70,"sizes":[]},"_element_custom_width":{"unit":"%","size":23,"sizes":[]},"_margin":{"unit":"px","top":"0","right":"0","bottom":"20","left":"0","isLinked":false},"text_color_hover":"#000000","hover_animation":"grow","_background_hover_background":"classic","_background_hover_image":{"id":"291","url":"http:\/\/elementor-template.lifeonablock.com\/wp-content\/uploads\/2024\/09\/arrow_circle_left_thin_icon_172061-e1726310918353.png"},"_background_hover_position":"center center","_background_hover_repeat":"no-repeat","_background_hover_transition":{"unit":"px","size":0,"sizes":[]},"__dynamic__":{"link":"[elementor-tag id=\"ba712a0\" name=\"internal-url\" settings=\"%7B%22type%22%3A%22post%22%2C%22post_id%22%3A978%2C%22taxonomy_id%22%3A%22%22%2C%22attachment_id%22%3A%22%22%2C%22author_id%22%3A%22%22%7D\"]"},"__globals__":{"text_color_hover":"","_background_color":""},"_z_index":99,"_margin_mobile":{"unit":"px","top":"-16","right":"-14","bottom":"0","left":"0","isLinked":false},"_background_color":"#F8F9FA","_border_radius":{"unit":"px","top":"100","right":"100","bottom":"100","left":"100","isLinked":true}},"elements":[],"isInner":false,"widgetType":"text-path","elType":"widget"}],"isInner":true,"elType":"container"}],"isInner":false,"elType":"container"},{"id":"3a563f81","settings":{"flex_direction":"column","content_width":"full","padding":{"unit":"px","top":"80","right":"50","bottom":"24","left":"50","isLinked":false},"css_classes":"footer","padding_tablet":{"unit":"px","top":"40","right":"20","bottom":"40","left":"20","isLinked":false},"padding_mobile":{"unit":"px","top":"0","right":"0","bottom":"0","left":"0","isLinked":false},"z_index":10,"margin":{"unit":"px","top":"0","right":"0","bottom":"0","left":"0","isLinked":false},"boxed_width":{"unit":"px","size":1400,"sizes":[]},"background_background":"classic","__globals__":{"background_color":""},"background_color":"#FBFBFB","margin_mobile":{"unit":"px","top":"0","right":"0","bottom":"0","left":"0","isLinked":false}},"elements":[{"id":"2a6dea01","settings":{"content_width":"full","flex_direction":"row","flex_justify_content":"space-between","background_background":"classic","background_color":"#F4F4F4","border_radius":{"unit":"px","top":"20","right":"20","bottom":"20","left":"20","isLinked":true},"padding":{"unit":"px","top":"40","right":"40","bottom":"40","left":"40","isLinked":true},"flex_direction_laptop":"column","flex_gap_laptop":{"column":"47","row":"47","isLinked":true,"unit":"px","size":47},"padding_tablet":{"unit":"px","top":"30","right":"30","bottom":"30","left":"30","isLinked":true},"flex_direction_tablet":"column","flex_gap_tablet":{"column":"50","row":"50","isLinked":true,"unit":"px","size":50},"margin":{"unit":"px","top":"-69","right":"0","bottom":"0","left":"0","isLinked":false},"margin_mobile":{"unit":"px","top":"0","right":"0","bottom":"0","left":"0","isLinked":false},"border_radius_mobile":{"unit":"px","top":"0","right":"0","bottom":"0","left":"0","isLinked":false},"padding_mobile":{"unit":"px","top":"050","right":"20","bottom":"0","left":"20","isLinked":false}},"elements":[{"id":"2a1933a5","settings":{"content_width":"full","width":{"unit":"%","size":68,"sizes":[]},"min_height":{"unit":"px","size":406,"sizes":[]},"flex_direction":"column","flex_justify_content":"space-between","background_background":"classic","background_image":{"id":"292","url":"http:\/\/elementor-template.lifeonablock.com\/wp-content\/uploads\/2024\/09\/1-1-e1726082210307.jpg"},"background_position":"bottom center","background_repeat":"no-repeat","background_size":"cover","border_radius":{"unit":"px","top":"20","right":"20","bottom":"20","left":"0","isLinked":false},"padding":{"unit":"px","top":"0","right":"0","bottom":"0","left":"0","isLinked":false},"width_laptop":{"unit":"%","size":100,"sizes":[]},"width_tablet":{"unit":"%","size":100,"sizes":[]},"width_mobile":{"unit":"%","size":"","sizes":[]},"min_height_tablet":{"unit":"px","size":428,"sizes":[]},"min_height_mobile":{"unit":"px","size":487,"sizes":[]},"margin_tablet":{"unit":"px","top":"0","right":"0","bottom":"-35","left":"0","isLinked":false},"border_radius_mobile":{"unit":"px","top":"20","right":"20","bottom":"20","left":"20","isLinked":true},"background_position_mobile":"center center","border_radius_tablet":{"unit":"px","top":"20","right":"20","bottom":"20","left":"20","isLinked":true},"margin_mobile":{"unit":"px","top":"0","right":"0","bottom":"-35","left":"0","isLinked":false}},"elements":[{"id":"125dfa2a","settings":{"content_width":"full","flex_direction":"row","flex_justify_content":"flex-end","padding":{"unit":"px","top":"0","right":"0","bottom":"0","left":"0","isLinked":false},"width_laptop":{"unit":"%","size":"","sizes":[]},"width_tablet":{"unit":"%","size":"","sizes":[]},"width_mobile":{"unit":"%","size":"","sizes":[]}},"elements":[{"id":"13c87723","settings":{"content_width":"full","text":"Contact us Contact us Contact us","path":"circle","text_path_direction":"ltr","size":{"unit":"px","size":120,"sizes":[]},"text_typography_typography":"custom","text_typography_font_family":"Montserrat","text_typography_font_size":{"unit":"px","size":26,"sizes":[]},"text_typography_font_weight":"400","text_typography_text_transform":"uppercase","text_typography_letter_spacing":{"unit":"em","size":0.15,"sizes":[]},"text_typography_letter_spacing_tablet":{"unit":"em","size":"","sizes":[]},"text_typography_letter_spacing_mobile":{"unit":"em","size":"","sizes":[]},"text_typography_word_spacing":{"unit":"em","size":0.8,"sizes":[]},"text_color_normal":"#FFFFFF","_padding":{"unit":"px","top":"38","right":"36","bottom":"28","left":"34","isLinked":false},"_offset_orientation_h":"end","_background_background":"classic","_background_image":{"id":"211","url":"http:\/\/elementor-template.lifeonablock.com\/wp-content\/uploads\/2024\/09\/globe.png"},"_background_position":"center center","_background_repeat":"no-repeat","_background_size":"initial","_background_bg_width":{"unit":"px","size":102,"sizes":[]},"custom_css":"selector svg{\r\n    animation: rotate 8s linear infinite;\r\n}\r\n@-webkit-keyframes rotate {\r\n  0% {\r\n    transform: rotate(0deg);\r\n  }\r\n  100% {\r\n    transform: rotate(360deg);\r\n  }\r\n}\r\n@keyframes rotate {\r\n  0% {\r\n    transform: rotate(0deg);\r\n  }\r\n  100% {\r\n    transform: rotate(360deg);\r\n  }\r\n}","size_tablet":{"unit":"px","size":110,"sizes":[]},"size_mobile":{"unit":"px","size":100,"sizes":[]},"_background_bg_width_mobile":{"unit":"px","size":90,"sizes":[]},"_element_custom_width":{"unit":"%","size":23,"sizes":[]},"text_typography_font_size_tablet":{"unit":"px","size":26,"sizes":[]},"hide_tablet":"hidden-tablet","hide_mobile":"hidden-mobile","hide_desktop":"hidden-desktop"},"elements":[],"isInner":false,"widgetType":"text-path","elType":"widget"}],"isInner":true,"elType":"container"},{"id":"78f220d1","settings":{"content_width":"full","width":{"unit":"%","size":56,"sizes":[]},"flex_gap":{"column":"16","row":"16","isLinked":true,"unit":"px","size":16},"background_background":"classic","border_radius":{"unit":"px","top":"0","right":"20","bottom":"0","left":"0","isLinked":false},"padding":{"unit":"px","top":"18","right":"20","bottom":"20","left":"0","isLinked":false},"width_tablet_extra":{"unit":"%","size":"","sizes":[]},"width_tablet":{"unit":"%","size":78,"sizes":[]},"width_mobile":{"unit":"%","size":100,"sizes":[]},"padding_tablet_extra":{"unit":"px","top":"18","right":"18","bottom":"0","left":"0","isLinked":false},"flex_justify_content_tablet":"center","padding_tablet":{"unit":"px","top":"30","right":"0","bottom":"30","left":"0","isLinked":false},"padding_mobile":{"unit":"px","top":"25","right":"20","bottom":"25","left":"20","isLinked":false},"border_radius_mobile":{"unit":"px","top":"0","right":"0","bottom":"20","left":"20","isLinked":false},"border_radius_tablet":{"unit":"px","top":"0","right":"20","bottom":"2","left":"020","isLinked":false},"margin_tablet":{"unit":"px","top":"0","right":"0","bottom":"0","left":"0","isLinked":false},"margin_mobile":{"unit":"px","top":"0","right":"0","bottom":"-2","left":"0","isLinked":false},"__globals__":{"background_color":"globals\/colors?id=748f8e4"}},"elements":[{"id":"2e01af2c","settings":{"content_width":"full","title":"Let\u2019s do <span class=\"tofarver\"> great things<br>\n<\/span> with tech together","title_color":"#222222","typography_typography":"custom","typography_font_family":"Kameron","typography_font_size":{"unit":"px","size":45,"sizes":[]},"typography_font_weight":"600","typography_line_height":{"unit":"em","size":1.1,"sizes":[]},"typography_font_size_tablet_extra":{"unit":"px","size":45,"sizes":[]},"typography_font_size_tablet":{"unit":"px","size":30,"sizes":[]},"typography_font_size_mobile":{"unit":"px","size":30,"sizes":[]},"hide_mobile":"hidden-mobile"},"elements":[],"isInner":false,"widgetType":"heading","elType":"widget"},{"id":"81fa21a","settings":{"content_width":"full","title":"Let\u2019s do great things with tech <span class=\"tofarver\">together\n<\/span>","title_color":"#222222","typography_typography":"custom","typography_font_family":"Kameron","typography_font_size":{"unit":"px","size":45,"sizes":[]},"typography_font_weight":"600","typography_line_height":{"unit":"em","size":1.1,"sizes":[]},"typography_font_size_tablet_extra":{"unit":"px","size":45,"sizes":[]},"typography_font_size_tablet":{"unit":"px","size":30,"sizes":[]},"typography_font_size_mobile":{"unit":"px","size":30,"sizes":[]},"hide_desktop":"hidden-desktop","hide_tablet":"hidden-tablet"},"elements":[],"isInner":false,"widgetType":"heading","elType":"widget"},{"id":"2966c633","settings":{"content_width":"full","editor":"Contact us today to explore the possibilities of our dynamic co-working space. Your ideal workspace is just a message or call away with us.","text_color":"#54595F","typography_typography":"custom","typography_font_family":"Montserrat","typography_font_size":{"unit":"px","size":16,"sizes":[]},"typography_font_weight":"500","typography_line_height":{"unit":"em","size":1.5,"sizes":[]},"_margin_mobile":{"unit":"px","top":"0","right":"0","bottom":"-10","left":"0","isLinked":false},"typography_font_size_mobile":{"unit":"px","size":15,"sizes":[]},"__globals__":{"text_color":""}},"elements":[],"isInner":false,"widgetType":"text-editor","elType":"widget"}],"isInner":true,"elType":"container"}],"isInner":true,"elType":"container"},{"id":"734efc20","settings":{"content_width":"full","width":{"unit":"%","size":29,"sizes":[]},"flex_direction":"column","padding":{"unit":"px","top":"0","right":"0","bottom":"0","left":"0","isLinked":false},"flex_justify_content":"space-between","width_laptop":{"unit":"%","size":100,"sizes":[]},"width_tablet":{"unit":"%","size":100,"sizes":[]},"width_mobile":{"unit":"%","size":100,"sizes":[]},"flex_gap_laptop":{"column":"60","row":"60","isLinked":true,"unit":"px","size":60},"margin_mobile":{"unit":"px","top":"0","right":"0","bottom":"0","left":"0","isLinked":false},"padding_mobile":{"unit":"px","top":"0","right":"0","bottom":"20","left":"0","isLinked":false},"flex_wrap_mobile":"wrap"},"elements":[{"id":"719f364f","settings":{"content_width":"full","padding":{"unit":"px","top":"0","right":"0","bottom":"0","left":"0","isLinked":false},"flex_direction":"row","flex_justify_content":"space-between","width_laptop":{"unit":"%","size":"","sizes":[]},"width_tablet":{"unit":"%","size":"","sizes":[]},"width_mobile":{"unit":"%","size":100,"sizes":[]},"flex_direction_mobile":"column","flex_wrap_mobile":"wrap","hide_tablet":"hidden-tablet"},"elements":[{"id":"79cdf7db","settings":{"content_width":"full","flex_gap":{"column":"24","row":"24","isLinked":true,"unit":"px","size":24},"padding":{"unit":"px","top":"0","right":"0","bottom":"0","left":"0","isLinked":false},"css_classes":"fit","width_tablet":{"unit":"%","size":50,"sizes":[]},"width_mobile":{"unit":"%","size":100,"sizes":[]},"hide_tablet":"hidden-tablet","hide_mobile":"hidden-mobile"},"elements":[{"id":"7b38c7cb","settings":{"content_width":"full","title":"Services","title_color":"#222222","typography_typography":"custom","typography_font_family":"Montserrat","typography_font_size":{"unit":"px","size":16,"sizes":[]},"typography_font_weight":"600","typography_line_height":{"unit":"em","size":1.5,"sizes":[]},"_element_width_mobile":"inherit","hide_tablet":"hidden-tablet","hide_mobile":"hidden-mobile"},"elements":[],"isInner":false,"widgetType":"heading","elType":"widget"},{"id":"41486309","settings":{"content_width":"full","icon_list":[{"text":"Web development","selected_icon":{"value":"","library":""},"_id":"7de1081","__dynamic__":{"link":"[elementor-tag id=\"a7128ec\" name=\"internal-url\" settings=\"%7B%22type%22%3A%22post%22%2C%22post_id%22%3A%221490%22%7D\"]"}},{"text":"Webdesign","selected_icon":{"value":"","library":""},"_id":"2d526a7","__dynamic__":{"link":"[elementor-tag id=\"cdad3d5\" name=\"internal-url\" settings=\"%7B%22type%22%3A%22post%22%2C%22post_id%22%3A%221490%22%7D\"]"}},{"text":"Brand strategy","selected_icon":{"value":"","library":""},"_id":"6f17178","__dynamic__":{"link":"[elementor-tag id=\"45cf2c4\" name=\"internal-url\" settings=\"%7B%22type%22%3A%22post%22%2C%22post_id%22%3A%221490%22%7D\"]"}},{"text":"SoMe Paid Ads","selected_icon":{"value":"","library":""},"_id":"d228faa","__dynamic__":{"link":"[elementor-tag id=\"a959227\" name=\"internal-url\" settings=\"%7B%22type%22%3A%22post%22%2C%22post_id%22%3A%221490%22%7D\"]"}}],"space_between":{"unit":"px","size":4,"sizes":[]},"icon_typography_typography":"custom","icon_typography_font_family":"Montserrat","icon_typography_font_size":{"unit":"px","size":16,"sizes":[]},"icon_typography_font_weight":"500","text_color":"#54595F","__globals__":{"text_color":"","text_color_hover":""},"text_color_hover":"#0071E3","hide_mobile":"hidden-mobile"},"elements":[],"isInner":false,"widgetType":"icon-list","elType":"widget"}],"isInner":true,"elType":"container"},{"id":"76d4cb16","settings":{"content_width":"full","flex_gap":{"column":"24","row":"24","isLinked":true,"unit":"px","size":24},"padding":{"unit":"px","top":"0","right":"0","bottom":"0","left":"0","isLinked":false},"css_classes":"fit","width_tablet":{"unit":"%","size":50,"sizes":[]},"width_mobile":{"unit":"%","size":50,"sizes":[]},"hide_tablet":"hidden-tablet","hide_mobile":"hidden-mobile"},"elements":[{"id":"4edfa250","settings":{"content_width":"full","title":"Projects","title_color":"#222222","typography_typography":"custom","typography_font_family":"Montserrat","typography_font_size":{"unit":"px","size":16,"sizes":[]},"typography_font_weight":"600","typography_line_height":{"unit":"em","size":1.5,"sizes":[]}},"elements":[],"isInner":false,"widgetType":"heading","elType":"widget"},{"id":"354a6a31","settings":{"content_width":"full","icon_list":[{"text":"EverDrive<sup>TM<\/sup>","selected_icon":{"value":"","library":""},"_id":"7de1081","__dynamic__":{"link":"[elementor-tag id=\"5243e06\" name=\"internal-url\" settings=\"%7B%22type%22%3A%22post%22%2C%22post_id%22%3A%223196%22%7D\"]"}},{"text":"NomaFood<sup>TM<\/sup>","selected_icon":{"value":"","library":""},"_id":"d60dded","__dynamic__":{"link":"[elementor-tag id=\"f5ac1b9\" name=\"internal-url\" settings=\"%7B%22type%22%3A%22post%22%2C%22post_id%22%3A%223196%22%7D\"]"}},{"text":"GoMore<sup>TM<\/sup>","selected_icon":{"value":"","library":""},"_id":"6f17178","__dynamic__":{"link":"[elementor-tag id=\"60860b4\" name=\"internal-url\" settings=\"%7B%22type%22%3A%22post%22%2C%22post_id%22%3A%223196%22%7D\"]"}},{"text":"NovaDrive<sup>TM<\/sup>","selected_icon":{"value":"","library":""},"_id":"d228faa","__dynamic__":{"link":"[elementor-tag id=\"ef3bbeb\" name=\"internal-url\" settings=\"%7B%22type%22%3A%22post%22%2C%22post_id%22%3A%223196%22%7D\"]"}}],"space_between":{"unit":"px","size":4,"sizes":[]},"icon_typography_typography":"custom","icon_typography_font_family":"Montserrat","icon_typography_font_size":{"unit":"px","size":16,"sizes":[]},"icon_typography_font_weight":"500","text_color":"#222222BF","__globals__":{"text_color":"","text_color_hover":"globals\/colors?id=7dbe488"}},"elements":[],"isInner":false,"widgetType":"icon-list","elType":"widget"}],"isInner":true,"elType":"container"}],"isInner":true,"elType":"container"},{"id":"4b624b1","settings":{"content_width":"full","flex_gap":{"column":"0","row":"0","isLinked":true,"unit":"px","size":0},"margin":{"unit":"px","top":"0","right":"0","bottom":"0","left":"0","isLinked":false},"padding":{"unit":"px","top":"0","right":"0","bottom":"0","left":"0","isLinked":false},"width_tablet":{"unit":"%","size":100,"sizes":[]},"padding_mobile":{"unit":"px","top":"0","right":"20","bottom":"0","left":"20","isLinked":false},"width_mobile":{"unit":"%","size":"","sizes":[]}},"elements":[{"id":"75f37554","settings":{"content_width":"full","title":"Newsletter","title_color":"#222222","typography_typography":"custom","typography_font_family":"Kameron","typography_font_size":{"unit":"px","size":35,"sizes":[]},"typography_font_weight":"600","typography_line_height":{"unit":"em","size":1.5,"sizes":[]},"typography_font_size_tablet_extra":{"unit":"px","size":26,"sizes":[]},"typography_font_size_tablet":{"unit":"px","size":22,"sizes":[]},"_margin_mobile":{"unit":"px","top":"0","right":"0","bottom":"10","left":"0","isLinked":false}},"elements":[],"isInner":false,"widgetType":"heading","elType":"widget"},{"id":"c750618","settings":{"content_width":"full","editor":"<p>Join over 3,400 other marketers and become a better web designer every week.<\/p>","typography_typography":"custom","typography_font_family":"Montserrat","typography_font_size":{"unit":"px","size":16,"sizes":[]},"typography_font_weight":"500","typography_line_height":{"unit":"em","size":1.5,"sizes":[]},"typography_font_size_mobile":{"unit":"px","size":15,"sizes":[]},"__globals__":{"text_color":""},"text_color":"#54595F"},"elements":[],"isInner":false,"widgetType":"text-editor","elType":"widget"},{"id":"675f0f13","settings":{"content_width":"full","form_name":"New Form","form_fields":[{"custom_id":"email","field_type":"email","required":"true","field_label":"Email","placeholder":"Your@email.com","width":"60","_id":"ef18b90","previous_button":"","next_button":"","file_sizes":"","file_types":"","allow_multiple_upload":"","max_files":"","acceptance_text":"","checked_by_default":"","field_min":"","field_max":"","min_date":"","max_date":"","use_native_date":"","use_native_time":""}],"input_size":"md","show_labels":"","button_size":"md","button_width":"40","step_next_label":"Next","step_previous_label":"Previous","button_text":"Sign Up","email_content":"[all-fields]","email_content_2":"[all-fields]","success_message":"Your submission was successful.","error_message":"Your submission failed because of an error.","server_message":"Your submission failed because of a server error.","invalid_message":"Your submission failed because the form is invalid.","required_field_message":"This field is required.","field_typography_typography":"custom","field_typography_font_family":"Montserrat","field_typography_font_size":{"unit":"px","size":16,"sizes":[]},"field_typography_font_weight":"400","field_border_width":{"unit":"px","top":"0","right":"0","bottom":"0","left":"0","isLinked":false},"field_border_radius":{"unit":"px","top":"30","right":"30","bottom":"30","left":"30","isLinked":true},"button_background_color":"#0071E3","button_background_hover_color":"#4C4C4C","button_text_padding":{"unit":"px","top":"0","right":"0","bottom":"0","left":"0","isLinked":false},"_margin":{"unit":"px","top":"24","right":"0","bottom":"48","left":"0","isLinked":false},"button_typography_typography":"custom","button_typography_font_family":"Montserrat","button_typography_font_size":{"unit":"px","size":15,"sizes":[]},"button_typography_font_weight":"500","button_border_radius":{"unit":"px","top":"30","right":"30","bottom":"30","left":"30","isLinked":true},"__globals__":{"button_background_color":""},"selected_button_icon":{"value":"fas fa-arrow-circle-right","library":"fa-solid"},"button_icon_align":"row-reverse","button_icon_indent":{"unit":"px","size":20,"sizes":[]}},"elements":[],"isInner":false,"widgetType":"form","elType":"widget"},{"id":"59bcb762","settings":{"content_width":"full","icon_list":[{"text":"( +123 ) 456 7890","_id":"9c65dcc","selected_icon":{"value":"fas fa-phone-alt","library":"fa-solid"}},{"text":"Northbound@mail.com","selected_icon":{"value":"fas fa-envelope","library":"fa-solid"},"_id":"d8b82e4"},{"text":"440 Copenhagen Street, Any State, ","selected_icon":{"value":"fas fa-map-marker-alt","library":"fa-solid"},"_id":"46ca6a0"}],"_css_classes":"contact_info","space_between":{"unit":"px","size":5,"sizes":[]},"icon_color":"#000000","icon_size":{"unit":"px","size":16,"sizes":[]},"icon_typography_typography":"custom","icon_typography_font_family":"Montserrat","icon_typography_font_size":{"unit":"px","size":16,"sizes":[]},"icon_typography_font_weight":"500","icon_typography_line_height":{"unit":"em","size":1.5,"sizes":[]},"text_color":"#000000","icon_align_mobile":"left","text_color_hover":"#0071E3","__globals__":{"text_color_hover":"","icon_color_hover":"globals\/colors?id=7dbe488","text_color":"","icon_color":""},"icon_align_tablet":"left","icon_color_hover":"#0071E3","hide_tablet":"hidden-tablet","hide_mobile":"hidden-mobile"},"elements":[],"isInner":false,"widgetType":"icon-list","elType":"widget"},{"id":"61cf2962","settings":{"content_width":"full","icon_list":[{"text":"Northbound@mail.com","selected_icon":{"value":"fas fa-envelope","library":"fa-solid"},"_id":"d8b82e4"},{"text":"440 Copenhagen Street, Any State, ","selected_icon":{"value":"fas fa-map-marker-alt","library":"fa-solid"},"_id":"46ca6a0"}],"_css_classes":"contact_info","space_between":{"unit":"px","size":5,"sizes":[]},"icon_color":"#000000","icon_size":{"unit":"px","size":16,"sizes":[]},"icon_typography_typography":"custom","icon_typography_font_family":"Montserrat","icon_typography_font_size":{"unit":"px","size":16,"sizes":[]},"icon_typography_font_weight":"500","icon_typography_line_height":{"unit":"em","size":1.5,"sizes":[]},"text_color":"#000000","icon_align_mobile":"left","text_color_hover":"#0071E3","__globals__":{"text_color_hover":"","icon_color_hover":"globals\/colors?id=7dbe488","text_color":"","icon_color":""},"icon_align_tablet":"left","icon_color_hover":"#0071E3","hide_desktop":"hidden-desktop","_padding_mobile":{"unit":"px","top":"0","right":"0","bottom":"20","left":"0","isLinked":false}},"elements":[],"isInner":false,"widgetType":"icon-list","elType":"widget"}],"isInner":true,"elType":"container"}],"isInner":true,"elType":"container"}],"isInner":true,"elType":"container"}],"isInner":false,"elType":"container"},{"id":"183bc562","settings":{"flex_direction":"row","flex_gap":{"unit":"px","size":0,"column":"0","row":"0","isLinked":true},"content_width":"full","padding":{"unit":"px","top":"10","right":"50","bottom":"010","left":"50","isLinked":false},"padding_mobile":{"unit":"px","top":"0","right":"0","bottom":"75","left":"0","isLinked":false},"background_background":"classic","background_color":"#FBFBFB","__globals__":{"background_color":""}},"elements":[{"id":"23a650fb","settings":{"flex_direction":"column","content_width":"full","width":{"unit":"%","size":"50"}},"elements":[{"id":"3c78cc46","settings":{"content_width":"full","text":"Get Elementor template","link":{"url":"https:\/\/nicolaipalmkvist.lemonsqueezy.com\/buy\/c2732403-0e08-4247-b090-ed7a7b52b702","is_external":"on","nofollow":"","custom_attributes":""},"selected_icon":{"value":"fas fa-arrow-circle-right","library":"fa-solid"},"icon_align":"row-reverse","icon_indent":{"unit":"px","size":13,"sizes":[]},"align":"left","typography_typography":"custom","typography_font_family":"Montserrat","typography_font_size":{"unit":"px","size":14,"sizes":[]},"typography_font_weight":"600","button_text_color":"#FFFFFF","background_background":"gradient","background_color":"#61CE70","background_color_b":"#52ECA5","background_color_b_stop":{"unit":"%","size":54,"sizes":[]},"background_gradient_angle":{"unit":"deg","size":134,"sizes":[]},"hover_color":"#FFFFFF","button_background_hover_color":"#A0FFD3","button_hover_border_color":"#62FFB7","hover_animation":"grow","border_radius":{"unit":"px","top":"30","right":"30","bottom":"30","left":"30","isLinked":true},"_padding":{"unit":"px","top":"0","right":"0","bottom":"017","left":"0","isLinked":false},"_element_width":"inherit","hide_desktop":"hidden-desktop","hide_tablet":"hidden-tablet","hide_mobile":"hidden-mobile"},"elements":[],"isInner":false,"widgetType":"button","elType":"widget"}],"isInner":true,"elType":"container"},{"id":"54fec3d8","settings":{"flex_direction":"column","content_width":"full","width":{"unit":"%","size":"50"}},"elements":[{"id":"4c39147e","settings":{"content_width":"full","text":"Made with \u2665 by Nicolai Palmkvist ","link":{"url":"https:\/\/www.youtube.com\/@nicopalmkvist","is_external":"on","nofollow":"","custom_attributes":""},"icon_align":"row-reverse","icon_indent":{"unit":"px","size":9,"sizes":[]},"align":"right","typography_typography":"custom","typography_font_family":"Montserrat","typography_font_size":{"unit":"px","size":14,"sizes":[]},"typography_font_weight":"600","button_text_color":"#000000","background_color":"#61CE7000","background_color_b":"#52ECA5","background_color_b_stop":{"unit":"%","size":54,"sizes":[]},"background_gradient_angle":{"unit":"deg","size":134,"sizes":[]},"button_background_hover_color":"#A0FFD300","button_hover_border_color":"#62FFB700","hover_animation":"grow","border_radius":{"unit":"px","top":"30","right":"30","bottom":"30","left":"30","isLinked":true},"_padding":{"unit":"px","top":"0","right":"0","bottom":"0","left":"0","isLinked":false},"_element_width":"inherit","__globals__":{"hover_color":"globals\/colors?id=7dbe488"},"align_mobile":"center"},"elements":[],"isInner":false,"widgetType":"button","elType":"widget"}],"isInner":true,"elType":"container"}],"isInner":false,"elType":"container"}],"settings":[],"metadata":[]}