{"content":[{"id":"312db27f","settings":{"boxed_width":{"unit":"px","size":1400,"sizes":[]},"jet_parallax_layout_list":[],"background_color":"#0A080600","margin":{"unit":"px","top":"0","right":"0","bottom":"0","left":"0","isLinked":false},"padding":{"unit":"px","top":"0","right":"0","bottom":"0","left":"0","isLinked":false},"__globals__":{"background_color":""},"sticky":"top","scroll_distance":{"unit":"px","size":1,"sizes":[]},"background":"#E04545","_element_id":"menuhopin","custom_css":"\n.elementor-nav-menu__container{\ntop:0px!important;\n}\n#menuhopin.headershow{\ntransform: translateY(0);\n}\n#menuhopin{\nposition: fixed;\ntop:0;\nwidth: 100%;\n-webkit-transition: transform 0.34s ease;\ntransition : transform 0.34s ease;\ntransform: translateY(-110px); \/*adjust this value to the height of your header*\/\n}\n  \n","padding_mobile":{"unit":"px","top":"0","right":"15","bottom":"0","left":"15","isLinked":false},"margin_tablet":{"unit":"px","top":"0","right":0,"bottom":"0","left":0,"isLinked":false},"margin_mobile":{"unit":"px","top":"0","right":0,"bottom":"0","left":0,"isLinked":false},"padding_tablet":{"unit":"px","top":"20","right":"20","bottom":"20","left":"20","isLinked":true},"hide_mobile":"hidden-mobile","hide_tablet":"hidden-tablet","flex_direction":"row","flex_align_items":"center","flex_gap":{"size":10,"column":"10","row":"10","unit":"px","isLinked":true},"z_index":999,"content_width":"full","_title":"Header main"},"elements":[{"id":"30e38cd3","settings":{"_column_size":100,"width":{"size":null,"unit":"%"},"padding":{"unit":"px","top":"0","right":"50","bottom":"0","left":"0050","isLinked":false},"width_tablet":{"size":100,"unit":"%"},"content_width":"full","flex_justify_content":"center","flex_align_items":"center","margin":{"unit":"px","top":"0","right":"0","bottom":"0","left":"0","isLinked":false}},"elements":[{"id":"85a1ee","settings":{"content_width":"full","jet_parallax_layout_list":[],"structure":"40","background_color":"#FBFBFB","border_radius":{"unit":"px","top":"300","right":"300","bottom":"300","left":"300","isLinked":true},"padding":{"unit":"px","top":"0","right":"0","bottom":"0","left":"0","isLinked":false},"scroll_distance":{"unit":"px","size":20,"sizes":[]},"background":"#401B4D","__globals__":{"background_color":"","background":""},"margin":{"unit":"px","top":"20","right":"0","bottom":"0020","left":"0","isLinked":false},"sticky":"top","background_background":"classic","box_shadow_box_shadow_type":"yes","box_shadow_box_shadow":{"horizontal":0,"vertical":0,"blur":10,"spread":0,"color":"rgba(0, 0, 0, 0.35)"},"margin_mobile":{"unit":"px","top":"0","right":0,"bottom":"0","left":0,"isLinked":false},"padding_mobile":{"unit":"px","top":"10","right":"10","bottom":"10","left":"10","isLinked":true},"flex_direction":"row","flex_align_items":"center","flex_gap":{"size":10,"column":"10","row":"10","unit":"px","isLinked":true},"width":{"unit":"%","size":100,"sizes":[]},"flex_justify_content":"center","_element_id":"glassm","custom_css":"\n  #glassm {\n   background: rgba( 255, 255, 255, 0.01 );\n   box-shadow: 0 8px 32px 0 rgba( 31, 38, 135, 0.37 );\n   backdrop-filter: blur( 25px );\n   -webkit-backdrop-filter: blur( 25px ); \n  }\n\n\nnav a:hover {\n    letter-spacing: 5px;\n    font-weight: 800;\n}\n\n@media only screen and (max-width: 460px) {\n  nav a:hover {\n   transition:all 0.5s ease;\n }\n}"},"elements":[{"id":"13f22243","settings":{"_column_size":25,"width":{"size":23,"unit":"%"},"flex_justify_content":"center","width_mobile":{"size":33,"unit":"%"},"width_tablet":{"size":41,"unit":"%"},"content_width":"full"},"elements":[{"id":"1faf6b3","settings":{"image":{"id":2046,"url":"https:\/\/elementor-template.lifeonablock.com\/wp-content\/uploads\/2024\/10\/Northb-und-1.png","alt":"","source":"library","size":""},"link_to":"custom","width":{"unit":"%","size":80,"sizes":[]},"__dynamic__":{"link":"[elementor-tag id=\"f73cf7a\" name=\"site-url\" settings=\"%7B%7D\"]"},"_margin":{"unit":"px","top":"0","right":"0","bottom":"0","left":"0","isLinked":false},"_element_width":"inherit","align":"left","_element_custom_width":{"unit":"%","size":31.76},"jet_tricks_widget_satellite_image":{"id":512,"url":"http:\/\/looja.dk\/wp-content\/uploads\/2023\/09\/placeholder-54.png"},"width_mobile":{"unit":"%","size":100,"sizes":[]},"align_tablet":"left","align_mobile":"left","width_tablet":{"unit":"%","size":34,"sizes":[]},"_margin_mobile":{"unit":"px","top":"-20","right":"0","bottom":"-12","left":"0","isLinked":false},"content_width":"full"},"elements":[],"isInner":false,"widgetType":"image","elType":"widget"}],"isInner":true,"elType":"container"},{"id":"17b215a9","settings":{"content_width":"full","width":{"unit":"%","size":1,"sizes":[]},"width_tablet":{"unit":"%","size":"","sizes":[]},"width_mobile":{"unit":"%","size":"","sizes":[]},"flex_gap":{"column":"0","row":"0","isLinked":true,"unit":"px","size":0}},"elements":[{"id":"2d229e4b","settings":{"html":"<script>\ndocument.addEventListener('DOMContentLoaded', function() {\n    document.addEventListener('scroll', function() {\n        let y = window.scrollY;\n        let menuhopin = document.getElementById('menuhopin');\n        if (y > 575) { \/* change this value here to make it show up at your desired scroll location. *\/\n            menuhopin.classList.add('headershow');\n        } else {\n            menuhopin.classList.remove('headershow');\n        }\n    });\n});\n<\/script>\n\n\n\n\n","_element_width":"auto","content_width":"full"},"elements":[],"isInner":false,"widgetType":"html","elType":"widget"}],"isInner":true,"elType":"container"},{"id":"69be9fe0","settings":{"_column_size":25,"width":{"size":73,"unit":"%"},"flex_justify_content":"flex-end","padding":{"unit":"px","top":"4","right":"0","bottom":"4","left":"0","isLinked":false},"width_mobile":{"size":3,"unit":"%"},"hide_tablet":"hidden-tablet","hide_mobile":"hidden-mobile","content_width":"full","flex_align_items":"center","flex_direction":"row"},"elements":[{"id":"434a7364","settings":{"align_items":"end","menu_typography_typography":"custom","menu_typography_font_family":"Montserrat","menu_typography_font_size":{"unit":"px","size":16,"sizes":[]},"menu_typography_font_weight":"600","menu_space_between":{"unit":"px","size":13,"sizes":[]},"_margin":{"unit":"px","top":"0","right":"5","bottom":"0","left":"0","isLinked":false},"__globals__":{"color_menu_item":"","pointer_color_menu_item_hover":"","pointer_color_menu_item_active":"","toggle_background_color":"","background_color_dropdown_item_hover":"","background_color_dropdown_item_active":""},"color_menu_item":"#000000","pointer":"background","color_menu_item_hover":"#FFB4FF","padding_horizontal_menu_item":{"unit":"px","size":18,"sizes":[]},"padding_vertical_menu_item":{"unit":"px","size":12,"sizes":[]},"border_radius_menu_item":{"unit":"px","size":30,"sizes":[]},"color_menu_item_active":"#FFFFFF","menu_name":"Menu","content_width":"full","menu_typography_letter_spacing":{"unit":"px","size":0.1,"sizes":[]},"color_menu_item_hover_pointer_bg":"#FFFFFF","pointer_color_menu_item_hover":"#0071E3","pointer_color_menu_item_active":"#0071E3","toggle_color":"#FFFFFF","menu_typography_line_height":{"unit":"px","size":18,"sizes":[]},"color_dropdown_item":"#000000","color_dropdown_item_hover":"#FFFFFF","background_color_dropdown_item_hover":"#0071E3","color_dropdown_item_active":"#FFFFFF","background_color_dropdown_item_active":"#0071E3","dropdown_typography_typography":"custom","dropdown_typography_font_family":"Montserrat","dropdown_typography_font_size":{"unit":"px","size":16,"sizes":[]},"dropdown_typography_font_weight":"500","dropdown_typography_letter_spacing":{"unit":"px","size":0,"sizes":[]},"dropdown_border_radius":{"unit":"px","top":"10","right":"10","bottom":"10","left":"10","isLinked":true},"dropdown_top_distance":{"unit":"px","size":15,"sizes":[]},"toggle_background_color":"#0071E3","full_width":"stretch","toggle_size_tablet":{"unit":"px","size":24,"sizes":[]},"toggle_size_mobile":{"unit":"px","size":26,"sizes":[]},"_margin_mobile":{"unit":"px","top":"0","right":"0","bottom":"0","left":"0","isLinked":false},"_padding_mobile":{"unit":"px","top":"14","right":"0","bottom":"1","left":"0","isLinked":false},"_element_width_tablet":"auto"},"elements":[],"isInner":false,"widgetType":"nav-menu","elType":"widget"},{"id":"233c5402","settings":{"content_width":"full","text":"Contact us","selected_icon":{"value":"fas fa-arrow-right","library":"fa-solid"},"icon_align":"row-reverse","icon_indent":{"unit":"px","size":21,"sizes":[]},"typography_typography":"custom","typography_font_family":"Montserrat","typography_font_weight":"600","button_text_color":"#000000","background_color":"#0071E3","border_radius":{"unit":"px","top":"41","right":"41","bottom":"41","left":"41","isLinked":true},"text_padding":{"unit":"px","top":"5","right":"5","bottom":"5","left":"5","isLinked":true},"__globals__":{"button_text_color":""},"_css_classes":"btn1","_margin":{"unit":"px","top":"0","right":"0","bottom":"0","left":"0","isLinked":false},"background_background":"gradient","background_color_b":"#25409E","background_gradient_angle":{"unit":"deg","size":140,"sizes":[]},"background_color_stop":{"unit":"%","size":42,"sizes":[]},"_element_width":"auto","_element_custom_width":{"unit":"%","size":26,"sizes":[]},"__dynamic__":{"link":"[elementor-tag id=\"7f9b703\" name=\"internal-url\" settings=\"%7B%22type%22%3A%22post%22%2C%22post_id%22%3A978%2C%22taxonomy_id%22%3A%22%22%2C%22attachment_id%22%3A%22%22%2C%22author_id%22%3A%22%22%7D\"]"},"typography_font_size":{"unit":"px","size":15,"sizes":[]},"hover_color":"#000000","button_background_hover_color":"#000000","hide_mobile":"hidden-mobile","align_tablet":"right","typography_font_size_tablet":{"unit":"px","size":14,"sizes":[]},"text_padding_tablet":{"unit":"px","top":"5","right":"5","bottom":"5","left":"5","isLinked":true},"_element_width_tablet":"auto","_element_custom_width_tablet":{"unit":"px","size":25,"sizes":[]}},"elements":[],"isInner":false,"widgetType":"button","elType":"widget"}],"isInner":true,"elType":"container"}],"isInner":true,"elType":"container"}],"isInner":true,"elType":"container"}],"isInner":false,"elType":"container"},{"id":"7afe4671","settings":{"boxed_width":{"unit":"px","size":1300,"sizes":[]},"jet_parallax_layout_list":[],"background_color":"#9913C900","margin":{"unit":"px","top":"0","right":0,"bottom":"0","left":0,"isLinked":false},"padding":{"unit":"px","top":"10","right":"0","bottom":"0","left":"0","isLinked":false},"__globals__":{"background_color":""},"scroll_distance":{"unit":"px","size":1,"sizes":[]},"background":"#E04545","padding_mobile":{"unit":"px","top":"0","right":"20","bottom":"0","left":"20","isLinked":false},"background_background":"classic","margin_tablet":{"unit":"px","top":"0","right":"0","bottom":"-160","left":"0","isLinked":false},"margin_mobile":{"unit":"px","top":"0","right":"0","bottom":"-220","left":"0","isLinked":false},"padding_tablet":{"unit":"px","top":"20","right":"20","bottom":"20","left":"20","isLinked":true},"hide_desktop":"hidden-desktop","z_index_mobile":9999999,"sticky_offset_mobile":20,"flex_direction":"row","flex_align_items":"stretch","flex_gap":{"size":10,"column":"10","row":"10","unit":"px","isLinked":true},"overflow":"hidden","_title":"Mobile & Tablet","sticky_effects_offset_mobile":20,"z_index_tablet":999},"elements":[{"id":"37ec404a","settings":{"_column_size":100,"width":{"size":null,"unit":"%"},"padding":{"unit":"px","top":"0","right":"0","bottom":"0","left":"0","isLinked":false},"content_width":"full","min_height_mobile":{"unit":"px","size":50,"sizes":[]},"margin_mobile":{"unit":"px","top":"0","right":"0","bottom":"0","left":"0","isLinked":false},"padding_mobile":{"unit":"px","top":"15","right":"0","bottom":"0","left":"0","isLinked":false},"z_index_mobile":9999,"sticky":"top","sticky_offset_mobile":0,"sticky_effects_offset_mobile":0,"animation_mobile":"none","background_color":"#E9E9E9"},"elements":[{"id":"269155e8","settings":{"content_width":"full","jet_parallax_layout_list":[],"structure":"20","background_color":"#0071E3","border_radius":{"unit":"px","top":"20","right":"20","bottom":"20","left":"20","isLinked":true},"padding":{"unit":"px","top":"10","right":"10","bottom":"10","left":"10","isLinked":true},"scroll_distance":{"unit":"px","size":20,"sizes":[]},"background":"#401B4D","__globals__":{"background_color":"","background":""},"margin":{"unit":"px","top":"010","right":0,"bottom":"020","left":0,"isLinked":false},"background_background":"gradient","box_shadow_box_shadow_type":"yes","box_shadow_box_shadow":{"horizontal":0,"vertical":0,"blur":10,"spread":0,"color":"rgba(0, 0, 0, 0.35)"},"margin_mobile":{"unit":"px","top":"0","right":0,"bottom":"0","left":0,"isLinked":false},"padding_mobile":{"unit":"px","top":"8","right":"1","bottom":"8","left":"1","isLinked":false},"flex_direction":"row","flex_align_items":"stretch","flex_gap":{"size":10,"column":"10","row":"10","unit":"px","isLinked":true},"background_color_stop_mobile":{"unit":"%","size":33},"background_color_b":"#25409E","background_color_b_stop_mobile":{"unit":"%","size":100},"background_gradient_angle_mobile":{"unit":"deg","size":156},"border_radius_mobile":{"unit":"px","top":"20","right":"20","bottom":"20","left":"20","isLinked":true},"z_index_mobile":9999,"css_classes":"header-mobil"},"elements":[{"id":"4b4facd1","settings":{"_column_size":50,"width":{"size":null,"unit":"%"},"flex_justify_content":"center","width_mobile":{"size":77,"unit":"%"},"width_tablet":{"size":58,"unit":"%"},"flex_justify_content_mobile":"center","align_mobile":"flex-end","content_width":"full","flex_direction_mobile":"row","flex_align_items_mobile":"center","flex_gap_mobile":{"column":"0","row":"0","isLinked":true,"unit":"px","size":0},"margin_mobile":{"unit":"px","top":"0","right":"0","bottom":"0","left":"2","isLinked":false}},"elements":[{"id":"6fb2c17","settings":{"image":{"id":176,"url":"https:\/\/elementor-template.lifeonablock.com\/wp-content\/uploads\/2024\/09\/Northb-und-2-1.png","alt":"","source":"library","size":""},"link_to":"custom","width":{"unit":"%","size":100,"sizes":[]},"__dynamic__":{"link":"[elementor-tag id=\"8e70b1b\" name=\"site-url\" settings=\"%7B%7D\"]"},"_margin":{"unit":"px","top":"-12","right":"0","bottom":"-12","left":"0","isLinked":false},"_element_width":"auto","align":"center","_element_custom_width":{"unit":"%","size":31.76},"jet_tricks_widget_satellite_image":{"id":512,"url":"http:\/\/looja.dk\/wp-content\/uploads\/2023\/09\/placeholder-54.png"},"width_mobile":{"unit":"%","size":120,"sizes":[]},"align_tablet":"left","align_mobile":"left","width_tablet":{"unit":"%","size":100,"sizes":[]},"_margin_mobile":{"unit":"px","top":"0","right":"0","bottom":"0","left":"5","isLinked":false},"content_width":"full","image_size":"full","_element_width_mobile":"inherit","_z_index_mobile":9999},"elements":[],"isInner":false,"widgetType":"image","elType":"widget"}],"isInner":true,"elType":"container"},{"id":"4aaac2fa","settings":{"_column_size":50,"width":{"size":null,"unit":"%"},"flex_justify_content":"center","width_mobile":{"size":16,"unit":"%"},"width_tablet":{"size":58,"unit":"%"},"flex_justify_content_mobile":"center","align_mobile":"flex-end","content_width":"full","flex_direction_mobile":"row","flex_align_items_mobile":"center","flex_gap_mobile":{"column":"0","row":"0","isLinked":true,"unit":"px","size":0}},"elements":[{"id":"20c0b425","settings":{"menu":"mobile-menu","menu_typography_typography":"custom","menu_typography_font_family":"Montserrat","menu_typography_font_size":{"unit":"px","size":16,"sizes":[]},"menu_typography_font_weight":"600","menu_space_between":{"unit":"px","size":13,"sizes":[]},"_margin":{"unit":"px","top":"0","right":"0","bottom":"0","left":"0","isLinked":false},"__globals__":{"color_menu_item":"","pointer_color_menu_item_hover":"","pointer_color_menu_item_active":"","toggle_background_color":"","background_color_dropdown_item_hover":"","background_color_dropdown_item_active":"","toggle_color":"","toggle_color_hover":""},"color_menu_item":"#FFFFFF","pointer":"background","color_menu_item_hover":"#FFB4FF","padding_horizontal_menu_item":{"unit":"px","size":17,"sizes":[]},"padding_vertical_menu_item":{"unit":"px","size":13,"sizes":[]},"border_radius_menu_item":{"unit":"px","size":30,"sizes":[]},"color_menu_item_active":"#FFFFFF","menu_name":"Menu","content_width":"full","menu_typography_letter_spacing":{"unit":"px","size":0.1,"sizes":[]},"color_menu_item_hover_pointer_bg":"#FFFFFF","pointer_color_menu_item_hover":"#0071E3","pointer_color_menu_item_active":"#0071E3","menu_typography_line_height":{"unit":"px","size":14,"sizes":[]},"color_dropdown_item":"#000000","color_dropdown_item_hover":"#FFFFFF","background_color_dropdown_item_hover":"#0071E3","color_dropdown_item_active":"#FFFFFF","background_color_dropdown_item_active":"#0071E3","dropdown_typography_typography":"custom","dropdown_typography_font_family":"Montserrat","dropdown_typography_font_size":{"unit":"px","size":16,"sizes":[]},"dropdown_typography_font_weight":"500","dropdown_typography_letter_spacing":{"unit":"px","size":0,"sizes":[]},"dropdown_border_radius":{"unit":"px","top":"10","right":"10","bottom":"10","left":"10","isLinked":true},"dropdown_top_distance":{"unit":"px","size":15,"sizes":[]},"toggle_background_color":"#FFFFFF","_margin_mobile":{"unit":"px","top":"0","right":"0","bottom":"0","left":"0","isLinked":false},"_element_width_mobile":"inherit","full_width":"stretch","toggle_color":"#0071E3","toggle_color_hover":"#0071E3","toggle_background_color_hover":"#FFFFFF","_z_index_mobile":99,"toggle_align":"right","padding_horizontal_menu_item_mobile":{"unit":"px","size":21,"sizes":[]},"padding_vertical_menu_item_mobile":{"unit":"px","size":14,"sizes":[]},"menu_space_between_mobile":{"unit":"px","size":22,"sizes":[]},"padding_vertical_dropdown_item_tablet":{"unit":"px","size":13,"sizes":[]},"padding_vertical_dropdown_item_mobile":{"unit":"px","size":13,"sizes":[]},"dropdown_top_distance_tablet":{"unit":"px","size":64,"sizes":[]},"dropdown_top_distance_mobile":{"unit":"px","size":37,"sizes":[]},"menu_id":7},"elements":[],"isInner":false,"widgetType":"nav-menu","elType":"widget"}],"isInner":true,"elType":"container"}],"isInner":true,"elType":"container"}],"isInner":true,"elType":"container"}],"isInner":false,"elType":"container"},{"id":"7b7a48a3","settings":{"flex_direction":"column","hide_desktop":"hidden-desktop","hide_tablet":"hidden-tablet","hide_mobile":"hidden-mobile"},"elements":[{"id":"375beeb8","settings":{"title":"Can't edit header? See FAQ on download page <u>here<\/u>","link":{"url":"https:\/\/nicolaipalmkvist.com\/15-northbound-template\/","is_external":"on","nofollow":"","custom_attributes":""},"align":"center","typography_typography":"custom","typography_font_family":"DM Sans","typography_font_weight":"600","title_color":"#FF5B5B"},"elements":[],"isInner":false,"widgetType":"heading","elType":"widget"}],"isInner":false,"elType":"container"}],"settings":{"custom_css":".elementor-920 .elementor-element.elementor-element-1c8ef3f:not(.elementor-motion-effects-element-type-background), .elementor-920 .elementor-element.elementor-element-1c8ef3f > .elementor-motion-effects-container > .elementor-motion-effects-layer {Background-color: #0071e3 !important; }"},"metadata":[]}