{"content":[{"id":"f1b3b22","settings":{"flex_direction":"column","boxed_width_tablet":{"unit":"vw","size":"","sizes":[]},"boxed_width_mobile":{"unit":"vw","size":"","sizes":[]},"min_height":{"unit":"vh","size":100,"sizes":[]},"min_height_tablet":{"unit":"vh","size":"","sizes":[]},"min_height_mobile":{"unit":"vh","size":"","sizes":[]},"background_background":"classic","background_image":{"id":174,"url":"https:\/\/playground.nicolaipalmkvist.com\/wp-content\/uploads\/2024\/12\/Background-1.svg"},"background_position":"center center","background_size":"cover","padding_mobile":{"unit":"px","top":"020","right":"20","bottom":"0","left":"20","isLinked":false},"background_video_fallback":{"url":"","id":"","size":""},"background_slideshow_gallery":[],"background_hover_image":{"url":"","id":"","size":""},"background_hover_video_fallback":{"url":"","id":"","size":""},"background_hover_slideshow_gallery":[],"background_overlay_image":{"url":"","id":"","size":""},"background_overlay_video_fallback":{"url":"","id":"","size":""},"background_overlay_slideshow_gallery":[],"background_overlay_hover_image":{"url":"","id":"","size":""},"background_overlay_hover_video_fallback":{"url":"","id":"","size":""},"background_overlay_hover_slideshow_gallery":[],"jet_parallax_layout_list":[]},"elements":[{"id":"226e2c45","settings":{"content_width":"full","margin_mobile":{"unit":"px","top":"0","right":"0","bottom":"0","left":"0","isLinked":false},"padding":{"unit":"px","top":"0","right":"0","bottom":"0","left":"0","isLinked":false},"background_image":{"url":"","id":"","size":""},"background_video_fallback":{"url":"","id":"","size":""},"background_slideshow_gallery":[],"background_hover_image":{"url":"","id":"","size":""},"background_hover_video_fallback":{"url":"","id":"","size":""},"background_hover_slideshow_gallery":[],"background_overlay_image":{"url":"","id":"","size":""},"background_overlay_video_fallback":{"url":"","id":"","size":""},"background_overlay_slideshow_gallery":[],"background_overlay_hover_image":{"url":"","id":"","size":""},"background_overlay_hover_video_fallback":{"url":"","id":"","size":""},"background_overlay_hover_slideshow_gallery":[],"jet_parallax_layout_list":[]},"elements":[{"id":"2a8096a7","settings":{"min_height":{"unit":"px","size":0,"sizes":[]},"flex_direction":"row","flex_justify_content":"center","flex_align_items":"center","flex_gap":{"column":"5","row":"5","isLinked":true,"unit":"px","size":5},"jet_parallax_layout_list":[],"jedv_conditions":[{"_id":"0a06239","jedv_condition":"","jedv_user_role":"","jedv_user_id":"","jedv_field":"","jedv_value":"","jedv_context":"default","fields_list":"","user_context":"current_user","value_is-profile-page":"","query_id":"","terms_taxonomy":"","time_from":"","time_to":"","week_days":[],"item_number":"","each_item_number":"","jedv_data_type":"chars"}],"margin":{"unit":"px","top":"0","right":"0","bottom":"0","left":"0","isLinked":false},"padding":{"unit":"px","top":"20","right":"0","bottom":"20","left":"0","isLinked":false},"content_width":"full","jedv_enabled":"","jedv_type":"show","jedv_relation":"AND","section_jet_tricks_particles":"false","section_jet_tricks_particles_json":"","jet_tricks_column_sticky":"false","jet_tricks_top_spacing":50,"jet_tricks_bottom_spacing":50,"jet_tricks_sticky_align":"","jet_tricks_sticky_align_tablet":"","jet_tricks_sticky_align_mobile":"","jet_tricks_column_sticky_on":["desktop","tablet"],"z_index":99,"background_image":{"url":"","id":"","size":""},"background_video_fallback":{"url":"","id":"","size":""},"background_slideshow_gallery":[],"background_hover_image":{"url":"","id":"","size":""},"background_hover_video_fallback":{"url":"","id":"","size":""},"background_hover_slideshow_gallery":[],"background_overlay_image":{"url":"","id":"","size":""},"background_overlay_video_fallback":{"url":"","id":"","size":""},"background_overlay_slideshow_gallery":[],"background_overlay_hover_image":{"url":"","id":"","size":""},"background_overlay_hover_video_fallback":{"url":"","id":"","size":""},"background_overlay_hover_slideshow_gallery":[]},"elements":[{"id":"193c2401","settings":{"title":"Don't have an account?","typography_typography":"custom","typography_font_family":"DM Sans","typography_font_size":{"unit":"px","size":18,"sizes":[]},"typography_font_weight":"600","jedv_conditions":[{"_id":"63a1b44","jedv_condition":"","jedv_user_role":"","jedv_user_id":"","jedv_field":"","jedv_value":"","jedv_context":"default","fields_list":"","user_context":"current_user","value_is-profile-page":"","query_id":"","terms_taxonomy":"","time_from":"","time_to":"","week_days":[],"item_number":"","each_item_number":"","jedv_data_type":"chars"}],"align":"center","_element_width":"auto","typography_font_size_mobile":{"unit":"px","size":14,"sizes":[]},"__globals__":{"title_color":""},"title_color":"#000000","jet_family_widget_is_order_orientaion":"false","jet_family_widget_order_orientaion":"","jet_family_widget_order_orientaion_tablet":"","jet_family_widget_order_orientaion_mobile":"","jet_family_widget_is_flex_basis":"false","jet_family_widget_flex_basis":{"unit":"px","size":0,"sizes":[]},"jet_family_widget_flex_basis_tablet":{"unit":"px","size":"","sizes":[]},"jet_family_widget_flex_basis_mobile":{"unit":"px","size":"","sizes":[]},"jedv_enabled":"","jedv_type":"show","jedv_relation":"AND","jet_tricks_widget_parallax":"false","jet_tricks_widget_parallax_speed":{"unit":"%","size":50,"sizes":[]},"jet_tricks_widget_parallax_invert":"false","jet_tricks_widget_parallax_on":["desktop","tablet"],"jet_tricks_widget_satellite":"false","jet_tricks_widget_satellite_type":"text","jet_tricks_widget_satellite_text":"","selected_jet_tricks_widget_satellite_icon":{"value":"fas fa-plus","library":"fa-solid"},"jet_tricks_widget_satellite_image":{"url":"https:\/\/app.sendproposal.dk\/wp-content\/plugins\/elementor\/assets\/images\/placeholder.png","id":"","size":""},"jet_tricks_widget_satellite_position":"top-center","jet_tricks_widget_satellite_x_offset":{"unit":"px","size":0,"sizes":[]},"jet_tricks_widget_satellite_x_offset_tablet":{"unit":"px","size":"","sizes":[]},"jet_tricks_widget_satellite_x_offset_mobile":{"unit":"px","size":"","sizes":[]},"jet_tricks_widget_satellite_y_offset":{"unit":"px","size":0,"sizes":[]},"jet_tricks_widget_satellite_y_offset_tablet":{"unit":"px","size":"","sizes":[]},"jet_tricks_widget_satellite_y_offset_mobile":{"unit":"px","size":"","sizes":[]},"jet_tricks_widget_satellite_rotate":{"unit":"deg","size":0,"sizes":[]},"jet_tricks_widget_satellite_rotate_tablet":{"unit":"px","size":"","sizes":[]},"jet_tricks_widget_satellite_rotate_mobile":{"unit":"px","size":"","sizes":[]},"jet_tricks_widget_satellite_z":2,"jet_tricks_widget_satellite_z_tablet":"","jet_tricks_widget_satellite_z_mobile":"","jet_tricks_widget_satellite_text_color":"","jet_tricks_widget_satellite_text_typography_typography":"","jet_tricks_widget_satellite_text_typography_font_family":"","jet_tricks_widget_satellite_text_typography_font_size":{"unit":"px","size":"","sizes":[]},"jet_tricks_widget_satellite_text_typography_font_size_tablet":{"unit":"px","size":"","sizes":[]},"jet_tricks_widget_satellite_text_typography_font_size_mobile":{"unit":"px","size":"","sizes":[]},"jet_tricks_widget_satellite_text_typography_font_weight":"","jet_tricks_widget_satellite_text_typography_text_transform":"","jet_tricks_widget_satellite_text_typography_font_style":"","jet_tricks_widget_satellite_text_typography_text_decoration":"","jet_tricks_widget_satellite_text_typography_line_height":{"unit":"px","size":"","sizes":[]},"jet_tricks_widget_satellite_text_typography_line_height_tablet":{"unit":"em","size":"","sizes":[]},"jet_tricks_widget_satellite_text_typography_line_height_mobile":{"unit":"em","size":"","sizes":[]},"jet_tricks_widget_satellite_text_typography_letter_spacing":{"unit":"px","size":"","sizes":[]},"jet_tricks_widget_satellite_text_typography_letter_spacing_tablet":{"unit":"px","size":"","sizes":[]},"jet_tricks_widget_satellite_text_typography_letter_spacing_mobile":{"unit":"px","size":"","sizes":[]},"jet_tricks_widget_satellite_text_typography_word_spacing":{"unit":"px","size":"","sizes":[]},"jet_tricks_widget_satellite_text_typography_word_spacing_tablet":{"unit":"em","size":"","sizes":[]},"jet_tricks_widget_satellite_text_typography_word_spacing_mobile":{"unit":"em","size":"","sizes":[]},"jet_tricks_widget_satellite_text_shadow_text_shadow_type":"","jet_tricks_widget_satellite_text_shadow_text_shadow":{"horizontal":0,"vertical":0,"blur":10,"color":"rgba(0,0,0,0.3)"},"jet_tricks_widget_satellite_image_width":200,"jet_tricks_widget_satellite_image_width_tablet":"","jet_tricks_widget_satellite_image_width_mobile":"","jet_tricks_widget_satellite_image_height":200,"jet_tricks_widget_satellite_image_height_tablet":"","jet_tricks_widget_satellite_image_height_mobile":"","jet_tricks_widget_satellite_icon_box_popover_toggle":"","jet_tricks_widget_satellite_icon_box_background":"","jet_tricks_widget_satellite_icon_box_color":"","jet_tricks_widget_satellite_icon_box_color_stop":{"unit":"%","size":0,"sizes":[]},"jet_tricks_widget_satellite_icon_box_color_b":"#f2295b","jet_tricks_widget_satellite_icon_box_color_b_stop":{"unit":"%","size":100,"sizes":[]},"jet_tricks_widget_satellite_icon_box_gradient_type":"linear","jet_tricks_widget_satellite_icon_box_gradient_angle":{"unit":"deg","size":180,"sizes":[]},"jet_tricks_widget_satellite_icon_box_gradient_position":"center center","jet_tricks_widget_satellite_icon_box_box_font_color":"","jet_tricks_widget_satellite_icon_box_box_font_size":{"unit":"px","size":"","sizes":[]},"jet_tricks_widget_satellite_icon_box_box_font_size_tablet":{"unit":"px","size":"","sizes":[]},"jet_tricks_widget_satellite_icon_box_box_font_size_mobile":{"unit":"px","size":"","sizes":[]},"jet_tricks_widget_satellite_icon_box_box_size":{"unit":"px","size":"","sizes":[]},"jet_tricks_widget_satellite_icon_box_box_size_tablet":{"unit":"px","size":"","sizes":[]},"jet_tricks_widget_satellite_icon_box_box_size_mobile":{"unit":"px","size":"","sizes":[]},"jet_tricks_widget_satellite_icon_box_box_border":"","jet_tricks_widget_satellite_icon_box_box_border_width":{"unit":"px","top":"","right":"","bottom":"","left":"","isLinked":true},"jet_tricks_widget_satellite_icon_box_box_border_color":"","jet_tricks_widget_satellite_icon_box_box_border_radius":{"unit":"px","top":"","right":"","bottom":"","left":"","isLinked":true},"jet_tricks_widget_satellite_icon_box_allow_box_shadow":"","jet_tricks_widget_satellite_icon_box_box_shadow":{"horizontal":0,"vertical":0,"blur":10,"spread":0,"color":"rgba(0,0,0,0.5)"},"jet_tricks_widget_satellite_icon_box_box_shadow_position":" ","jet_tricks_widget_satellite_css_filters_css_filter":"","jet_tricks_widget_satellite_css_filters_blur":{"unit":"px","size":0,"sizes":[]},"jet_tricks_widget_satellite_css_filters_brightness":{"unit":"px","size":100,"sizes":[]},"jet_tricks_widget_satellite_css_filters_contrast":{"unit":"px","size":100,"sizes":[]},"jet_tricks_widget_satellite_css_filters_saturate":{"unit":"px","size":100,"sizes":[]},"jet_tricks_widget_satellite_css_filters_hue":{"unit":"px","size":0,"sizes":[]},"jet_tricks_widget_tooltip":"false","jet_tricks_widget_tooltip_description":"This is Tooltip!","jet_tricks_widget_tooltip_placement":"top","jet_tricks_widget_tooltip_arrow":"true","jet_tricks_widget_tooltip_animation":"fade","jet_tricks_widget_tooltip_trigger":"mouseenter","jet_tricks_widget_tooltip_delay":{"unit":"px","size":0,"sizes":[]},"jet_tricks_widget_tooltip_x_offset":0,"jet_tricks_widget_tooltip_y_offset":0,"jet_tricks_widget_tooltip_z_index":999,"jet_tricks_widget_tooltip_custom_selector":"","jet_tricks_widget_tooltip_width":{"unit":"px","size":"","sizes":[]},"jet_tricks_widget_tooltip_width_tablet":{"unit":"px","size":"","sizes":[]},"jet_tricks_widget_tooltip_width_mobile":{"unit":"px","size":"","sizes":[]},"jet_tricks_widget_tooltip_typography_typography":"","jet_tricks_widget_tooltip_typography_font_family":"","jet_tricks_widget_tooltip_typography_font_size":{"unit":"px","size":"","sizes":[]},"jet_tricks_widget_tooltip_typography_font_size_tablet":{"unit":"px","size":"","sizes":[]},"jet_tricks_widget_tooltip_typography_font_size_mobile":{"unit":"px","size":"","sizes":[]},"jet_tricks_widget_tooltip_typography_font_weight":"","jet_tricks_widget_tooltip_typography_text_transform":"","jet_tricks_widget_tooltip_typography_font_style":"","jet_tricks_widget_tooltip_typography_text_decoration":"","jet_tricks_widget_tooltip_typography_line_height":{"unit":"px","size":"","sizes":[]},"jet_tricks_widget_tooltip_typography_line_height_tablet":{"unit":"em","size":"","sizes":[]},"jet_tricks_widget_tooltip_typography_line_height_mobile":{"unit":"em","size":"","sizes":[]},"jet_tricks_widget_tooltip_typography_letter_spacing":{"unit":"px","size":"","sizes":[]},"jet_tricks_widget_tooltip_typography_letter_spacing_tablet":{"unit":"px","size":"","sizes":[]},"jet_tricks_widget_tooltip_typography_letter_spacing_mobile":{"unit":"px","size":"","sizes":[]},"jet_tricks_widget_tooltip_typography_word_spacing":{"unit":"px","size":"","sizes":[]},"jet_tricks_widget_tooltip_typography_word_spacing_tablet":{"unit":"em","size":"","sizes":[]},"jet_tricks_widget_tooltip_typography_word_spacing_mobile":{"unit":"em","size":"","sizes":[]},"jet_tricks_widget_tooltip_color":"","jet_tricks_widget_tooltip_text_align":"center","jet_tricks_widget_tooltip_background_background":"","jet_tricks_widget_tooltip_background_color":"","jet_tricks_widget_tooltip_background_color_stop":{"unit":"%","size":0,"sizes":[]},"jet_tricks_widget_tooltip_background_color_stop_tablet":{"unit":"%"},"jet_tricks_widget_tooltip_background_color_stop_mobile":{"unit":"%"},"jet_tricks_widget_tooltip_background_color_b":"#f2295b","jet_tricks_widget_tooltip_background_color_b_stop":{"unit":"%","size":100,"sizes":[]},"jet_tricks_widget_tooltip_background_color_b_stop_tablet":{"unit":"%"},"jet_tricks_widget_tooltip_background_color_b_stop_mobile":{"unit":"%"},"jet_tricks_widget_tooltip_background_gradient_type":"linear","jet_tricks_widget_tooltip_background_gradient_angle":{"unit":"deg","size":180,"sizes":[]},"jet_tricks_widget_tooltip_background_gradient_angle_tablet":{"unit":"deg"},"jet_tricks_widget_tooltip_background_gradient_angle_mobile":{"unit":"deg"},"jet_tricks_widget_tooltip_background_gradient_position":"center center","jet_tricks_widget_tooltip_background_gradient_position_tablet":"","jet_tricks_widget_tooltip_background_gradient_position_mobile":"","jet_tricks_widget_tooltip_background_image":{"url":"","id":"","size":""},"jet_tricks_widget_tooltip_background_image_tablet":{"url":"","id":"","size":""},"jet_tricks_widget_tooltip_background_image_mobile":{"url":"","id":"","size":""},"jet_tricks_widget_tooltip_background_position":"","jet_tricks_widget_tooltip_background_position_tablet":"","jet_tricks_widget_tooltip_background_position_mobile":"","jet_tricks_widget_tooltip_background_xpos":{"unit":"px","size":0,"sizes":[]},"jet_tricks_widget_tooltip_background_xpos_tablet":{"unit":"px","size":0,"sizes":[]},"jet_tricks_widget_tooltip_background_xpos_mobile":{"unit":"px","size":0,"sizes":[]},"jet_tricks_widget_tooltip_background_ypos":{"unit":"px","size":0,"sizes":[]},"jet_tricks_widget_tooltip_background_ypos_tablet":{"unit":"px","size":0,"sizes":[]},"jet_tricks_widget_tooltip_background_ypos_mobile":{"unit":"px","size":0,"sizes":[]},"jet_tricks_widget_tooltip_background_attachment":"","jet_tricks_widget_tooltip_background_repeat":"","jet_tricks_widget_tooltip_background_repeat_tablet":"","jet_tricks_widget_tooltip_background_repeat_mobile":"","jet_tricks_widget_tooltip_background_size":"","jet_tricks_widget_tooltip_background_size_tablet":"","jet_tricks_widget_tooltip_background_size_mobile":"","jet_tricks_widget_tooltip_background_bg_width":{"unit":"%","size":100,"sizes":[]},"jet_tricks_widget_tooltip_background_bg_width_tablet":{"unit":"px","size":"","sizes":[]},"jet_tricks_widget_tooltip_background_bg_width_mobile":{"unit":"px","size":"","sizes":[]},"jet_tricks_widget_tooltip_background_video_link":"","jet_tricks_widget_tooltip_background_video_start":"","jet_tricks_widget_tooltip_background_video_end":"","jet_tricks_widget_tooltip_background_play_once":"","jet_tricks_widget_tooltip_background_play_on_mobile":"","jet_tricks_widget_tooltip_background_privacy_mode":"","jet_tricks_widget_tooltip_background_video_fallback":{"url":"","id":"","size":""},"jet_tricks_widget_tooltip_background_slideshow_gallery":[],"jet_tricks_widget_tooltip_background_slideshow_loop":"yes","jet_tricks_widget_tooltip_background_slideshow_slide_duration":5000,"jet_tricks_widget_tooltip_background_slideshow_slide_transition":"fade","jet_tricks_widget_tooltip_background_slideshow_transition_duration":500,"jet_tricks_widget_tooltip_background_slideshow_background_size":"","jet_tricks_widget_tooltip_background_slideshow_background_size_tablet":"","jet_tricks_widget_tooltip_background_slideshow_background_size_mobile":"","jet_tricks_widget_tooltip_background_slideshow_background_position":"","jet_tricks_widget_tooltip_background_slideshow_background_position_tablet":"","jet_tricks_widget_tooltip_background_slideshow_background_position_mobile":"","jet_tricks_widget_tooltip_background_slideshow_lazyload":"","jet_tricks_widget_tooltip_background_slideshow_ken_burns":"","jet_tricks_widget_tooltip_background_slideshow_ken_burns_zoom_direction":"in","jet_tricks_widget_tooltip_arrow_color":"","jet_tricks_widget_tooltip_padding":{"unit":"px","top":"","right":"","bottom":"","left":"","isLinked":true},"jet_tricks_widget_tooltip_padding_tablet":{"unit":"px","top":"","right":"","bottom":"","left":"","isLinked":true},"jet_tricks_widget_tooltip_padding_mobile":{"unit":"px","top":"","right":"","bottom":"","left":"","isLinked":true},"jet_tricks_widget_tooltip_border_border":"","jet_tricks_widget_tooltip_border_width":{"unit":"px","top":"","right":"","bottom":"","left":"","isLinked":true},"jet_tricks_widget_tooltip_border_width_tablet":{"unit":"px","top":"","right":"","bottom":"","left":"","isLinked":true},"jet_tricks_widget_tooltip_border_width_mobile":{"unit":"px","top":"","right":"","bottom":"","left":"","isLinked":true},"jet_tricks_widget_tooltip_border_color":"","jet_tricks_widget_tooltip_border_radius":{"unit":"px","top":"","right":"","bottom":"","left":"","isLinked":true},"jet_tricks_widget_tooltip_border_radius_tablet":{"unit":"px","top":"","right":"","bottom":"","left":"","isLinked":true},"jet_tricks_widget_tooltip_border_radius_mobile":{"unit":"px","top":"","right":"","bottom":"","left":"","isLinked":true},"jet_tricks_widget_tooltip_box_shadow_box_shadow_type":"","jet_tricks_widget_tooltip_box_shadow_box_shadow":{"horizontal":0,"vertical":0,"blur":10,"spread":0,"color":"rgba(0,0,0,0.5)"},"jet_tricks_widget_tooltip_box_shadow_box_shadow_position":" ","jet_attached_popup":"","jet_trigger_type":"click-self","jet_trigger_custom_selector":"","jet_engine_dynamic_popup":"","jet_sm_skin":"","_margin":{"unit":"px","top":"0","right":"15","bottom":"0","left":"0","isLinked":false},"_margin_mobile":{"unit":"px","top":"0","right":"0","bottom":"0","left":"0","isLinked":false},"_background_image":{"url":"","id":"","size":""},"_background_video_fallback":{"url":"","id":"","size":""},"_background_slideshow_gallery":[],"_background_hover_image":{"url":"","id":"","size":""},"_background_hover_video_fallback":{"url":"","id":"","size":""},"_background_hover_slideshow_gallery":[],"_mask_image":{"url":"","id":"","size":""}},"elements":[],"isInner":false,"widgetType":"heading","elType":"widget"},{"id":"5a644c7f","settings":{"content_width":"full","text":"Become a member","link":{"url":"","is_external":"on","nofollow":"","custom_attributes":""},"align":"justify","typography_typography":"custom","typography_font_family":"DM Sans","typography_font_weight":"500","background_background":"gradient","button_background_hover_color":"#16DF88","__globals__":{"button_background_hover_color":"","hover_color":"","border_color":"","background_color":"globals\/colors?id=680ae17","button_text_color":"","button_hover_border_color":"","background_color_b":"globals\/colors?id=2d86dc4"},"icon_align":"row-reverse","icon_indent":{"size":11,"unit":"px","sizes":[]},"typography_font_size":{"size":16,"unit":"px","sizes":[]},"typography_font_size_tablet":{"size":16,"unit":"px","sizes":[]},"typography_font_size_mobile":{"size":16,"unit":"px","sizes":[]},"typography_line_height":{"size":"150%","unit":"custom","sizes":[]},"typography_line_height_tablet":{"size":"150%","unit":"custom","sizes":[]},"typography_line_height_mobile":{"size":"150%","unit":"custom","sizes":[]},"button_text_color":"#FFFFFF","background_color_b_stop":{"unit":"%","size":80,"sizes":[]},"background_gradient_angle":{"unit":"deg","size":140,"sizes":[]},"hover_color":"#FFFFFF","button_background_hover_background":"gradient","button_background_hover_color_b":"#1BAF6F","button_background_hover_gradient_angle":{"unit":"deg","size":214,"sizes":[]},"button_hover_border_color":"#063AE3","border_border":"none","border_width":{"top":"1","left":"1","unit":"px","right":"1","bottom":"1","isLinked":true},"border_width_tablet":{"top":"1","left":"1","unit":"px","right":"1","bottom":"1","isLinked":true},"border_width_mobile":{"top":"1","left":"1","unit":"px","right":"1","bottom":"1","isLinked":true},"border_color":"#98A2B3","border_radius":{"top":"8","left":"8","unit":"px","right":"8","bottom":"8","isLinked":true},"border_radius_tablet":{"top":"8","left":"8","unit":"px","right":"8","bottom":"8","isLinked":true},"border_radius_mobile":{"top":"8","left":"8","unit":"px","right":"8","bottom":"8","isLinked":true},"text_padding":{"top":"10","left":"18","unit":"px","right":"18","bottom":"10","isLinked":false},"text_padding_tablet":{"top":"10","left":"18","unit":"px","right":"18","bottom":"10","isLinked":false},"text_padding_mobile":{"top":"10","left":"18","unit":"px","right":"18","bottom":"10","isLinked":false},"_margin":{"top":"0","left":"0","unit":"px","right":"0","bottom":"0","isLinked":false},"_padding":{"top":"0","left":"0","unit":"px","right":"0","bottom":"0","isLinked":false},"_offset_orientation_v":"end","__dynamic__":{"link":"[elementor-tag id=\"fb8a88c\" name=\"internal-url\" settings=\"%7B%22type%22%3A%22post%22%2C%22post_id%22%3A%22282%22%7D\"]"},"selected_icon":{"value":"","library":""},"background_video_fallback":{"url":"","id":"","size":""},"background_slideshow_gallery":[],"button_background_hover_video_fallback":{"url":"","id":"","size":""},"button_background_hover_slideshow_gallery":[],"_background_image":{"url":"","id":"","size":""},"_background_video_fallback":{"url":"","id":"","size":""},"_background_slideshow_gallery":[],"_background_hover_image":{"url":"","id":"","size":""},"_background_hover_video_fallback":{"url":"","id":"","size":""},"_background_hover_slideshow_gallery":[],"_mask_image":{"url":"","id":"","size":""}},"elements":[],"isInner":false,"widgetType":"button","elType":"widget"}],"isInner":true,"elType":"container"}],"isInner":true,"elType":"container"},{"id":"2f2e4983","settings":{"content_width":"full","margin_mobile":{"unit":"px","top":"-14","right":"0","bottom":"0","left":"0","isLinked":false},"padding":{"unit":"px","top":"0","right":"0","bottom":"0","left":"0","isLinked":false},"background_image":{"url":"","id":"","size":""},"background_video_fallback":{"url":"","id":"","size":""},"background_slideshow_gallery":[],"background_hover_image":{"url":"","id":"","size":""},"background_hover_video_fallback":{"url":"","id":"","size":""},"background_hover_slideshow_gallery":[],"background_overlay_image":{"url":"","id":"","size":""},"background_overlay_video_fallback":{"url":"","id":"","size":""},"background_overlay_slideshow_gallery":[],"background_overlay_hover_image":{"url":"","id":"","size":""},"background_overlay_hover_video_fallback":{"url":"","id":"","size":""},"background_overlay_hover_slideshow_gallery":[],"jet_parallax_layout_list":[]},"elements":[{"id":"70a22085","settings":{"content_width":"full","image":{"id":173,"url":"https:\/\/playground.nicolaipalmkvist.com\/wp-content\/uploads\/2024\/12\/Profilbillede-3-1.png"},"title_text":"Welcome back, champ","description_text":"","text_align":"center","image_space":{"unit":"px","size":0,"sizes":[]},"image_size":{"unit":"%","size":7,"sizes":[]},"title_color":"#000000","title_typography_typography":"custom","title_typography_font_family":"DM Sans","title_typography_font_size":{"unit":"px","size":20,"sizes":[]},"title_typography_font_weight":"600","description_color":"#54595F","description_typography_typography":"custom","description_typography_font_family":"DM Sans","description_typography_font_weight":"400","_element_custom_width":{"unit":"%","size":47,"sizes":[]},"__globals__":{"description_color":""},"image_size_mobile":{"unit":"%","size":21,"sizes":[]},"_margin":{"unit":"px","top":"0","right":"0","bottom":"0","left":"0","isLinked":false},"_padding":{"unit":"px","top":"0","right":"0","bottom":"0","left":"0","isLinked":false},"_background_image":{"url":"","id":"","size":""},"_background_video_fallback":{"url":"","id":"","size":""},"_background_slideshow_gallery":[],"_background_hover_image":{"url":"","id":"","size":""},"_background_hover_video_fallback":{"url":"","id":"","size":""},"_background_hover_slideshow_gallery":[],"_mask_image":{"url":"","id":"","size":""}},"elements":[],"isInner":false,"widgetType":"image-box","elType":"widget"}],"isInner":true,"elType":"container"},{"id":"4c961eca","settings":{"content_width":"full","flex_align_items":"center","flex_align_items_mobile":"center","flex_gap_mobile":{"column":"0","row":"0","isLinked":true,"unit":"px","size":0},"margin_mobile":{"unit":"px","top":"0","right":"0","bottom":"0","left":"0","isLinked":false},"padding_tablet":{"unit":"px","top":"0","right":"0","bottom":"0","left":"0","isLinked":false},"padding_mobile":{"unit":"px","top":"0","right":"0","bottom":"0","left":"0","isLinked":false},"background_image":{"url":"","id":"","size":""},"background_video_fallback":{"url":"","id":"","size":""},"background_slideshow_gallery":[],"background_hover_image":{"url":"","id":"","size":""},"background_hover_video_fallback":{"url":"","id":"","size":""},"background_hover_slideshow_gallery":[],"background_overlay_image":{"url":"","id":"","size":""},"background_overlay_video_fallback":{"url":"","id":"","size":""},"background_overlay_slideshow_gallery":[],"background_overlay_hover_image":{"url":"","id":"","size":""},"background_overlay_hover_video_fallback":{"url":"","id":"","size":""},"background_overlay_hover_slideshow_gallery":[],"jet_parallax_layout_list":[]},"elements":[{"id":"33262dde","settings":{"flex_direction":"column","content_width":"full","width":{"unit":"%","size":40},"flex_gap":{"column":"0","row":"0","isLinked":true,"unit":"px","size":0},"background_color":"#FBF9FB","border_border":"none","border_width":{"unit":"px","top":"1","right":"1","bottom":"1","left":"1","isLinked":true},"border_color":"#FFFFFF","border_radius":{"unit":"px","top":"0","right":"0","bottom":"0","left":"0","isLinked":false},"padding":{"unit":"px","top":"0","right":"0","bottom":"0","left":"0","isLinked":false},"jedv_conditions":[{"_id":"ea2ef70"}],"jet_parallax_layout_list":[],"margin":{"unit":"px","top":"0","right":"0","bottom":"0","left":"0","isLinked":false},"flex_justify_content":"flex-start","flex_align_items":"center","background_color_b":"#EEE4F7","background_gradient_type":"radial","background_gradient_angle":{"unit":"deg","size":65,"sizes":[]},"background_gradient_position":"top center","margin_mobile":{"unit":"px","top":"0","right":"15","bottom":"0","left":"0","isLinked":false},"width_tablet":{"unit":"%","size":"","sizes":[]},"width_mobile":{"unit":"%","size":"","sizes":[]},"boxed_width":{"unit":"px","size":540,"sizes":[]},"boxed_width_tablet":{"unit":"%","size":"","sizes":[]},"boxed_width_mobile":{"unit":"%","size":"","sizes":[]},"_title":"Log ind kolonne","padding_mobile":{"unit":"px","top":"0","right":"0","bottom":"0","left":"0","isLinked":false},"background_image":{"url":"","id":"","size":""},"background_video_fallback":{"url":"","id":"","size":""},"background_slideshow_gallery":[],"background_hover_image":{"url":"","id":"","size":""},"background_hover_video_fallback":{"url":"","id":"","size":""},"background_hover_slideshow_gallery":[],"background_overlay_image":{"url":"","id":"","size":""},"background_overlay_video_fallback":{"url":"","id":"","size":""},"background_overlay_slideshow_gallery":[],"background_overlay_hover_image":{"url":"","id":"","size":""},"background_overlay_hover_video_fallback":{"url":"","id":"","size":""},"background_overlay_hover_slideshow_gallery":[]},"elements":[{"id":"622c09ba","settings":{"background_background":"classic","background_color":"#FCFCFC40","border_border":"solid","border_width":{"unit":"px","top":"1","right":"1","bottom":"1","left":"1","isLinked":true},"border_color":"#FFFFFF","border_radius":{"unit":"px","top":"30","right":"30","bottom":"30","left":"30","isLinked":true},"box_shadow_box_shadow_type":"yes","box_shadow_box_shadow":{"horizontal":0,"vertical":20,"blur":40,"spread":0,"color":"rgba(41.999999999999986, 58.99999999999994, 129, 0.1)"},"margin":{"unit":"px","top":"0","right":"0","bottom":"0","left":"0","isLinked":false},"padding":{"unit":"px","top":"10","right":"10","bottom":"10","left":"10","isLinked":true},"jet_parallax_layout_list":[],"jedv_conditions":[{"_id":"1b18048"}],"background_image":{"url":"","id":"","size":""},"background_video_fallback":{"url":"","id":"","size":""},"background_slideshow_gallery":[],"background_hover_image":{"url":"","id":"","size":""},"background_hover_video_fallback":{"url":"","id":"","size":""},"background_hover_slideshow_gallery":[],"background_overlay_image":{"url":"","id":"","size":""},"background_overlay_video_fallback":{"url":"","id":"","size":""},"background_overlay_slideshow_gallery":[],"background_overlay_hover_image":{"url":"","id":"","size":""},"background_overlay_hover_video_fallback":{"url":"","id":"","size":""},"background_overlay_hover_slideshow_gallery":[]},"elements":[{"id":"4546bdb1","settings":{"flex_align_items":"center","flex_gap":{"column":"0","row":"0","isLinked":true,"unit":"px","size":0},"margin":{"unit":"px","top":"0","right":"0","bottom":"0","left":"0","isLinked":false},"padding":{"unit":"px","top":"0","right":"0","bottom":"0","left":"0","isLinked":false},"jet_parallax_layout_list":[],"jedv_conditions":[{"_id":"1e720c0"}],"margin_mobile":{"unit":"px","top":"0","right":"0","bottom":"0","left":"0","isLinked":false},"content_width":"full","width":{"unit":"%","size":100},"boxed_width":{"unit":"px","size":540,"sizes":[]},"boxed_width_tablet":{"unit":"%","size":"","sizes":[]},"boxed_width_mobile":{"unit":"%","size":"","sizes":[]},"flex_direction":"column","flex_justify_content":"flex-start","overflow":"hidden","background_color":"#FCFCFC40","background_color_b":"#EEE4F7","background_gradient_type":"radial","background_gradient_angle":{"unit":"deg","size":65,"sizes":[]},"background_gradient_position":"top center","border_border":"solid","border_width":{"unit":"px","top":"1","right":"1","bottom":"1","left":"1","isLinked":true},"border_color":"#FFFFFF","border_radius":{"unit":"px","top":"20","right":"20","bottom":"20","left":"20","isLinked":true},"background_background":"classic","box_shadow_box_shadow_type":"yes","box_shadow_box_shadow":{"horizontal":0,"vertical":20,"blur":40,"spread":0,"color":"rgba(41.999999999999986, 58.99999999999994, 129, 0.1)"},"background_image":{"url":"","id":"","size":""},"background_video_fallback":{"url":"","id":"","size":""},"background_slideshow_gallery":[],"background_hover_image":{"url":"","id":"","size":""},"background_hover_video_fallback":{"url":"","id":"","size":""},"background_hover_slideshow_gallery":[],"background_overlay_image":{"url":"","id":"","size":""},"background_overlay_video_fallback":{"url":"","id":"","size":""},"background_overlay_slideshow_gallery":[],"background_overlay_hover_image":{"url":"","id":"","size":""},"background_overlay_hover_video_fallback":{"url":"","id":"","size":""},"background_overlay_hover_slideshow_gallery":[]},"elements":[{"id":"5456449a","settings":{"flex_align_items":"center","flex_gap":{"column":"10","row":"10","isLinked":true,"unit":"px","size":10},"padding":{"unit":"px","top":"20","right":"20","bottom":"20","left":"20","isLinked":true},"jet_parallax_layout_list":[],"jedv_conditions":[{"_id":"745181c"}],"background_image":{"url":"","id":"","size":""},"background_video_fallback":{"url":"","id":"","size":""},"background_slideshow_gallery":[],"background_hover_image":{"url":"","id":"","size":""},"background_hover_video_fallback":{"url":"","id":"","size":""},"background_hover_slideshow_gallery":[],"background_overlay_image":{"url":"","id":"","size":""},"background_overlay_video_fallback":{"url":"","id":"","size":""},"background_overlay_slideshow_gallery":[],"background_overlay_hover_image":{"url":"","id":"","size":""},"background_overlay_hover_video_fallback":{"url":"","id":"","size":""},"background_overlay_hover_slideshow_gallery":[]},"elements":[{"id":"176020df","settings":{"title":"Sign in","typography_typography":"custom","typography_font_family":"DM Sans","typography_font_size":{"unit":"px","size":35,"sizes":[]},"typography_font_weight":"700","jedv_conditions":[{"_id":"63a1b44"}],"typography_font_size_mobile":{"unit":"px","size":25,"sizes":[]},"__globals__":{"title_color":""},"typography_line_height":{"unit":"em","size":1,"sizes":[]},"align":"center","title_color":"#000000","_background_image":{"url":"","id":"","size":""},"_background_video_fallback":{"url":"","id":"","size":""},"_background_slideshow_gallery":[],"_background_hover_image":{"url":"","id":"","size":""},"_background_hover_video_fallback":{"url":"","id":"","size":""},"_background_hover_slideshow_gallery":[],"_mask_image":{"url":"","id":"","size":""}},"elements":[],"isInner":false,"widgetType":"heading","elType":"widget"},{"id":"6829c12e","settings":{"content_width":"full","button_text":"Log In","redirect_after_login":"yes","user_label":"Email Address","user_placeholder":"Yourmail@mail.com","password_label":"Password","password_placeholder":"*********","__dynamic__":{"redirect_url":"[elementor-tag id=\"a6fa5ac\" name=\"site-url\" settings=\"%7B%7D\"]"},"custom_labels":"yes","label_color":"#000000","label_typography_typography":"custom","label_typography_font_family":"DM Sans","label_typography_font_weight":"400","field_typography_typography":"custom","field_typography_font_family":"DM Sans","field_typography_font_weight":"400","button_text_color":"#FFFFFF","button_typography_typography":"custom","button_typography_font_family":"DM Sans","button_typography_font_weight":"500","button_background_color":"#0071E3","button_hover_color":"#FFFFFF","button_background_hover_color":"#2A3B80","message_typography_typography":"custom","message_typography_font_family":"DM Sans","message_typography_font_weight":"400","align_mobile":"center","label_spacing":{"unit":"px","size":6,"sizes":[]},"label_typography_font_size":{"unit":"px","size":16,"sizes":[]},"field_text_color":"#7A7A7A","button_typography_font_size":{"unit":"px","size":16,"sizes":[]},"button_background_background":"gradient","button_background_color_b":"#25409E","button_background_gradient_angle":{"unit":"deg","size":140,"sizes":[]},"button_border_radius":{"unit":"px","top":"8","right":"8","bottom":"8","left":"8","isLinked":true},"__globals__":{"button_background_color":"","button_background_color_b":"","links_hover_color":""},"links_color":"#7A7A7A","links_hover_color":"#2F7FFE","message_color":"#7A7A7A","button_background_video_fallback":{"url":"","id":"","size":""},"button_background_slideshow_gallery":[],"button_background_hover_video_fallback":{"url":"","id":"","size":""},"button_background_hover_slideshow_gallery":[],"_background_image":{"url":"","id":"","size":""},"_background_video_fallback":{"url":"","id":"","size":""},"_background_slideshow_gallery":[],"_background_hover_image":{"url":"","id":"","size":""},"_background_hover_video_fallback":{"url":"","id":"","size":""},"_background_hover_slideshow_gallery":[],"_mask_image":{"url":"","id":"","size":""}},"elements":[],"isInner":false,"widgetType":"login","elType":"widget"}],"isInner":true,"elType":"container"},{"id":"161c392","settings":{"background_background":"classic","background_color":"#FCFCFC40","margin":{"unit":"px","top":"0","right":"0","bottom":"0","left":"0","isLinked":false},"padding":{"unit":"px","top":"0","right":"0","bottom":"0","left":"0","isLinked":false},"css_classes":"box_shadow_column","jet_parallax_layout_list":[],"jedv_conditions":[{"_id":"781ea8e"}],"flex_align_items":"center","border_border":"solid","border_width":{"unit":"px","top":"1","right":"0","bottom":"0","left":"0","isLinked":false},"border_color":"#FFFFFF","content_width":"full","flex_justify_content":"center","border_radius":{"unit":"px","top":"0","right":"0","bottom":"0","left":"0","isLinked":false},"background_image":{"url":"","id":"","size":""},"background_video_fallback":{"url":"","id":"","size":""},"background_slideshow_gallery":[],"background_hover_image":{"url":"","id":"","size":""},"background_hover_video_fallback":{"url":"","id":"","size":""},"background_hover_slideshow_gallery":[],"background_overlay_image":{"url":"","id":"","size":""},"background_overlay_video_fallback":{"url":"","id":"","size":""},"background_overlay_slideshow_gallery":[],"background_overlay_hover_image":{"url":"","id":"","size":""},"background_overlay_hover_video_fallback":{"url":"","id":"","size":""},"background_overlay_hover_slideshow_gallery":[]},"elements":[{"id":"7234bfea","settings":{"text":"Forgot password?","align":"justify","typography_typography":"custom","typography_font_family":"DM Sans","typography_font_size":{"unit":"px","size":14,"sizes":[]},"typography_font_weight":"500","background_color":"#61CE7000","button_background_hover_color":"#FFFFFF","_element_width":"inherit","jedv_conditions":[{"_id":"da40212"}],"typography_font_size_mobile":{"unit":"px","size":12,"sizes":[]},"__globals__":{"hover_color":"","button_text_color":""},"typography_line_height":{"unit":"em","size":1,"sizes":[]},"border_radius":{"unit":"px","top":"0","right":"0","bottom":"0","left":"0","isLinked":false},"__dynamic__":{"link":"[elementor-tag id=\"b437b48\" name=\"internal-url\" settings=\"%7B%22type%22%3A%22post%22%2C%22post_id%22%3A%22197%22%7D\"]"},"link":{"url":"","is_external":"","nofollow":"","custom_attributes":""},"button_text_color":"#000000","hide_desktop":"hidden-desktop","hide_tablet":"hidden-tablet","hide_mobile":"hidden-mobile","selected_icon":{"value":"","library":""},"background_video_fallback":{"url":"","id":"","size":""},"background_slideshow_gallery":[],"button_background_hover_video_fallback":{"url":"","id":"","size":""},"button_background_hover_slideshow_gallery":[],"_background_image":{"url":"","id":"","size":""},"_background_video_fallback":{"url":"","id":"","size":""},"_background_slideshow_gallery":[],"_background_hover_image":{"url":"","id":"","size":""},"_background_hover_video_fallback":{"url":"","id":"","size":""},"_background_hover_slideshow_gallery":[],"_mask_image":{"url":"","id":"","size":""}},"elements":[],"isInner":false,"widgetType":"button","elType":"widget"}],"isInner":true,"elType":"container"}],"isInner":true,"elType":"container"}],"isInner":true,"elType":"container"}],"isInner":true,"elType":"container"},{"id":"11ce19e8","settings":{"content_width":"full","text":"Go back","link":{"url":"","is_external":"on","nofollow":"","custom_attributes":""},"align":"justify","typography_typography":"custom","typography_font_family":"DM Sans","typography_font_weight":"500","background_background":"gradient","selected_icon":{"value":"fas fa-long-arrow-alt-left","library":"fa-solid"},"icon_indent":{"size":11,"unit":"px","sizes":[]},"__dynamic__":{"link":"[elementor-tag id=\"3d0093c\" name=\"site-url\" settings=\"%7B%7D\"]"},"typography_font_size":{"size":16,"unit":"px","sizes":[]},"typography_font_size_tablet":{"size":16,"unit":"px","sizes":[]},"typography_font_size_mobile":{"size":16,"unit":"px","sizes":[]},"typography_line_height":{"size":"150%","unit":"custom","sizes":[]},"typography_line_height_tablet":{"size":"150%","unit":"custom","sizes":[]},"typography_line_height_mobile":{"size":"150%","unit":"custom","sizes":[]},"button_text_color":"#FFFFFF","background_color_b_stop":{"unit":"%","size":80,"sizes":[]},"background_gradient_angle":{"unit":"deg","size":140,"sizes":[]},"hover_color":"#FFFFFF","button_background_hover_background":"gradient","button_background_hover_color":"#16DF88","button_background_hover_color_b":"#1BAF6F","button_background_hover_gradient_angle":{"unit":"deg","size":214,"sizes":[]},"button_hover_border_color":"#063AE3","border_border":"none","border_width":{"top":"1","left":"1","unit":"px","right":"1","bottom":"1","isLinked":true},"border_width_tablet":{"top":"1","left":"1","unit":"px","right":"1","bottom":"1","isLinked":true},"border_width_mobile":{"top":"1","left":"1","unit":"px","right":"1","bottom":"1","isLinked":true},"border_color":"#98A2B3","border_radius":{"top":"8","left":"8","unit":"px","right":"8","bottom":"8","isLinked":true},"border_radius_tablet":{"top":"8","left":"8","unit":"px","right":"8","bottom":"8","isLinked":true},"border_radius_mobile":{"top":"8","left":"8","unit":"px","right":"8","bottom":"8","isLinked":true},"text_padding":{"top":"10","left":"18","unit":"px","right":"18","bottom":"10","isLinked":false},"text_padding_tablet":{"top":"10","left":"18","unit":"px","right":"18","bottom":"10","isLinked":false},"text_padding_mobile":{"top":"10","left":"18","unit":"px","right":"18","bottom":"10","isLinked":false},"_margin":{"top":"0","left":"0","unit":"px","right":"0","bottom":"0","isLinked":false},"_padding":{"top":"0","left":"0","unit":"px","right":"0","bottom":"0","isLinked":false},"_padding_mobile":{"unit":"px","top":"030","right":"0","bottom":"0","left":"0","isLinked":false},"_offset_orientation_v":"end","_z_index":999,"__globals__":{"button_background_hover_color":"","hover_color":"","border_color":"","background_color":"globals\/colors?id=680ae17","button_text_color":"","button_hover_border_color":"","background_color_b":"globals\/colors?id=2d86dc4"},"e_display_conditions":["[[{\"condition\":\"login_status\",\"comparator\":\"is\",\"status\":\"logged_out\"}]]"],"background_video_fallback":{"url":"","id":"","size":""},"background_slideshow_gallery":[],"button_background_hover_video_fallback":{"url":"","id":"","size":""},"button_background_hover_slideshow_gallery":[],"_background_image":{"url":"","id":"","size":""},"_background_video_fallback":{"url":"","id":"","size":""},"_background_slideshow_gallery":[],"_background_hover_image":{"url":"","id":"","size":""},"_background_hover_video_fallback":{"url":"","id":"","size":""},"_background_hover_slideshow_gallery":[],"_mask_image":{"url":"","id":"","size":""}},"elements":[],"isInner":false,"widgetType":"button","elType":"widget"},{"id":"49ef6dc8","settings":{"content_width":"full","text":"Go to templates","link":{"url":"","is_external":"on","nofollow":"","custom_attributes":""},"align":"justify","typography_typography":"custom","typography_font_family":"DM Sans","typography_font_weight":"500","background_background":"gradient","selected_icon":{"value":"lnr lnr-arrow-right","library":"skb_cife-linearicons-icon"},"icon_indent":{"size":11,"unit":"px","sizes":[]},"__dynamic__":{"link":"[elementor-tag id=\"3d0093c\" name=\"site-url\" settings=\"%7B%7D\"]"},"typography_font_size":{"size":16,"unit":"px","sizes":[]},"typography_font_size_tablet":{"size":16,"unit":"px","sizes":[]},"typography_font_size_mobile":{"size":16,"unit":"px","sizes":[]},"typography_line_height":{"size":"150%","unit":"custom","sizes":[]},"typography_line_height_tablet":{"size":"150%","unit":"custom","sizes":[]},"typography_line_height_mobile":{"size":"150%","unit":"custom","sizes":[]},"button_text_color":"#FFFFFF","background_color_b_stop":{"unit":"%","size":80,"sizes":[]},"background_gradient_angle":{"unit":"deg","size":140,"sizes":[]},"hover_color":"#FFFFFF","button_background_hover_background":"gradient","button_background_hover_color":"#16DF88","button_background_hover_color_b":"#1BAF6F","button_background_hover_gradient_angle":{"unit":"deg","size":214,"sizes":[]},"button_hover_border_color":"#063AE3","border_border":"none","border_width":{"top":"1","left":"1","unit":"px","right":"1","bottom":"1","isLinked":true},"border_width_tablet":{"top":"1","left":"1","unit":"px","right":"1","bottom":"1","isLinked":true},"border_width_mobile":{"top":"1","left":"1","unit":"px","right":"1","bottom":"1","isLinked":true},"border_color":"#98A2B3","border_radius":{"top":"8","left":"8","unit":"px","right":"8","bottom":"8","isLinked":true},"border_radius_tablet":{"top":"8","left":"8","unit":"px","right":"8","bottom":"8","isLinked":true},"border_radius_mobile":{"top":"8","left":"8","unit":"px","right":"8","bottom":"8","isLinked":true},"text_padding":{"top":"10","left":"18","unit":"px","right":"18","bottom":"10","isLinked":false},"text_padding_tablet":{"top":"10","left":"18","unit":"px","right":"18","bottom":"10","isLinked":false},"text_padding_mobile":{"top":"10","left":"18","unit":"px","right":"18","bottom":"10","isLinked":false},"_margin":{"top":"0","left":"0","unit":"px","right":"0","bottom":"0","isLinked":false},"_padding":{"top":"0","left":"0","unit":"px","right":"0","bottom":"0","isLinked":false},"_padding_mobile":{"unit":"px","top":"030","right":"0","bottom":"0","left":"0","isLinked":false},"_offset_orientation_v":"end","_z_index":999,"__globals__":{"button_background_hover_color":"","hover_color":"","border_color":"","background_color":"globals\/colors?id=680ae17","button_text_color":"","button_hover_border_color":"","background_color_b":"globals\/colors?id=2d86dc4"},"icon_align":"row-reverse","e_display_conditions":["[[{\"condition\":\"login_status\",\"comparator\":\"is\",\"status\":\"logged_in\"}]]"],"background_video_fallback":{"url":"","id":"","size":""},"background_slideshow_gallery":[],"button_background_hover_video_fallback":{"url":"","id":"","size":""},"button_background_hover_slideshow_gallery":[],"_background_image":{"url":"","id":"","size":""},"_background_video_fallback":{"url":"","id":"","size":""},"_background_slideshow_gallery":[],"_background_hover_image":{"url":"","id":"","size":""},"_background_hover_video_fallback":{"url":"","id":"","size":""},"_background_hover_slideshow_gallery":[],"_mask_image":{"url":"","id":"","size":""}},"elements":[],"isInner":false,"widgetType":"button","elType":"widget"}],"isInner":true,"elType":"container"}],"isInner":false,"elType":"container"}],"settings":{"hide_title":"yes","background_image":{"url":"","id":"","size":""},"background_video_fallback":{"url":"","id":"","size":""},"background_slideshow_gallery":[]},"metadata":[]}