{"content":[{"id":"424c2125","settings":{"boxed_width":{"unit":"px","size":1200,"sizes":[]},"background_background":"classic","background_overlay_position":"center center","background_overlay_size":"cover","background_overlay_opacity":{"unit":"px","size":0.49,"sizes":[]},"padding":{"unit":"px","top":"80","right":"10","bottom":"080","left":"10","isLinked":false},"__globals__":{"background_color":"","background_overlay_color":"globals\/colors?id=text"},"background_overlay_image_tablet":{"url":"http:\/\/askproject.net\/wryter\/wp-content\/uploads\/sites\/36\/2021\/10\/bg_8.png","id":819,"alt":"","source":"library"},"background_overlay_image_mobile":{"url":"http:\/\/askproject.net\/floristy\/wp-content\/uploads\/sites\/35\/2021\/10\/bg_7.png","id":497,"alt":"","source":"library"},"padding_tablet":{"unit":"px","top":"40","right":"30","bottom":"0","left":"30","isLinked":false},"padding_mobile":{"unit":"px","top":"50","right":"30","bottom":"0","left":"30","isLinked":false},"background_image":{"url":"","id":"","size":"","alt":"","source":"library"},"background_image_tablet":{"url":"","id":"","alt":"","source":"library"},"background_position":"center center","background_size":"cover","eael_parallax_layers_list":[],"eael_cl_logics":[{"_id":"21dae90"}],"jet_parallax_layout_list":[],"jedv_conditions":[{"_id":"c3cbf99"}],"background_color_stop":{"unit":"%","size":11,"sizes":[]},"background_color_b":"#2A3B81","background_gradient_angle":{"unit":"deg","size":204,"sizes":[]},"background_overlay_color":"#7A7A7A","flex_direction":"row","flex_align_items":"stretch","flex_gap":{"size":10,"column":"10","row":"10","unit":"px","isLinked":true},"shape_divider_bottom":"mountains","shape_divider_bottom_color":"#1D2A61","shape_divider_bottom_height":{"unit":"px","size":30,"sizes":[]},"_title":"Footer","background_color":"#2B3B80"},"elements":[{"id":"45dd1f03","settings":{"width":{"unit":"px","size":1200,"sizes":[]},"structure":"30","margin":{"unit":"px","top":"0","right":0,"bottom":"0","left":0,"isLinked":false},"margin_tablet":{"unit":"px","top":"0","right":0,"bottom":"40","left":0,"isLinked":false},"margin_mobile":{"unit":"px","top":"0","right":0,"bottom":"50","left":0,"isLinked":false},"eael_parallax_layers_list":[],"eael_cl_logics":[{"_id":"1b69393"}],"jet_parallax_layout_list":[],"jedv_conditions":[{"_id":"a752673"}],"flex_direction":"row","flex_align_items":"stretch","flex_gap":{"size":10,"column":"10","row":"10","unit":"px","isLinked":true},"content_width":"full","padding":{"unit":"px","top":"0","right":"0","bottom":"0","left":"0","isLinked":false}},"elements":[{"id":"2b3d8a5","settings":{"_column_size":33,"width":{"size":"calc(100% \/ 3)","unit":"custom"},"width_tablet":{"size":50,"unit":"%"},"margin":{"unit":"px","top":"0","right":"50","bottom":"0","left":"0","isLinked":false},"margin_mobile":{"unit":"px","top":"0","right":"0","bottom":"20","left":"0","isLinked":false},"padding":{"unit":"px","top":"0","right":"0","bottom":"0","left":"0","isLinked":false},"margin_tablet":{"unit":"px","top":"0","right":"0","bottom":"30","left":"0","isLinked":false},"eael_cl_logics":[{"_id":"2d6237b"}],"flex_justify_content":"flex-start","jedv_conditions":[{"_id":"576f50b"}],"content_width":"full","width_mobile":{"unit":"%","size":"","sizes":[]},"flex_gap":{"column":"0","row":"0","isLinked":true,"unit":"px","size":0},"jet_parallax_layout_list":[]},"elements":[{"id":"14375604","settings":{"image":{"id":"76","url":"https:\/\/playground.nicolaipalmkvist.com\/wp-content\/uploads\/2024\/12\/Group-510.svg"},"align":"left","width":{"unit":"px","size":300,"sizes":[]},"width_tablet":{"unit":"px","size":"","sizes":[]},"width_mobile":{"unit":"px","size":150,"sizes":[]},"align_mobile":"center"},"elements":[],"isInner":false,"widgetType":"image","elType":"widget"},{"id":"c3dd6a7","settings":{"icon_list":[{"text":"<span style=\"font-weight: 600; line-height: 3em;\">Address<\/span>","selected_icon":{"value":"","library":""},"_id":"296987f"},{"text":"3588 Quincy Street","selected_icon":{"value":"","library":""},"_id":"616f577"},{"text":"Warminster","selected_icon":{"value":"","library":""},"_id":"b9d627e"},{"text":"Pennsylvania","selected_icon":{"value":"","library":""},"_id":"93397a9"},{"text":"18974","selected_icon":{"value":"","library":""},"_id":"55fd054"}],"text_color":"#FFFFFF","eael_tooltip_section_content":"I am a tooltip","eael_ext_content_protection_password_placeholder":"Enter Password","eael_ext_content_protection_password_submit_btn_txt":"Submit","eael_ext_content_protection_password_incorrect_message":"Password does not match.","eael_cl_logics":[{"_id":"b90ebee"}],"space_between":{"unit":"px","size":0,"sizes":[]},"icon_align_mobile":"center","jedv_conditions":[{"_id":"e1db3a0"}],"jet_tricks_widget_satellite_image":{"id":461,"url":"http:\/\/zrmweb.wireframe.dk\/wp-content\/uploads\/2023\/10\/placeholder-12.png"},"icon_typography_typography":"custom","icon_typography_font_family":"Montserrat","icon_typography_font_size":{"unit":"px","size":14,"sizes":[]},"icon_typography_font_weight":"400","_margin":{"unit":"px","top":"20","right":"0","bottom":"0","left":"0","isLinked":false},"space_between_mobile":{"unit":"px","size":0,"sizes":[]},"icon_typography_font_size_mobile":{"unit":"px","size":12,"sizes":[]}},"elements":[],"isInner":false,"widgetType":"icon-list","elType":"widget"},{"id":"43e3795","settings":{"editor":"<p>Need help? You can contact us at: <a rel=\"noopener\">kontakt@sendproposal.dk<\/a><\/p>","text_color":"#FCFCFC","typography_typography":"custom","typography_font_family":"Montserrat","typography_font_size":{"unit":"px","size":14,"sizes":[]},"typography_font_weight":"400","typography_line_height":{"unit":"em","size":1.5,"sizes":[]},"_margin":{"unit":"px","top":"20","right":"0","bottom":"0","left":"0","isLinked":false},"align_mobile":"center","typography_font_size_mobile":{"unit":"px","size":12,"sizes":[]}},"elements":[],"isInner":false,"widgetType":"text-editor","elType":"widget"}],"isInner":true,"elType":"container"},{"id":"42380391","settings":{"_column_size":33,"width":{"size":"calc(100% \/ 3)","unit":"custom"},"width_tablet":{"size":50,"unit":"%"},"margin_mobile":{"unit":"px","top":"0","right":"0","bottom":"20","left":"0","isLinked":false},"padding":{"unit":"px","top":"0","right":"20","bottom":"0","left":"0","isLinked":false},"eael_cl_logics":[{"_id":"83e1e46"}],"margin":{"unit":"px","top":"0","right":"20","bottom":"0","left":"0","isLinked":false},"padding_mobile":{"unit":"px","top":"0","right":"0","bottom":"0","left":"0","isLinked":true},"jedv_conditions":[{"_id":"0470052"}],"content_width":"full","width_mobile":{"unit":"%","size":"","sizes":[]},"flex_gap":{"column":"0","row":"0","isLinked":true,"unit":"px","size":0},"jet_parallax_layout_list":[]},"elements":[{"id":"6f79f13b","settings":{"title":"Sitemap","header_size":"h3","__globals__":{"title_color":"","typography_typography":""},"_margin":{"unit":"px","top":"0","right":"0","bottom":"0","left":"0","isLinked":false},"_margin_mobile":{"unit":"px","top":"0","right":"0","bottom":"0","left":"0","isLinked":false},"title_color":"#FCFCFC","eael_tooltip_section_content":"I am a tooltip","eael_ext_content_protection_password_placeholder":"Enter Password","eael_ext_content_protection_password_submit_btn_txt":"Submit","eael_ext_content_protection_password_incorrect_message":"Password does not match.","eael_cl_logics":[{"_id":"54d28ff"}],"align_mobile":"center","_padding_mobile":{"unit":"px","top":"0","right":"0","bottom":"0","left":"0","isLinked":false},"jedv_conditions":[{"_id":"e124f4b"}],"jet_tricks_widget_satellite_image":{"id":463,"url":"http:\/\/zrmweb.wireframe.dk\/wp-content\/uploads\/2023\/10\/placeholder-14.png"},"typography_typography":"custom","typography_font_family":"Montserrat","typography_font_weight":"600","typography_font_size":{"unit":"px","size":16,"sizes":[]},"align":"left","typography_font_size_mobile":{"unit":"px","size":12,"sizes":[]}},"elements":[],"isInner":false,"widgetType":"heading","elType":"widget"},{"id":"6d424431","settings":{"icon_list":[{"text":"Functionalites","selected_icon":{"value":"","library":""},"_id":"296987f","__dynamic__":[],"link":{"url":"https:\/\/playground.nicolaipalmkvist.com\/functionalities\/","is_external":"","nofollow":"","custom_attributes":""}},{"text":"Contact","selected_icon":{"value":"","library":""},"__dynamic__":[],"link":{"url":"https:\/\/playground.nicolaipalmkvist.com\/contact\/","is_external":"","nofollow":"","custom_attributes":""},"_id":"ee860b7"},{"text":"Dashboard with data management","selected_icon":{"value":"","library":""},"__dynamic__":[],"link":{"url":"https:\/\/playground.nicolaipalmkvist.com\/functionalities\/","is_external":"","nofollow":"","custom_attributes":""},"_id":"e581548"},{"text":"Mobile-friendly proposals","selected_icon":{"value":"","library":""},"__dynamic__":[],"link":{"url":"https:\/\/playground.nicolaipalmkvist.com\/functionalities\/","is_external":"","nofollow":"","custom_attributes":""},"_id":"b1a2e84"},{"text":"Easy editing","selected_icon":{"value":"","library":""},"__dynamic__":[],"link":{"url":"https:\/\/playground.nicolaipalmkvist.com\/functionalities\/","is_external":"","nofollow":"","custom_attributes":""},"_id":"1156d6a"}],"text_color":"#BCC4DC","eael_tooltip_section_content":"I am a tooltip","eael_ext_content_protection_password_placeholder":"Enter Password","eael_ext_content_protection_password_submit_btn_txt":"Submit","eael_ext_content_protection_password_incorrect_message":"Password does not match.","eael_cl_logics":[{"_id":"b90ebee"}],"space_between":{"unit":"px","size":10,"sizes":[]},"icon_align_mobile":"center","icon_align":"left","__globals__":{"text_color_hover":""},"_margin_mobile":{"unit":"px","top":"10","right":"0","bottom":"0","left":"0","isLinked":false},"_padding_mobile":{"unit":"px","top":"0","right":"0","bottom":"0","left":"0","isLinked":false},"jedv_conditions":[{"_id":"1f3eb35"}],"jet_tricks_widget_satellite_image":{"id":464,"url":"http:\/\/zrmweb.wireframe.dk\/wp-content\/uploads\/2023\/10\/placeholder-15.png"},"icon_typography_typography":"custom","icon_typography_font_family":"Montserrat","icon_typography_font_size":{"unit":"px","size":14,"sizes":[]},"icon_typography_font_weight":"400","text_color_hover":"#FCFCFC","text_color_hover_transition":{"unit":"s","size":0.2,"sizes":[]},"_margin":{"unit":"px","top":"20","right":"0","bottom":"0","left":"0","isLinked":false},"space_between_mobile":{"unit":"px","size":5,"sizes":[]},"icon_typography_font_size_mobile":{"unit":"px","size":12,"sizes":[]}},"elements":[],"isInner":false,"widgetType":"icon-list","elType":"widget"}],"isInner":true,"elType":"container"},{"id":"21a8a474","settings":{"_column_size":33,"width":{"size":"calc(100% \/ 3)","unit":"custom"},"width_tablet":{"size":50,"unit":"%"},"margin_mobile":{"unit":"px","top":"0","right":"0","bottom":"20","left":"0","isLinked":false},"padding":{"unit":"px","top":"0","right":"0","bottom":"0","left":"0","isLinked":false},"eael_cl_logics":[{"_id":"83e1e46"}],"margin":{"unit":"px","top":"0","right":"0","bottom":"0","left":"0","isLinked":false},"padding_mobile":{"unit":"px","top":"0","right":"0","bottom":"0","left":"0","isLinked":true},"jedv_conditions":[{"_id":"0470052"}],"content_width":"full","width_mobile":{"unit":"%","size":"","sizes":[]},"flex_justify_content":"space-between","flex_align_items":"flex-end","flex_gap":{"column":"0","row":"0","isLinked":true,"unit":"px","size":0},"jet_parallax_layout_list":[]},"elements":[{"id":"71454403","settings":{"content_width":"full","flex_direction":"column","flex_align_items":"flex-end","flex_gap":{"column":"0","row":"0","isLinked":true,"unit":"px","size":0},"margin":{"unit":"px","top":"0","right":"0","bottom":"0","left":"0","isLinked":false},"padding":{"unit":"px","top":"0","right":"0","bottom":"0","left":"0","isLinked":false},"jet_parallax_layout_list":[]},"elements":[{"id":"3cdc6cca","settings":{"title":"Send<span style=\"color: white;\">Proposal<\/span><span style=\"font-weight: 400;\">.dk<\/span>","align":"left","typography_typography":"custom","typography_font_family":"Montserrat","typography_font_size":{"unit":"px","size":16,"sizes":[]},"typography_font_weight":"700","_padding":{"unit":"px","top":"0","right":"0","bottom":"0","left":"0","isLinked":false},"__globals__":{"title_color":""},"header_size":"p","typography_line_height":{"unit":"em","size":1,"sizes":[]},"_margin":{"unit":"px","top":"0","right":"0","bottom":"0","left":"0","isLinked":false},"title_color":"#EFEFEF","align_mobile":"center","typography_font_size_mobile":{"unit":"px","size":12,"sizes":[]},"_flex_align_self_mobile":"center"},"elements":[],"isInner":false,"widgetType":"heading","elType":"widget"},{"id":"1283f10c","settings":{"icon_list":[{"text":"Terms & Conditions","selected_icon":{"value":"","library":""},"_id":"296987f","__dynamic__":[],"link":{"url":"#funktioner","is_external":"","nofollow":"","custom_attributes":""}},{"text":"Cookie & Privacy Policy","selected_icon":{"value":"","library":""},"__dynamic__":[],"link":{"url":"#priser","is_external":"","nofollow":"","custom_attributes":""},"_id":"ec77dbb"}],"text_color":"#BCC4DC","eael_tooltip_section_content":"I am a tooltip","eael_ext_content_protection_password_placeholder":"Enter Password","eael_ext_content_protection_password_submit_btn_txt":"Submit","eael_ext_content_protection_password_incorrect_message":"Password does not match.","eael_cl_logics":[{"_id":"b90ebee"}],"space_between":{"unit":"px","size":10,"sizes":[]},"icon_align_mobile":"center","icon_align":"right","__globals__":{"text_color_hover":""},"_margin_mobile":{"unit":"px","top":"10","right":"0","bottom":"0","left":"0","isLinked":false},"_padding_mobile":{"unit":"px","top":"0","right":"0","bottom":"0","left":"0","isLinked":false},"jedv_conditions":[{"_id":"1f3eb35"}],"jet_tricks_widget_satellite_image":{"id":464,"url":"http:\/\/zrmweb.wireframe.dk\/wp-content\/uploads\/2023\/10\/placeholder-15.png"},"icon_typography_typography":"custom","icon_typography_font_family":"Montserrat","icon_typography_font_size":{"unit":"px","size":14,"sizes":[]},"icon_typography_font_weight":"400","text_color_hover":"#FCFCFC","text_color_hover_transition":{"unit":"s","size":0.2,"sizes":[]},"_margin":{"unit":"px","top":"20","right":"0","bottom":"0","left":"0","isLinked":false},"space_between_mobile":{"unit":"px","size":5,"sizes":[]},"icon_typography_font_size_mobile":{"unit":"px","size":12,"sizes":[]},"_flex_align_self_mobile":"center"},"elements":[],"isInner":false,"widgetType":"icon-list","elType":"widget"}],"isInner":true,"elType":"container"},{"id":"2021f6e4","settings":{"content_width":"full","flex_direction":"column","flex_align_items":"flex-end","margin":{"unit":"px","top":"0","right":"0","bottom":"0","left":"0","isLinked":false},"padding":{"unit":"px","top":"0","right":"0","bottom":"0","left":"0","isLinked":false},"jet_parallax_layout_list":[],"margin_mobile":{"unit":"px","top":"20","right":"0","bottom":"0","left":"0","isLinked":false}},"elements":[{"id":"3fa8e1a4","settings":{"content_width":"full","margin":{"unit":"px","top":"0","right":"0","bottom":"0","left":"0","isLinked":false},"padding":{"unit":"px","top":"0","right":"14","bottom":"0","left":"25","isLinked":false},"jet_parallax_layout_list":[],"jedv_conditions":[{"_id":"9c539f2","jedv_condition":"greater-or-equal","jedv_value":"10","__dynamic__":{"jedv_field":"[elementor-tag id=\"d2350e9\" name=\"jet-query-count\" settings=\"%7B%22query_id%22%3A%2293%22%2C%22custom_format%22%3A%22Showing%20%5Bstart-item%5D-%5Bend-item%5D%20of%20%5Btotal%5D%20items%22%7D\"]"},"jedv_user_role":"","jedv_user_id":"","jedv_field":"","jedv_context":"default","fields_list":"","user_context":"current_user","value_is-profile-page":"","query_id":"","terms_taxonomy":"","time_from":"","time_to":"","week_days":[],"item_number":"","each_item_number":"","jedv_data_type":"chars"},{"_id":"308f71c","jedv_condition":"user-role","jedv_user_role":["gratis_bruger"],"jedv_user_id":"","jedv_field":"","jedv_value":"","jedv_context":"default","fields_list":"","user_context":"current_user","value_is-profile-page":"","query_id":"","terms_taxonomy":"","time_from":"","time_to":"","week_days":[],"item_number":"","each_item_number":"","jedv_data_type":"chars"}],"flex_justify_content":"space-between","border_border":"none","border_width":{"unit":"px","top":"1","right":"1","bottom":"1","left":"1","isLinked":true},"border_color":"#FFFFFF","border_radius":{"unit":"px","top":"20","right":"20","bottom":"20","left":"20","isLinked":true},"min_height":{"unit":"px","size":60,"sizes":[]},"flex_direction":"row","flex_align_items":"center","background_background":"classic","background_hover_background":"classic","section_jet_tricks_particles":"","__globals__":{"background_color":"","background_hover_color":""},"__dynamic__":[],"box_shadow_box_shadow_type":"yes","box_shadow_box_shadow":{"horizontal":0,"vertical":20,"blur":40,"spread":0,"color":"rgba(41.999999999999986, 58.99999999999994, 129, 0.1)"},"jedv_enabled":"yes","jedv_type":"hide","_title":"Nyt tilbud","overflow":"hidden","css_classes":"cta_white","section_jet_tricks_particles_json":"{\n  \"particles\": {\n    \"number\": {\n      \"value\": 70,\n      \"density\": {\n        \"enable\": false,\n        \"value_area\": 800\n      }\n    },\n    \"color\": {\n      \"value\": \"#488fff\"\n    },\n    \"shape\": {\n      \"type\": \"circle\",\n      \"stroke\": {\n        \"width\": 0,\n        \"color\": \"#000\"\n      },\n      \"polygon\": {\n        \"nb_sides\": 6\n      },\n      \"image\": {\n        \"src\": \"img\/github.svg\",\n        \"width\": 100,\n        \"height\": 100\n      }\n    },\n    \"opacity\": {\n      \"value\": 0.3,\n      \"random\": true,\n      \"anim\": {\n        \"enable\": false,\n        \"speed\": 1,\n        \"opacity_min\": 0.1,\n        \"sync\": false\n      }\n    },\n    \"size\": {\n      \"value\": 11.83721462448409,\n      \"random\": false,\n      \"anim\": {\n        \"enable\": true,\n        \"speed\": 9.59040959040959,\n        \"size_min\": 40,\n        \"sync\": false\n      }\n    },\n    \"line_linked\": {\n      \"enable\": false,\n      \"distance\": 200,\n      \"color\": \"#ffffff\",\n      \"opacity\": 1,\n      \"width\": 2\n    },\n    \"move\": {\n      \"enable\": true,\n      \"speed\": 8,\n      \"direction\": \"none\",\n      \"random\": false,\n      \"straight\": false,\n      \"out_mode\": \"out\",\n      \"bounce\": false,\n      \"attract\": {\n        \"enable\": false,\n        \"rotateX\": 600,\n        \"rotateY\": 1200\n      }\n    }\n  },\n  \"interactivity\": {\n    \"detect_on\": \"canvas\",\n    \"events\": {\n      \"onhover\": {\n        \"enable\": false,\n        \"mode\": \"grab\"\n      },\n      \"onclick\": {\n        \"enable\": false,\n        \"mode\": \"push\"\n      },\n      \"resize\": true\n    },\n    \"modes\": {\n      \"grab\": {\n        \"distance\": 400,\n        \"line_linked\": {\n          \"opacity\": 1\n        }\n      },\n      \"bubble\": {\n        \"distance\": 400,\n        \"size\": 40,\n        \"duration\": 2,\n        \"opacity\": 8,\n        \"speed\": 3\n      },\n      \"repulse\": {\n        \"distance\": 200,\n        \"duration\": 0.4\n      },\n      \"push\": {\n        \"particles_nb\": 4\n      },\n      \"remove\": {\n        \"particles_nb\": 2\n      }\n    }\n  },\n  \"retina_detect\": true\n}","custom_css":"\n\n\n.cta_white{\n    background: #fcfcfc;\n    transition: .2s ease;\n}\n\n.cta_white:hover{\n    background: #efefef;\n}\n\n","width":{"unit":"px","size":250,"sizes":[]},"flex_gap":{"column":"0","row":"0","isLinked":true,"unit":"px","size":0},"link":{"url":"https:\/\/app.sendproposal.dk","is_external":"","nofollow":"","custom_attributes":""},"_flex_align_self":"flex-end","jedv_relation":"AND","jet_tricks_column_sticky":"false","jet_tricks_top_spacing":50,"jet_tricks_bottom_spacing":50,"jet_tricks_sticky_align":"","jet_tricks_sticky_align_tablet":"","jet_tricks_sticky_align_mobile":"","jet_tricks_column_sticky_on":["desktop","tablet"],"min_height_mobile":{"unit":"px","size":40,"sizes":[]},"padding_mobile":{"unit":"px","top":"0","right":"15","bottom":"0","left":"15","isLinked":false}},"elements":[{"id":"468152f1","settings":{"title":"Follow us","title_color":"#000000","typography_typography":"custom","typography_font_family":"Montserrat","typography_font_size":{"unit":"px","size":14,"sizes":[]},"typography_font_weight":"600","jedv_conditions":[{"_id":"634a95f","jedv_condition":"","jedv_user_role":"","jedv_user_id":"","jedv_field":"","jedv_value":"","jedv_context":"default","fields_list":"","user_context":"current_user","value_is-profile-page":"","query_id":"","terms_taxonomy":"","time_from":"","time_to":"","week_days":[],"item_number":"","each_item_number":"","jedv_data_type":"chars"}],"typography_text_decoration":"none","jedv_enabled":"","jedv_type":"show","jedv_relation":"AND","jet_tricks_widget_parallax":"false","jet_tricks_widget_parallax_speed":{"unit":"%","size":50,"sizes":[]},"jet_tricks_widget_parallax_invert":"false","jet_tricks_widget_parallax_on":["desktop","tablet"],"jet_tricks_widget_satellite":"false","jet_tricks_widget_satellite_type":"text","jet_tricks_widget_satellite_text":"","selected_jet_tricks_widget_satellite_icon":{"value":"fas fa-plus","library":"fa-solid"},"jet_tricks_widget_satellite_image":{"url":"https:\/\/app.sendproposal.dk\/wp-content\/plugins\/elementor\/assets\/images\/placeholder.png","id":"","size":""},"jet_tricks_widget_satellite_position":"top-center","jet_tricks_widget_satellite_x_offset":{"unit":"px","size":0,"sizes":[]},"jet_tricks_widget_satellite_x_offset_tablet":{"unit":"px","size":"","sizes":[]},"jet_tricks_widget_satellite_x_offset_mobile":{"unit":"px","size":"","sizes":[]},"jet_tricks_widget_satellite_y_offset":{"unit":"px","size":0,"sizes":[]},"jet_tricks_widget_satellite_y_offset_tablet":{"unit":"px","size":"","sizes":[]},"jet_tricks_widget_satellite_y_offset_mobile":{"unit":"px","size":"","sizes":[]},"jet_tricks_widget_satellite_rotate":{"unit":"deg","size":0,"sizes":[]},"jet_tricks_widget_satellite_rotate_tablet":{"unit":"px","size":"","sizes":[]},"jet_tricks_widget_satellite_rotate_mobile":{"unit":"px","size":"","sizes":[]},"jet_tricks_widget_satellite_z":2,"jet_tricks_widget_satellite_z_tablet":"","jet_tricks_widget_satellite_z_mobile":"","jet_tricks_widget_satellite_text_color":"","jet_tricks_widget_satellite_text_typography_typography":"","jet_tricks_widget_satellite_text_typography_font_family":"","jet_tricks_widget_satellite_text_typography_font_size":{"unit":"px","size":"","sizes":[]},"jet_tricks_widget_satellite_text_typography_font_size_tablet":{"unit":"px","size":"","sizes":[]},"jet_tricks_widget_satellite_text_typography_font_size_mobile":{"unit":"px","size":"","sizes":[]},"jet_tricks_widget_satellite_text_typography_font_weight":"","jet_tricks_widget_satellite_text_typography_text_transform":"","jet_tricks_widget_satellite_text_typography_font_style":"","jet_tricks_widget_satellite_text_typography_text_decoration":"","jet_tricks_widget_satellite_text_typography_line_height":{"unit":"px","size":"","sizes":[]},"jet_tricks_widget_satellite_text_typography_line_height_tablet":{"unit":"em","size":"","sizes":[]},"jet_tricks_widget_satellite_text_typography_line_height_mobile":{"unit":"em","size":"","sizes":[]},"jet_tricks_widget_satellite_text_typography_letter_spacing":{"unit":"px","size":"","sizes":[]},"jet_tricks_widget_satellite_text_typography_letter_spacing_tablet":{"unit":"px","size":"","sizes":[]},"jet_tricks_widget_satellite_text_typography_letter_spacing_mobile":{"unit":"px","size":"","sizes":[]},"jet_tricks_widget_satellite_text_typography_word_spacing":{"unit":"px","size":"","sizes":[]},"jet_tricks_widget_satellite_text_typography_word_spacing_tablet":{"unit":"em","size":"","sizes":[]},"jet_tricks_widget_satellite_text_typography_word_spacing_mobile":{"unit":"em","size":"","sizes":[]},"jet_tricks_widget_satellite_text_shadow_text_shadow_type":"","jet_tricks_widget_satellite_text_shadow_text_shadow":{"horizontal":0,"vertical":0,"blur":10,"color":"rgba(0,0,0,0.3)"},"jet_tricks_widget_satellite_image_width":200,"jet_tricks_widget_satellite_image_width_tablet":"","jet_tricks_widget_satellite_image_width_mobile":"","jet_tricks_widget_satellite_image_height":200,"jet_tricks_widget_satellite_image_height_tablet":"","jet_tricks_widget_satellite_image_height_mobile":"","jet_tricks_widget_satellite_icon_box_popover_toggle":"","jet_tricks_widget_satellite_icon_box_background":"","jet_tricks_widget_satellite_icon_box_color":"","jet_tricks_widget_satellite_icon_box_color_stop":{"unit":"%","size":0,"sizes":[]},"jet_tricks_widget_satellite_icon_box_color_b":"#f2295b","jet_tricks_widget_satellite_icon_box_color_b_stop":{"unit":"%","size":100,"sizes":[]},"jet_tricks_widget_satellite_icon_box_gradient_type":"linear","jet_tricks_widget_satellite_icon_box_gradient_angle":{"unit":"deg","size":180,"sizes":[]},"jet_tricks_widget_satellite_icon_box_gradient_position":"center center","jet_tricks_widget_satellite_icon_box_box_font_color":"","jet_tricks_widget_satellite_icon_box_box_font_size":{"unit":"px","size":"","sizes":[]},"jet_tricks_widget_satellite_icon_box_box_font_size_tablet":{"unit":"px","size":"","sizes":[]},"jet_tricks_widget_satellite_icon_box_box_font_size_mobile":{"unit":"px","size":"","sizes":[]},"jet_tricks_widget_satellite_icon_box_box_size":{"unit":"px","size":"","sizes":[]},"jet_tricks_widget_satellite_icon_box_box_size_tablet":{"unit":"px","size":"","sizes":[]},"jet_tricks_widget_satellite_icon_box_box_size_mobile":{"unit":"px","size":"","sizes":[]},"jet_tricks_widget_satellite_icon_box_box_border":"","jet_tricks_widget_satellite_icon_box_box_border_width":{"unit":"px","top":"","right":"","bottom":"","left":"","isLinked":true},"jet_tricks_widget_satellite_icon_box_box_border_color":"","jet_tricks_widget_satellite_icon_box_box_border_radius":{"unit":"px","top":"","right":"","bottom":"","left":"","isLinked":true},"jet_tricks_widget_satellite_icon_box_allow_box_shadow":"","jet_tricks_widget_satellite_icon_box_box_shadow":{"horizontal":0,"vertical":0,"blur":10,"spread":0,"color":"rgba(0,0,0,0.5)"},"jet_tricks_widget_satellite_icon_box_box_shadow_position":" ","jet_tricks_widget_satellite_css_filters_css_filter":"","jet_tricks_widget_satellite_css_filters_blur":{"unit":"px","size":0,"sizes":[]},"jet_tricks_widget_satellite_css_filters_brightness":{"unit":"px","size":100,"sizes":[]},"jet_tricks_widget_satellite_css_filters_contrast":{"unit":"px","size":100,"sizes":[]},"jet_tricks_widget_satellite_css_filters_saturate":{"unit":"px","size":100,"sizes":[]},"jet_tricks_widget_satellite_css_filters_hue":{"unit":"px","size":0,"sizes":[]},"jet_tricks_widget_tooltip":"false","jet_tricks_widget_tooltip_description":"This is Tooltip!","jet_tricks_widget_tooltip_placement":"top","jet_tricks_widget_tooltip_arrow":"true","jet_tricks_widget_tooltip_animation":"fade","jet_tricks_widget_tooltip_trigger":"mouseenter","jet_tricks_widget_tooltip_delay":{"unit":"px","size":0,"sizes":[]},"jet_tricks_widget_tooltip_x_offset":0,"jet_tricks_widget_tooltip_y_offset":0,"jet_tricks_widget_tooltip_z_index":999,"jet_tricks_widget_tooltip_custom_selector":"","jet_tricks_widget_tooltip_width":{"unit":"px","size":"","sizes":[]},"jet_tricks_widget_tooltip_width_tablet":{"unit":"px","size":"","sizes":[]},"jet_tricks_widget_tooltip_width_mobile":{"unit":"px","size":"","sizes":[]},"jet_tricks_widget_tooltip_typography_typography":"","jet_tricks_widget_tooltip_typography_font_family":"","jet_tricks_widget_tooltip_typography_font_size":{"unit":"px","size":"","sizes":[]},"jet_tricks_widget_tooltip_typography_font_size_tablet":{"unit":"px","size":"","sizes":[]},"jet_tricks_widget_tooltip_typography_font_size_mobile":{"unit":"px","size":"","sizes":[]},"jet_tricks_widget_tooltip_typography_font_weight":"","jet_tricks_widget_tooltip_typography_text_transform":"","jet_tricks_widget_tooltip_typography_font_style":"","jet_tricks_widget_tooltip_typography_text_decoration":"","jet_tricks_widget_tooltip_typography_line_height":{"unit":"px","size":"","sizes":[]},"jet_tricks_widget_tooltip_typography_line_height_tablet":{"unit":"em","size":"","sizes":[]},"jet_tricks_widget_tooltip_typography_line_height_mobile":{"unit":"em","size":"","sizes":[]},"jet_tricks_widget_tooltip_typography_letter_spacing":{"unit":"px","size":"","sizes":[]},"jet_tricks_widget_tooltip_typography_letter_spacing_tablet":{"unit":"px","size":"","sizes":[]},"jet_tricks_widget_tooltip_typography_letter_spacing_mobile":{"unit":"px","size":"","sizes":[]},"jet_tricks_widget_tooltip_typography_word_spacing":{"unit":"px","size":"","sizes":[]},"jet_tricks_widget_tooltip_typography_word_spacing_tablet":{"unit":"em","size":"","sizes":[]},"jet_tricks_widget_tooltip_typography_word_spacing_mobile":{"unit":"em","size":"","sizes":[]},"jet_tricks_widget_tooltip_color":"","jet_tricks_widget_tooltip_text_align":"center","jet_tricks_widget_tooltip_background_background":"","jet_tricks_widget_tooltip_background_color":"","jet_tricks_widget_tooltip_background_color_stop":{"unit":"%","size":0,"sizes":[]},"jet_tricks_widget_tooltip_background_color_stop_tablet":{"unit":"%"},"jet_tricks_widget_tooltip_background_color_stop_mobile":{"unit":"%"},"jet_tricks_widget_tooltip_background_color_b":"#f2295b","jet_tricks_widget_tooltip_background_color_b_stop":{"unit":"%","size":100,"sizes":[]},"jet_tricks_widget_tooltip_background_color_b_stop_tablet":{"unit":"%"},"jet_tricks_widget_tooltip_background_color_b_stop_mobile":{"unit":"%"},"jet_tricks_widget_tooltip_background_gradient_type":"linear","jet_tricks_widget_tooltip_background_gradient_angle":{"unit":"deg","size":180,"sizes":[]},"jet_tricks_widget_tooltip_background_gradient_angle_tablet":{"unit":"deg"},"jet_tricks_widget_tooltip_background_gradient_angle_mobile":{"unit":"deg"},"jet_tricks_widget_tooltip_background_gradient_position":"center center","jet_tricks_widget_tooltip_background_gradient_position_tablet":"","jet_tricks_widget_tooltip_background_gradient_position_mobile":"","jet_tricks_widget_tooltip_background_image":{"url":"","id":"","size":""},"jet_tricks_widget_tooltip_background_image_tablet":{"url":"","id":"","size":""},"jet_tricks_widget_tooltip_background_image_mobile":{"url":"","id":"","size":""},"jet_tricks_widget_tooltip_background_position":"","jet_tricks_widget_tooltip_background_position_tablet":"","jet_tricks_widget_tooltip_background_position_mobile":"","jet_tricks_widget_tooltip_background_xpos":{"unit":"px","size":0,"sizes":[]},"jet_tricks_widget_tooltip_background_xpos_tablet":{"unit":"px","size":0,"sizes":[]},"jet_tricks_widget_tooltip_background_xpos_mobile":{"unit":"px","size":0,"sizes":[]},"jet_tricks_widget_tooltip_background_ypos":{"unit":"px","size":0,"sizes":[]},"jet_tricks_widget_tooltip_background_ypos_tablet":{"unit":"px","size":0,"sizes":[]},"jet_tricks_widget_tooltip_background_ypos_mobile":{"unit":"px","size":0,"sizes":[]},"jet_tricks_widget_tooltip_background_attachment":"","jet_tricks_widget_tooltip_background_repeat":"","jet_tricks_widget_tooltip_background_repeat_tablet":"","jet_tricks_widget_tooltip_background_repeat_mobile":"","jet_tricks_widget_tooltip_background_size":"","jet_tricks_widget_tooltip_background_size_tablet":"","jet_tricks_widget_tooltip_background_size_mobile":"","jet_tricks_widget_tooltip_background_bg_width":{"unit":"%","size":100,"sizes":[]},"jet_tricks_widget_tooltip_background_bg_width_tablet":{"unit":"px","size":"","sizes":[]},"jet_tricks_widget_tooltip_background_bg_width_mobile":{"unit":"px","size":"","sizes":[]},"jet_tricks_widget_tooltip_background_video_link":"","jet_tricks_widget_tooltip_background_video_start":"","jet_tricks_widget_tooltip_background_video_end":"","jet_tricks_widget_tooltip_background_play_once":"","jet_tricks_widget_tooltip_background_play_on_mobile":"","jet_tricks_widget_tooltip_background_privacy_mode":"","jet_tricks_widget_tooltip_background_video_fallback":{"url":"","id":"","size":""},"jet_tricks_widget_tooltip_background_slideshow_gallery":[],"jet_tricks_widget_tooltip_background_slideshow_loop":"yes","jet_tricks_widget_tooltip_background_slideshow_slide_duration":5000,"jet_tricks_widget_tooltip_background_slideshow_slide_transition":"fade","jet_tricks_widget_tooltip_background_slideshow_transition_duration":500,"jet_tricks_widget_tooltip_background_slideshow_background_size":"","jet_tricks_widget_tooltip_background_slideshow_background_size_tablet":"","jet_tricks_widget_tooltip_background_slideshow_background_size_mobile":"","jet_tricks_widget_tooltip_background_slideshow_background_position":"","jet_tricks_widget_tooltip_background_slideshow_background_position_tablet":"","jet_tricks_widget_tooltip_background_slideshow_background_position_mobile":"","jet_tricks_widget_tooltip_background_slideshow_lazyload":"","jet_tricks_widget_tooltip_background_slideshow_ken_burns":"","jet_tricks_widget_tooltip_background_slideshow_ken_burns_zoom_direction":"in","jet_tricks_widget_tooltip_arrow_color":"","jet_tricks_widget_tooltip_padding":{"unit":"px","top":"","right":"","bottom":"","left":"","isLinked":true},"jet_tricks_widget_tooltip_padding_tablet":{"unit":"px","top":"","right":"","bottom":"","left":"","isLinked":true},"jet_tricks_widget_tooltip_padding_mobile":{"unit":"px","top":"","right":"","bottom":"","left":"","isLinked":true},"jet_tricks_widget_tooltip_border_border":"","jet_tricks_widget_tooltip_border_width":{"unit":"px","top":"","right":"","bottom":"","left":"","isLinked":true},"jet_tricks_widget_tooltip_border_width_tablet":{"unit":"px","top":"","right":"","bottom":"","left":"","isLinked":true},"jet_tricks_widget_tooltip_border_width_mobile":{"unit":"px","top":"","right":"","bottom":"","left":"","isLinked":true},"jet_tricks_widget_tooltip_border_color":"","jet_tricks_widget_tooltip_border_radius":{"unit":"px","top":"","right":"","bottom":"","left":"","isLinked":true},"jet_tricks_widget_tooltip_border_radius_tablet":{"unit":"px","top":"","right":"","bottom":"","left":"","isLinked":true},"jet_tricks_widget_tooltip_border_radius_mobile":{"unit":"px","top":"","right":"","bottom":"","left":"","isLinked":true},"jet_tricks_widget_tooltip_box_shadow_box_shadow_type":"","jet_tricks_widget_tooltip_box_shadow_box_shadow":{"horizontal":0,"vertical":0,"blur":10,"spread":0,"color":"rgba(0,0,0,0.5)"},"jet_tricks_widget_tooltip_box_shadow_box_shadow_position":" ","jet_engine_dynamic_popup":"","jet_sm_skin":"","typography_font_size_mobile":{"unit":"px","size":12,"sizes":[]}},"elements":[],"isInner":false,"widgetType":"heading","elType":"widget"},{"id":"673e1595","settings":{"view":"inline","icon_list":[{"text":"","selected_icon":{"value":"fab fa-x-twitter","library":"fa-brands"},"_id":"6473a05","link":{"url":"#","is_external":"","nofollow":"","custom_attributes":""}},{"text":"","selected_icon":{"value":"fab fa-facebook","library":"fa-brands"},"link":{"url":"#","is_external":"","nofollow":"","custom_attributes":""},"_id":"fd89af2"},{"text":"","selected_icon":{"value":"fab fa-linkedin-in","library":"fa-brands"},"link":{"url":"#","is_external":"","nofollow":"","custom_attributes":""},"_id":"015fc09"}],"_padding":{"unit":"px","top":"0","right":"0","bottom":"0","left":"15","isLinked":false},"_border_border":"solid","_border_width":{"unit":"px","top":"0","right":"0","bottom":"0","left":"1","isLinked":false},"_border_color":"#EFEFEF","icon_size_mobile":{"unit":"px","size":12,"sizes":[]}},"elements":[],"isInner":false,"widgetType":"icon-list","elType":"widget"}],"isInner":true,"elType":"container"}],"isInner":true,"elType":"container"}],"isInner":true,"elType":"container"}],"isInner":true,"elType":"container"}],"isInner":false,"elType":"container"},{"id":"fa34a66","settings":{"boxed_width":{"unit":"px","size":1200,"sizes":[]},"flex_gap":{"size":0,"column":"0","row":"0","unit":"px","isLinked":true},"structure":"20","background_background":"classic","border_border":"none","border_width":{"unit":"px","top":"1","right":"0","bottom":"0","left":"0","isLinked":false},"border_color":"#F0EBE124","padding":{"unit":"px","top":"20","right":"10","bottom":"20","left":"10","isLinked":false},"padding_tablet":{"unit":"px","top":"20","right":"20","bottom":"20","left":"20","isLinked":false},"__globals__":{"border_color":"","background_color":""},"eael_parallax_layers_list":[],"eael_cl_logics":[{"_id":"12e724b"}],"jet_parallax_layout_list":[],"jedv_conditions":[{"_id":"5973584"}],"background_color_stop":{"unit":"%","size":100,"sizes":[]},"background_color_b":"#2A3B81","background_gradient_angle":{"unit":"deg","size":295,"sizes":[]},"flex_direction":"row","flex_align_items":"stretch","background_color":"#1D2A61"},"elements":[{"id":"648f43b4","settings":{"_column_size":50,"width":{"size":30,"unit":"%"},"flex_justify_content":"center","align":"flex-start","content_width":"full","margin":{"unit":"px","top":"0","right":"0","bottom":"0","left":"0","isLinked":false},"padding":{"unit":"px","top":"0","right":"0","bottom":"0","left":"0","isLinked":false},"jet_parallax_layout_list":[]},"elements":[{"id":"fed6209","settings":{"editor":"<p>Developed with \u2764\ufe0f<\/p>","text_color":"#FFFFFF","typography_typography":"custom","typography_font_family":"Montserrat","typography_font_size":{"unit":"px","size":12,"sizes":[]},"typography_font_weight":"400","_margin":{"unit":"px","top":"0","right":"0","bottom":"0","left":"0","isLinked":false},"typography_line_height":{"unit":"em","size":1.5,"sizes":[]},"align_mobile":"center"},"elements":[],"isInner":false,"widgetType":"text-editor","elType":"widget"}],"isInner":true,"elType":"container"},{"id":"5396d1f5","settings":{"_column_size":50,"width":{"size":70,"unit":"%"},"flex_justify_content":"center","eael_cl_logics":[{"_id":"63cf5b9"}],"margin_mobile":{"unit":"px","top":"0","right":"0","bottom":"0","left":"0","isLinked":false},"padding_mobile":{"unit":"px","top":"0","right":"0","bottom":"0","left":"0","isLinked":false},"jedv_conditions":[{"_id":"d8fb8ba"}],"content_width":"full","margin":{"unit":"px","top":"0","right":"0","bottom":"0","left":"0","isLinked":false},"padding":{"unit":"px","top":"0","right":"0","bottom":"0","left":"0","isLinked":false},"jet_parallax_layout_list":[]},"elements":[{"id":"32d3838b","settings":{"view":"inline","icon_list":[{"text":"Hello@sendproposal.com","selected_icon":{"value":"","library":""},"_id":"296987f","link":{"url":"mailto:kontakt@sendproposal.dk","is_external":"","nofollow":"","custom_attributes":""}},{"text":"+(123) 45 22 70 2190","selected_icon":{"value":"","library":""},"_id":"93397a9","link":{"url":"tel:28702190","is_external":"","nofollow":"","custom_attributes":""}},{"text":"\u00a9 2024 Sendproposal. All rights reserved. \u200b","selected_icon":{"value":"","library":""},"_id":"b9d627e","__dynamic__":{"text":"[elementor-tag id=\"8bd6da8\" name=\"current-date-time\" settings=\"%7B%22date_format%22%3A%22custom%22%2C%22custom_format%22%3A%22Y%22%2C%22before%22%3A%22%C2%A9%20%22%2C%22after%22%3A%22%20Sendproposal.%20All%20rights%20reserved.%20%E2%80%8B%22%7D\"]"}}],"text_color":"#FFFFFF","_margin":{"unit":"px","top":"0","right":"0","bottom":"0","left":"0","isLinked":false},"_padding":{"unit":"px","top":"0","right":"0","bottom":"0","left":"0","isLinked":false},"eael_tooltip_section_content":"I am a tooltip","eael_ext_content_protection_password_placeholder":"Enter Password","eael_ext_content_protection_password_submit_btn_txt":"Submit","eael_ext_content_protection_password_incorrect_message":"Password does not match.","eael_cl_logics":[{"_id":"b90ebee"}],"divider":"yes","divider_height":{"unit":"%","size":50,"sizes":[]},"icon_align_mobile":"center","_padding_mobile":{"unit":"px","top":"15","right":"10","bottom":"0","left":"10","isLinked":false},"__globals__":{"text_color_hover":""},"icon_align_tablet":"center","jedv_conditions":[{"_id":"cf0c094"}],"jet_tricks_widget_satellite_image":{"id":471,"url":"http:\/\/zrmweb.wireframe.dk\/wp-content\/uploads\/2023\/10\/placeholder-21.png"},"space_between":{"unit":"px","size":30,"sizes":[]},"icon_align":"right","icon_typography_typography":"custom","icon_typography_font_family":"Montserrat","icon_typography_font_size":{"unit":"px","size":12,"sizes":[]},"icon_typography_font_weight":"400","_element_width":"inherit","_element_custom_width":{"unit":"%","size":95.5},"icon_typography_line_height":{"unit":"em","size":1.5,"sizes":[]}},"elements":[],"isInner":false,"widgetType":"icon-list","elType":"widget"}],"isInner":true,"elType":"container"}],"isInner":false,"elType":"container"}],"settings":[],"metadata":[]}